Fraud_Type,Guard_ID,Risk_Level
Fake Attendance,G105,High
Fake Attendance,G265,High
Fake Attendance,G19,High
Fake Attendance,G461,High
Fake Attendance,G160,High
Fake Attendance,G279,High
Fake Attendance,G63,High
Fake Attendance,G227,High
Fake Attendance,G364,High
Fake Attendance,G413,High
Fake Attendance,G62,High
Fake Attendance,G27,High
Fake Attendance,G112,High
Fake Attendance,G430,High
Fake Attendance,G450,High
Fake Attendance,G56,High
Fake Attendance,G87,High
Fake Attendance,G258,High
Fake Attendance,G183,High
Fake Attendance,G138,High
Fake Attendance,G438,High
Fake Attendance,G114,High
Fake Attendance,G159,High
Fake Attendance,G249,High
Fake Attendance,G500,High
Fake Attendance,G143,High
Fake Attendance,G92,High
Fake Attendance,G463,High
Fake Attendance,G299,High
Fake Attendance,G306,High
Fake Attendance,G423,High
Fake Attendance,G335,High
Fake Attendance,G38,High
Fake Attendance,G404,High
Fake Attendance,G313,High
Fake Attendance,G374,High
Fake Attendance,G211,High
Fake Attendance,G200,High
Fake Attendance,G430,High
Fake Attendance,G486,High
Fake Attendance,G254,High
Fake Attendance,G191,High
Fake Attendance,G268,High
Fake Attendance,G262,High
Fake Attendance,G186,High
Fake Attendance,G305,High
Fake Attendance,G65,High
Fake Attendance,G221,High
Fake Attendance,G33,High
Fake Attendance,G68,High
Fake Attendance,G498,High
Fake Attendance,G355,High
Fake Attendance,G211,High
Fake Attendance,G402,High
Fake Attendance,G306,High
Fake Attendance,G250,High
Fake Attendance,G425,High
Fake Attendance,G82,High
Fake Attendance,G151,High
Fake Attendance,G335,High
Fake Attendance,G29,High
Fake Attendance,G281,High
Fake Attendance,G166,High
Fake Attendance,G284,High
Fake Attendance,G185,High
Fake Attendance,G91,High
Fake Attendance,G333,High
Fake Attendance,G98,High
Fake Attendance,G375,High
Fake Attendance,G246,High
Fake Attendance,G453,High
Fake Attendance,G477,High
Fake Attendance,G481,High
Fake Attendance,G362,High
Fake Attendance,G52,High
Fake Attendance,G362,High
Fake Attendance,G135,High
Fake Attendance,G43,High
Fake Attendance,G349,High
Fake Attendance,G88,High
Fake Attendance,G240,High
Fake Attendance,G237,High
Fake Attendance,G120,High
Fake Attendance,G267,High
Fake Attendance,G333,High
Fake Attendance,G87,High
Fake Attendance,G473,High
Fake Attendance,G29,High
Fake Attendance,G356,High
Fake Attendance,G242,High
Fake Attendance,G105,High
Fake Attendance,G499,High
Fake Attendance,G103,High
Fake Attendance,G329,High
Fake Attendance,G19,High
Fake Attendance,G270,High
Fake Attendance,G198,High
Fake Attendance,G46,High
Fake Attendance,G246,High
Fake Attendance,G264,High
Fake Attendance,G30,High
Fake Attendance,G371,High
Fake Attendance,G4,High
Fake Attendance,G430,High
Fake Attendance,G393,High
Fake Attendance,G389,High
Fake Attendance,G19,High
Fake Attendance,G149,High
Fake Attendance,G292,High
Fake Attendance,G393,High
Fake Attendance,G25,High
Fake Attendance,G444,High
Fake Attendance,G55,High
Fake Attendance,G333,High
Fake Attendance,G30,High
Fake Attendance,G487,High
Fake Attendance,G8,High
Fake Attendance,G361,High
Fake Attendance,G87,High
Fake Attendance,G325,High
Fake Attendance,G491,High
Fake Attendance,G65,High
Fake Attendance,G496,High
Fake Attendance,G364,High
Fake Attendance,G175,High
Fake Attendance,G480,High
Fake Attendance,G486,High
Fake Attendance,G173,High
Fake Attendance,G268,High
Fake Attendance,G112,High
Fake Attendance,G155,High
Fake Attendance,G265,High
Fake Attendance,G222,High
Fake Attendance,G45,High
Fake Attendance,G312,High
Fake Attendance,G232,High
Fake Attendance,G443,High
Fake Attendance,G36,High
Fake Attendance,G192,High
Fake Attendance,G432,High
Fake Attendance,G195,High
Fake Attendance,G364,High
Fake Attendance,G210,High
Fake Attendance,G168,High
Fake Attendance,G205,High
Fake Attendance,G393,High
Fake Attendance,G350,High
Fake Attendance,G398,High
Fake Attendance,G194,High
Fake Attendance,G92,High
Fake Attendance,G195,High
Fake Attendance,G176,High
Fake Attendance,G377,High
Fake Attendance,G366,High
Fake Attendance,G149,High
Fake Attendance,G417,High
Fake Attendance,G166,High
Fake Attendance,G4,High
Fake Attendance,G219,High
Fake Attendance,G344,High
Fake Attendance,G310,High
Fake Attendance,G302,High
Fake Attendance,G413,High
Fake Attendance,G74,High
Fake Attendance,G324,High
Fake Attendance,G251,High
Fake Attendance,G36,High
Fake Attendance,G474,High
Fake Attendance,G124,High
Fake Attendance,G103,High
Fake Attendance,G34,High
Fake Attendance,G8,High
Fake Attendance,G476,High
Fake Attendance,G498,High
Fake Attendance,G119,High
Fake Attendance,G271,High
Fake Attendance,G212,High
Fake Attendance,G358,High
Fake Attendance,G423,High
Fake Attendance,G293,High
Fake Attendance,G371,High
Fake Attendance,G140,High
Fake Attendance,G91,High
Fake Attendance,G258,High
Fake Attendance,G18,High
Fake Attendance,G204,High
Fake Attendance,G95,High
Fake Attendance,G335,High
Fake Attendance,G98,High
Fake Attendance,G242,High
Fake Attendance,G499,High
Fake Attendance,G375,High
Fake Attendance,G492,High
Fake Attendance,G277,High
Fake Attendance,G386,High
Fake Attendance,G174,High
Fake Attendance,G33,High
Fake Attendance,G320,High
Fake Attendance,G100,High
Fake Attendance,G189,High
Fake Attendance,G159,High
Fake Attendance,G304,High
Fake Attendance,G36,High
Fake Attendance,G33,High
Fake Attendance,G23,High
Fake Attendance,G341,High
Fake Attendance,G11,High
Fake Attendance,G79,High
Fake Attendance,G4,High
Fake Attendance,G73,High
Fake Attendance,G217,High
Fake Attendance,G176,High
Fake Attendance,G171,High
Fake Attendance,G417,High
Fake Attendance,G313,High
Fake Attendance,G18,High
Fake Attendance,G48,High
Fake Attendance,G160,High
Fake Attendance,G34,High
Fake Attendance,G33,High
Fake Attendance,G122,High
Fake Attendance,G450,High
Fake Attendance,G492,High
Fake Attendance,G3,High
Fake Attendance,G213,High
Fake Attendance,G366,High
Fake Attendance,G295,High
Fake Attendance,G308,High
Fake Attendance,G87,High
Fake Attendance,G445,High
Fake Attendance,G140,High
Fake Attendance,G261,High
Fake Attendance,G195,High
Fake Attendance,G325,High
Fake Attendance,G95,High
Fake Attendance,G77,High
Fake Attendance,G316,High
Fake Attendance,G242,High
Fake Attendance,G138,High
Fake Attendance,G186,High
Fake Attendance,G47,High
Fake Attendance,G425,High
Fake Attendance,G370,High
Fake Attendance,G113,High
Fake Attendance,G69,High
Fake Attendance,G174,High
Fake Attendance,G138,High
Fake Attendance,G228,High
Fake Attendance,G438,High
Fake Attendance,G173,High
Fake Attendance,G473,High
Fake Attendance,G419,High
Fake Attendance,G198,High
Fake Attendance,G100,High
Fake Attendance,G426,High
Fake Attendance,G376,High
Fake Attendance,G85,High
Fake Attendance,G208,High
Fake Attendance,G183,High
Fake Attendance,G128,High
Fake Attendance,G499,High
Fake Attendance,G398,High
Fake Attendance,G346,High
Fake Attendance,G185,High
Fake Attendance,G62,High
Fake Attendance,G61,High
Fake Attendance,G72,High
Fake Attendance,G174,High
Fake Attendance,G397,High
Fake Attendance,G151,High
Fake Attendance,G133,High
Fake Attendance,G428,High
Fake Attendance,G499,High
Fake Attendance,G351,High
Fake Attendance,G227,High
Fake Attendance,G138,High
Fake Attendance,G381,High
Fake Attendance,G423,High
Fake Attendance,G48,High
Fake Attendance,G156,High
Fake Attendance,G310,High
Fake Attendance,G135,High
Fake Attendance,G105,High
Fake Attendance,G69,High
Fake Attendance,G153,High
Fake Attendance,G7,High
Fake Attendance,G454,High
Fake Attendance,G477,High
Fake Attendance,G329,High
Fake Attendance,G487,High
Fake Attendance,G113,High
Fake Attendance,G233,High
Fake Attendance,G100,High
Fake Attendance,G259,High
Fake Attendance,G105,High
Fake Attendance,G213,High
Fake Attendance,G200,High
Fake Attendance,G192,High
Fake Attendance,G351,High
Fake Attendance,G314,High
Fake Attendance,G124,High
Fake Attendance,G73,High
Fake Attendance,G304,High
Fake Attendance,G276,High
Fake Attendance,G228,High
Fake Attendance,G34,High
Fake Attendance,G72,High
Fake Attendance,G473,High
Fake Attendance,G215,High
Fake Attendance,G128,High
Fake Attendance,G100,High
Fake Attendance,G439,High
Fake Attendance,G138,High
Fake Attendance,G364,High
Fake Attendance,G48,High
Fake Attendance,G417,High
Fake Attendance,G350,High
Fake Attendance,G103,High
Fake Attendance,G485,High
Fake Attendance,G229,High
Fake Attendance,G88,High
Fake Attendance,G413,High
Fake Attendance,G195,High
Fake Attendance,G29,High
Fake Attendance,G152,High
Fake Attendance,G25,High
Fake Attendance,G428,High
Fake Attendance,G292,High
Fake Attendance,G235,High
Fake Attendance,G195,High
Fake Attendance,G170,High
Fake Attendance,G389,High
Fake Attendance,G473,High
Fake Attendance,G301,High
Fake Attendance,G152,High
Fake Attendance,G374,High
Fake Attendance,G214,High
Fake Attendance,G413,High
Fake Attendance,G169,High
Fake Attendance,G84,High
Fake Attendance,G319,High
Fake Attendance,G98,High
Fake Attendance,G98,High
Fake Attendance,G37,High
Fake Attendance,G125,High
Fake Attendance,G200,High
Fake Attendance,G451,High
Fake Attendance,G73,High
Fake Attendance,G322,High
Fake Attendance,G149,High
Fake Attendance,G491,High
Fake Attendance,G182,High
Fake Attendance,G127,High
Fake Attendance,G88,High
Fake Attendance,G219,High
Fake Attendance,G437,High
Fake Attendance,G319,High
Fake Attendance,G460,High
Fake Attendance,G481,High
Fake Attendance,G254,High
Fake Attendance,G484,High
Fake Attendance,G456,High
Fake Attendance,G259,High
Fake Attendance,G397,High
Fake Attendance,G352,High
Fake Attendance,G326,High
Fake Attendance,G324,High
Fake Attendance,G372,High
Fake Attendance,G417,High
Fake Attendance,G73,High
Fake Attendance,G82,High
Fake Attendance,G244,High
Fake Attendance,G26,High
Fake Attendance,G109,High
Fake Attendance,G324,High
Fake Attendance,G195,High
Fake Attendance,G104,High
Fake Attendance,G369,High
Fake Attendance,G303,High
Fake Attendance,G183,High
Fake Attendance,G48,High
Fake Attendance,G244,High
Fake Attendance,G128,High
Fake Attendance,G132,High
Fake Attendance,G431,High
Fake Attendance,G304,High
Fake Attendance,G372,High
Fake Attendance,G105,High
Fake Attendance,G335,High
Fake Attendance,G325,High
Fake Attendance,G397,High
Fake Attendance,G382,High
Fake Attendance,G324,High
Fake Attendance,G33,High
Fake Attendance,G166,High
Fake Attendance,G432,High
Fake Attendance,G295,High
Fake Attendance,G472,High
Fake Attendance,G16,High
Fake Attendance,G458,High
Fake Attendance,G499,High
Fake Attendance,G174,High
Fake Attendance,G418,High
Fake Attendance,G367,High
Fake Attendance,G276,High
Fake Attendance,G93,High
Fake Attendance,G455,High
Fake Attendance,G358,High
Fake Attendance,G264,High
Fake Attendance,G404,High
Fake Attendance,G269,High
Fake Attendance,G267,High
Fake Attendance,G482,High
Fake Attendance,G27,High
Fake Attendance,G401,High
Fake Attendance,G417,High
Fake Attendance,G210,High
Fake Attendance,G294,High
Fake Attendance,G203,High
Fake Attendance,G128,High
Fake Attendance,G173,High
Fake Attendance,G348,High
Fake Attendance,G153,High
Fake Attendance,G324,High
Fake Attendance,G490,High
Fake Attendance,G410,High
Fake Attendance,G473,High
Fake Attendance,G460,High
Fake Attendance,G160,High
Fake Attendance,G420,High
Fake Attendance,G256,High
Fake Attendance,G232,High
Fake Attendance,G132,High
Fake Attendance,G365,High
Fake Attendance,G25,High
Fake Attendance,G331,High
Fake Attendance,G477,High
Fake Attendance,G358,High
Fake Attendance,G64,High
Fake Attendance,G325,High
Fake Attendance,G421,High
Fake Attendance,G64,High
Fake Attendance,G310,High
Fake Attendance,G320,High
Fake Attendance,G61,High
Fake Attendance,G44,High
Fake Attendance,G30,High
Fake Attendance,G469,High
Fake Attendance,G199,High
Fake Attendance,G315,High
Fake Attendance,G248,High
Fake Attendance,G333,High
Fake Attendance,G180,High
Fake Attendance,G22,High
Fake Attendance,G346,High
Fake Attendance,G69,High
Fake Attendance,G11,High
Fake Attendance,G319,High
Fake Attendance,G88,High
Fake Attendance,G252,High
Fake Attendance,G95,High
Fake Attendance,G390,High
Fake Attendance,G120,High
Fake Attendance,G52,High
Fake Attendance,G160,High
Fake Attendance,G322,High
Fake Attendance,G470,High
Fake Attendance,G57,High
Fake Attendance,G104,High
Fake Attendance,G198,High
Fake Attendance,G233,High
Fake Attendance,G60,High
Fake Attendance,G440,High
Fake Attendance,G382,High
Fake Attendance,G424,High
Fake Attendance,G73,High
Fake Attendance,G331,High
Fake Attendance,G211,High
Fake Attendance,G232,High
Fake Attendance,G147,High
Fake Attendance,G460,High
Fake Attendance,G479,High
Fake Attendance,G237,High
Fake Attendance,G430,High
Fake Attendance,G431,High
Fake Attendance,G372,High
Fake Attendance,G105,High
Fake Attendance,G199,High
Fake Attendance,G107,High
Fake Attendance,G30,High
Fake Attendance,G367,High
Fake Attendance,G92,High
Fake Attendance,G129,High
Fake Attendance,G433,High
Fake Attendance,G453,High
Fake Attendance,G495,High
Fake Attendance,G376,High
Fake Attendance,G273,High
Fake Attendance,G266,High
Fake Attendance,G149,High
Fake Attendance,G160,High
Fake Attendance,G379,High
Fake Attendance,G88,High
Fake Attendance,G60,High
Fake Attendance,G295,High
Fake Attendance,G127,High
Fake Attendance,G200,High
Fake Attendance,G319,High
Fake Attendance,G60,High
Fake Attendance,G18,High
Fake Attendance,G151,High
Fake Attendance,G71,High
Fake Attendance,G174,High
Fake Attendance,G382,High
Fake Attendance,G325,High
Fake Attendance,G27,High
Fake Attendance,G322,High
Fake Attendance,G85,High
Fake Attendance,G71,High
Fake Attendance,G386,High
Fake Attendance,G122,High
Fake Attendance,G183,High
Fake Attendance,G27,High
Fake Attendance,G213,High
Fake Attendance,G36,High
Fake Attendance,G281,High
Fake Attendance,G112,High
Fake Attendance,G196,High
Fake Attendance,G497,High
Fake Attendance,G266,High
Fake Attendance,G114,High
Fake Attendance,G393,High
Fake Attendance,G460,High
Fake Attendance,G233,High
Fake Attendance,G328,High
Fake Attendance,G411,High
Fake Attendance,G271,High
Fake Attendance,G149,High
Fake Attendance,G90,High
Fake Attendance,G385,High
Fake Attendance,G214,High
Fake Attendance,G77,High
Fake Attendance,G33,High
Fake Attendance,G129,High
Fake Attendance,G455,High
Fake Attendance,G161,High
Fake Attendance,G370,High
Fake Attendance,G333,High
Fake Attendance,G464,High
Fake Attendance,G105,High
Fake Attendance,G22,High
Fake Attendance,G122,High
Fake Attendance,G329,High
Fake Attendance,G496,High
Fake Attendance,G7,High
Fake Attendance,G425,High
Fake Attendance,G122,High
Fake Attendance,G22,High
Fake Attendance,G333,High
Fake Attendance,G250,High
Fake Attendance,G5,High
Fake Attendance,G19,High
Fake Attendance,G251,High
Fake Attendance,G107,High
Fake Attendance,G481,High
Fake Attendance,G27,High
Fake Attendance,G139,High
Fake Attendance,G144,High
Fake Attendance,G377,High
Fake Attendance,G325,High
Fake Attendance,G333,High
Fake Attendance,G258,High
Fake Attendance,G175,High
Fake Attendance,G182,High
Fake Attendance,G428,High
Fake Attendance,G373,High
Fake Attendance,G470,High
Fake Attendance,G454,High
Fake Attendance,G2,High
Fake Attendance,G1,High
Fake Attendance,G351,High
Fake Attendance,G147,High
Fake Attendance,G275,High
Fake Attendance,G82,High
Fake Attendance,G352,High
Fake Attendance,G371,High
Fake Attendance,G169,High
Fake Attendance,G450,High
Fake Attendance,G429,High
Fake Attendance,G125,High
Fake Attendance,G61,High
Fake Attendance,G324,High
Fake Attendance,G170,High
Fake Attendance,G207,High
Fake Attendance,G159,High
Fake Attendance,G280,High
Fake Attendance,G402,High
Fake Attendance,G158,High
Fake Attendance,G319,High
Fake Attendance,G91,High
Fake Attendance,G377,High
Fake Attendance,G295,High
Fake Attendance,G267,High
Fake Attendance,G191,High
Fake Attendance,G497,High
Fake Attendance,G348,High
Fake Attendance,G498,High
Fake Attendance,G420,High
Fake Attendance,G258,High
Fake Attendance,G79,High
Fake Attendance,G176,High
Fake Attendance,G188,High
Fake Attendance,G465,High
Fake Attendance,G306,High
Fake Attendance,G336,High
Fake Attendance,G62,High
Fake Attendance,G57,High
Fake Attendance,G208,High
Fake Attendance,G352,High
Fake Attendance,G340,High
Fake Attendance,G38,High
Fake Attendance,G432,High
Fake Attendance,G264,High
Fake Attendance,G461,High
Fake Attendance,G73,High
Fake Attendance,G449,High
Fake Attendance,G383,High
Fake Attendance,G355,High
Fake Attendance,G200,High
Fake Attendance,G255,High
Fake Attendance,G13,High
Fake Attendance,G146,High
Fake Attendance,G270,High
Fake Attendance,G19,High
Fake Attendance,G274,High
Fake Attendance,G135,High
Fake Attendance,G175,High
Fake Attendance,G266,High
Fake Attendance,G98,High
Fake Attendance,G317,High
Fake Attendance,G384,High
Fake Attendance,G310,High
Fake Attendance,G95,High
Fake Attendance,G398,High
Fake Attendance,G320,High
Fake Attendance,G368,High
Fake Attendance,G223,High
Fake Attendance,G417,High
Fake Attendance,G145,High
Fake Attendance,G452,High
Fake Attendance,G29,High
Fake Attendance,G8,High
Fake Attendance,G329,High
Fake Attendance,G283,High
Fake Attendance,G458,High
Fake Attendance,G421,High
Fake Attendance,G155,High
Fake Attendance,G183,High
Fake Attendance,G351,High
Fake Attendance,G87,High
Fake Attendance,G233,High
Fake Attendance,G128,High
Fake Attendance,G300,High
Fake Attendance,G62,High
Fake Attendance,G174,High
Fake Attendance,G338,High
Fake Attendance,G392,High
Fake Attendance,G401,High
Fake Attendance,G325,High
Fake Attendance,G33,High
Fake Attendance,G452,High
Fake Attendance,G234,High
Fake Attendance,G135,High
Fake Attendance,G375,High
Fake Attendance,G386,High
Fake Attendance,G309,High
Fake Attendance,G413,High
Fake Attendance,G251,High
Fake Attendance,G159,High
Fake Attendance,G310,High
Fake Attendance,G167,High
Fake Attendance,G237,High
Fake Attendance,G284,High
Fake Attendance,G480,High
Fake Attendance,G391,High
Fake Attendance,G228,High
Fake Attendance,G459,High
Fake Attendance,G214,High
Fake Attendance,G60,High
Fake Attendance,G208,High
Fake Attendance,G462,High
Fake Attendance,G417,High
Fake Attendance,G128,High
Fake Attendance,G421,High
Fake Attendance,G273,High
Fake Attendance,G392,High
Fake Attendance,G424,High
Fake Attendance,G248,High
Fake Attendance,G61,High
Fake Attendance,G60,High
Fake Attendance,G331,High
Fake Attendance,G393,High
Fake Attendance,G311,High
Fake Attendance,G366,High
Fake Attendance,G127,High
Fake Attendance,G22,High
Fake Attendance,G110,High
Fake Attendance,G124,High
Fake Attendance,G128,High
Fake Attendance,G238,High
Fake Attendance,G428,High
Fake Attendance,G62,High
Fake Attendance,G60,High
Fake Attendance,G364,High
Fake Attendance,G18,High
Fake Attendance,G3,High
Fake Attendance,G75,High
Fake Attendance,G52,High
Fake Attendance,G151,High
Fake Attendance,G263,High
Fake Attendance,G320,High
Fake Attendance,G158,High
Fake Attendance,G233,High
Fake Attendance,G470,High
Fake Attendance,G143,High
Fake Attendance,G41,High
Fake Attendance,G67,High
Fake Attendance,G130,High
Fake Attendance,G27,High
Fake Attendance,G235,High
Fake Attendance,G343,High
Fake Attendance,G138,High
Fake Attendance,G322,High
Fake Attendance,G82,High
Fake Attendance,G146,High
Fake Attendance,G133,High
Fake Attendance,G65,High
Fake Attendance,G371,High
Fake Attendance,G207,High
Fake Attendance,G424,High
Fake Attendance,G297,High
Fake Attendance,G198,High
Fake Attendance,G289,High
Fake Attendance,G24,High
Fake Attendance,G385,High
Fake Attendance,G87,High
Fake Attendance,G316,High
Fake Attendance,G216,High
Fake Attendance,G43,High
Fake Attendance,G493,High
Fake Attendance,G445,High
Fake Attendance,G345,High
Fake Attendance,G477,High
Fake Attendance,G499,High
Fake Attendance,G138,High
Fake Attendance,G485,High
Fake Attendance,G151,High
Fake Attendance,G295,High
Fake Attendance,G424,High
Fake Attendance,G7,High
Fake Attendance,G166,High
Fake Attendance,G190,High
Fake Attendance,G165,High
Fake Attendance,G325,High
Fake Attendance,G457,High
Fake Attendance,G333,High
Fake Attendance,G371,High
Fake Attendance,G246,High
Fake Attendance,G153,High
Fake Attendance,G382,High
Fake Attendance,G233,High
Fake Attendance,G19,High
Fake Attendance,G397,High
Fake Attendance,G117,High
Fake Attendance,G308,High
Fake Attendance,G493,High
Fake Attendance,G366,High
Fake Attendance,G82,High
Fake Attendance,G397,High
Fake Attendance,G36,High
Fake Attendance,G481,High
Fake Attendance,G359,High
Fake Attendance,G306,High
Fake Attendance,G103,High
Fake Attendance,G8,High
Fake Attendance,G382,High
Fake Attendance,G169,High
Fake Attendance,G95,High
Fake Attendance,G362,High
Fake Attendance,G371,High
Fake Attendance,G124,High
Fake Attendance,G110,High
Fake Attendance,G183,High
Fake Attendance,G48,High
Fake Attendance,G40,High
Fake Attendance,G263,High
Fake Attendance,G128,High
Fake Attendance,G463,High
Fake Attendance,G463,High
Fake Attendance,G39,High
Fake Attendance,G344,High
Fake Attendance,G266,High
Fake Attendance,G314,High
Fake Attendance,G467,High
Fake Attendance,G166,High
Fake Attendance,G159,High
Fake Attendance,G460,High
Fake Attendance,G406,High
Fake Attendance,G413,High
Fake Attendance,G417,High
Fake Attendance,G98,High
Fake Attendance,G85,High
Fake Attendance,G11,High
Fake Attendance,G36,High
Fake Attendance,G500,High
Fake Attendance,G496,High
Fake Attendance,G139,High
Fake Attendance,G197,High
Fake Attendance,G139,High
Fake Attendance,G497,High
Fake Attendance,G128,High
Fake Attendance,G93,High
Fake Attendance,G233,High
Fake Attendance,G29,High
Fake Attendance,G182,High
Fake Attendance,G401,High
Fake Attendance,G364,High
Fake Attendance,G25,High
Fake Attendance,G141,High
Fake Attendance,G100,High
Fake Attendance,G324,High
Fake Attendance,G467,High
Fake Attendance,G200,High
Fake Attendance,G162,High
Fake Attendance,G185,High
Fake Attendance,G168,High
Fake Attendance,G499,High
Fake Attendance,G228,High
Fake Attendance,G406,High
Fake Attendance,G427,High
Fake Attendance,G213,High
Fake Attendance,G228,High
Fake Attendance,G440,High
Fake Attendance,G123,High
Fake Attendance,G459,High
Fake Attendance,G398,High
Fake Attendance,G157,High
Fake Attendance,G242,High
Fake Attendance,G13,High
Fake Attendance,G268,High
Fake Attendance,G173,High
Fake Attendance,G151,High
Fake Attendance,G313,High
Fake Attendance,G30,High
Fake Attendance,G267,High
Fake Attendance,G491,High
Fake Attendance,G456,High
Fake Attendance,G127,High
Fake Attendance,G303,High
Fake Attendance,G379,High
Fake Attendance,G223,High
Fake Attendance,G271,High
Fake Attendance,G200,High
Fake Attendance,G196,High
Fake Attendance,G420,High
Fake Attendance,G303,High
Fake Attendance,G146,High
Fake Attendance,G73,High
Fake Attendance,G134,High
Fake Attendance,G480,High
Fake Attendance,G276,High
Fake Attendance,G372,High
Fake Attendance,G331,High
Fake Attendance,G120,High
Fake Attendance,G286,High
Fake Attendance,G291,High
Fake Attendance,G458,High
Fake Attendance,G85,High
Fake Attendance,G395,High
Fake Attendance,G40,High
Fake Attendance,G372,High
Fake Attendance,G138,High
Fake Attendance,G305,High
Fake Attendance,G460,High
Fake Attendance,G154,High
Fake Attendance,G228,High
Fake Attendance,G276,High
Fake Attendance,G344,High
Fake Attendance,G248,High
Fake Attendance,G491,High
Fake Attendance,G353,High
Fake Attendance,G410,High
Fake Attendance,G351,High
Fake Attendance,G26,High
Fake Attendance,G387,High
Fake Attendance,G75,High
Fake Attendance,G112,High
Fake Attendance,G60,High
Fake Attendance,G139,High
Fake Attendance,G401,High
Fake Attendance,G90,High
Fake Attendance,G456,High
Fake Attendance,G166,High
Fake Attendance,G266,High
Fake Attendance,G380,High
Fake Attendance,G219,High
Fake Attendance,G2,High
Fake Attendance,G392,High
Fake Attendance,G175,High
Fake Attendance,G196,High
Fake Attendance,G376,High
Fake Attendance,G251,High
Fake Attendance,G430,High
Fake Attendance,G422,High
Fake Attendance,G408,High
Fake Attendance,G52,High
Fake Attendance,G363,High
Fake Attendance,G196,High
Fake Attendance,G379,High
Fake Attendance,G266,High
Fake Attendance,G166,High
Fake Attendance,G377,High
Fake Attendance,G73,High
Fake Attendance,G275,High
Fake Attendance,G470,High
Fake Attendance,G305,High
Fake Attendance,G377,High
Fake Attendance,G175,High
Fake Attendance,G425,High
Fake Attendance,G480,High
Fake Attendance,G116,High
Fake Attendance,G282,High
Fake Attendance,G499,High
Fake Attendance,G237,High
Fake Attendance,G337,High
Fake Attendance,G102,High
Fake Attendance,G18,High
Fake Attendance,G258,High
Fake Attendance,G474,High
Fake Attendance,G465,High
Fake Attendance,G170,High
Fake Attendance,G297,High
Fake Attendance,G50,High
Fake Attendance,G246,High
Fake Attendance,G22,High
Fake Attendance,G454,High
Fake Attendance,G401,High
Fake Attendance,G256,High
Fake Attendance,G463,High
Fake Attendance,G18,High
Fake Attendance,G440,High
Fake Attendance,G390,High
Fake Attendance,G271,High
Fake Attendance,G493,High
Fake Attendance,G351,High
Fake Attendance,G397,High
Fake Attendance,G485,High
Fake Attendance,G102,High
Fake Attendance,G429,High
Fake Attendance,G170,High
Fake Attendance,G60,High
Fake Attendance,G38,High
Fake Attendance,G97,High
Fake Attendance,G187,High
Fake Attendance,G24,High
Fake Attendance,G131,High
Fake Attendance,G408,High
Fake Attendance,G176,High
Fake Attendance,G112,High
Fake Attendance,G258,High
Fake Attendance,G166,High
Fake Attendance,G333,High
Fake Attendance,G386,High
Fake Attendance,G380,High
Fake Attendance,G424,High
Fake Attendance,G176,High
Fake Attendance,G244,High
Fake Attendance,G230,High
Fake Attendance,G300,High
Fake Attendance,G458,High
Fake Attendance,G175,High
Fake Attendance,G108,High
Fake Attendance,G95,High
Fake Attendance,G448,High
Fake Attendance,G99,High
Fake Attendance,G351,High
Fake Attendance,G268,High
Fake Attendance,G477,High
Fake Attendance,G67,High
Fake Attendance,G424,High
Fake Attendance,G348,High
Fake Attendance,G103,High
Fake Attendance,G456,High
Fake Attendance,G135,High
Fake Attendance,G45,High
Fake Attendance,G159,High
Fake Attendance,G365,High
Fake Attendance,G122,High
Fake Attendance,G29,High
Fake Attendance,G419,High
Fake Attendance,G177,High
Fake Attendance,G27,High
Fake Attendance,G118,High
Fake Attendance,G76,High
Fake Attendance,G27,High
Fake Attendance,G160,High
Fake Attendance,G421,High
Fake Attendance,G477,High
Fake Attendance,G16,High
Fake Attendance,G401,High
Fake Attendance,G2,High
Fake Attendance,G489,High
Fake Attendance,G152,High
Fake Attendance,G176,High
Fake Attendance,G449,High
Fake Attendance,G36,High
Fake Attendance,G382,High
Fake Attendance,G15,High
Fake Attendance,G376,High
Fake Attendance,G430,High
Fake Attendance,G366,High
Fake Attendance,G168,High
Fake Attendance,G79,High
Fake Attendance,G174,High
Fake Attendance,G195,High
Fake Attendance,G46,High
Fake Attendance,G33,High
Fake Attendance,G254,High
Fake Attendance,G468,High
Fake Attendance,G254,High
Fake Attendance,G265,High
Fake Attendance,G175,High
Fake Attendance,G261,High
Fake Attendance,G159,High
Fake Attendance,G401,High
Fake Attendance,G363,High
Fake Attendance,G195,High
Fake Attendance,G73,High
Fake Attendance,G413,High
Fake Attendance,G295,High
Fake Attendance,G333,High
Fake Attendance,G391,High
Fake Attendance,G32,High
Fake Attendance,G95,High
Fake Attendance,G80,High
Fake Attendance,G33,High
Fake Attendance,G371,High
Fake Attendance,G33,High
Fake Attendance,G432,High
Fake Attendance,G27,High
Fake Attendance,G31,High
Fake Attendance,G378,High
Fake Attendance,G127,High
Fake Attendance,G352,High
Fake Attendance,G173,High
Fake Attendance,G148,High
Fake Attendance,G401,High
Fake Attendance,G421,High
Fake Attendance,G353,High
Fake Attendance,G430,High
Fake Attendance,G62,High
Fake Attendance,G459,High
Fake Attendance,G166,High
Fake Attendance,G476,High
Fake Attendance,G117,High
Fake Attendance,G210,High
Fake Attendance,G391,High
Fake Attendance,G391,High
Fake Attendance,G342,High
Fake Attendance,G144,High
Fake Attendance,G482,High
Fake Attendance,G105,High
Fake Attendance,G157,High
Fake Attendance,G292,High
Fake Attendance,G103,High
Fake Attendance,G397,High
Fake Attendance,G183,High
Fake Attendance,G460,High
Fake Attendance,G371,High
Fake Attendance,G192,High
Fake Attendance,G122,High
Fake Attendance,G128,High
Fake Attendance,G19,High
Fake Attendance,G127,High
Fake Attendance,G212,High
Fake Attendance,G361,High
Fake Attendance,G492,High
Fake Attendance,G92,High
Fake Attendance,G143,High
Fake Attendance,G247,High
Fake Attendance,G64,High
Fake Attendance,G234,High
Fake Attendance,G235,High
Fake Attendance,G251,High
Fake Attendance,G177,High
Fake Attendance,G128,High
Fake Attendance,G227,High
Fake Attendance,G418,High
Fake Attendance,G456,High
Fake Attendance,G127,High
Fake Attendance,G366,High
Fake Attendance,G145,High
Fake Attendance,G55,High
Fake Attendance,G148,High
Fake Attendance,G214,High
Fake Attendance,G100,High
Fake Attendance,G82,High
Fake Attendance,G270,High
Fake Attendance,G170,High
Fake Attendance,G131,High
Fake Attendance,G325,High
Fake Attendance,G227,High
Fake Attendance,G389,High
Fake Attendance,G6,High
Fake Attendance,G290,High
Fake Attendance,G124,High
Fake Attendance,G198,High
Fake Attendance,G444,High
Fake Attendance,G459,High
Fake Attendance,G231,High
Fake Attendance,G264,High
Fake Attendance,G95,High
Fake Attendance,G39,High
Fake Attendance,G298,High
Fake Attendance,G358,High
Fake Attendance,G71,High
Fake Attendance,G57,High
Fake Attendance,G398,High
Fake Attendance,G194,High
Fake Attendance,G94,High
Fake Attendance,G237,High
Fake Attendance,G205,High
Fake Attendance,G242,High
Fake Attendance,G88,High
Fake Attendance,G79,High
Fake Attendance,G432,High
Fake Attendance,G21,High
Fake Attendance,G219,High
Fake Attendance,G383,High
Fake Attendance,G241,High
Fake Attendance,G18,High
Fake Attendance,G466,High
Fake Attendance,G313,High
Fake Attendance,G122,High
Fake Attendance,G193,High
Fake Attendance,G477,High
Fake Attendance,G493,High
Fake Attendance,G182,High
Fake Attendance,G251,High
Fake Attendance,G344,High
Fake Attendance,G300,High
Fake Attendance,G271,High
Fake Attendance,G248,High
Fake Attendance,G290,High
Fake Attendance,G274,High
Fake Attendance,G148,High
Fake Attendance,G493,High
Fake Attendance,G330,High
Fake Attendance,G264,High
Fake Attendance,G276,High
Fake Attendance,G473,High
Fake Attendance,G364,High
Fake Attendance,G264,High
Fake Attendance,G51,High
Fake Attendance,G89,High
Fake Attendance,G310,High
Fake Attendance,G2,High
Fake Attendance,G159,High
Fake Attendance,G190,High
Fake Attendance,G22,High
Fake Attendance,G190,High
Fake Attendance,G177,High
Fake Attendance,G136,High
Fake Attendance,G456,High
Fake Attendance,G52,High
Fake Attendance,G437,High
Fake Attendance,G315,High
Fake Attendance,G89,High
Fake Attendance,G413,High
Fake Attendance,G497,High
Fake Attendance,G422,High
Fake Attendance,G36,High
Fake Attendance,G38,High
Fake Attendance,G124,High
Fake Attendance,G406,High
Fake Attendance,G334,High
Fake Attendance,G455,High
Fake Attendance,G492,High
Fake Attendance,G482,High
Fake Attendance,G468,High
Fake Attendance,G456,High
Fake Attendance,G392,High
Fake Attendance,G308,High
Fake Attendance,G159,High
Fake Attendance,G488,High
Fake Attendance,G62,High
Fake Attendance,G307,High
Fake Attendance,G333,High
Fake Attendance,G29,High
Fake Attendance,G390,High
Fake Attendance,G451,High
Fake Attendance,G315,High
Fake Attendance,G60,High
Fake Attendance,G397,High
Fake Attendance,G498,High
Fake Attendance,G473,High
Fake Attendance,G5,High
Fake Attendance,G271,High
Fake Attendance,G407,High
Fake Attendance,G270,High
Fake Attendance,G122,High
Fake Attendance,G392,High
Fake Attendance,G105,High
Fake Attendance,G407,High
Fake Attendance,G71,High
Fake Attendance,G389,High
Fake Attendance,G424,High
Fake Attendance,G192,High
Fake Attendance,G430,High
Fake Attendance,G295,High
Fake Attendance,G161,High
Fake Attendance,G459,High
Fake Attendance,G308,High
Fake Attendance,G253,High
Fake Attendance,G129,High
Fake Attendance,G74,High
Fake Attendance,G270,High
Fake Attendance,G240,High
Fake Attendance,G38,High
Fake Attendance,G9,High
Fake Attendance,G183,High
Fake Attendance,G396,High
Fake Attendance,G127,High
Fake Attendance,G497,High
Fake Attendance,G233,High
Fake Attendance,G224,High
Fake Attendance,G112,High
Fake Attendance,G24,High
Fake Attendance,G481,High
Fake Attendance,G211,High
Fake Attendance,G323,High
Fake Attendance,G150,High
Fake Attendance,G266,High
Fake Attendance,G189,High
Fake Attendance,G386,High
Fake Attendance,G434,High
Fake Attendance,G426,High
Fake Attendance,G413,High
Fake Attendance,G111,High
Fake Attendance,G267,High
Fake Attendance,G66,High
Fake Attendance,G482,High
Fake Attendance,G100,High
Fake Attendance,G34,High
Fake Attendance,G175,High
Fake Attendance,G103,High
Fake Attendance,G424,High
Fake Attendance,G416,High
Fake Attendance,G459,High
Fake Attendance,G237,High
Fake Attendance,G183,High
Fake Attendance,G176,High
Fake Attendance,G111,High
Fake Attendance,G417,High
Fake Attendance,G67,High
Fake Attendance,G456,High
Fake Attendance,G351,High
Fake Attendance,G271,High
Fake Attendance,G60,High
Fake Attendance,G251,High
Fake Attendance,G120,High
Fake Attendance,G375,High
Fake Attendance,G173,High
Fake Attendance,G173,High
Fake Attendance,G458,High
Fake Attendance,G491,High
Fake Attendance,G103,High
Fake Attendance,G355,High
Fake Attendance,G246,High
Fake Attendance,G430,High
Fake Attendance,G463,High
Fake Attendance,G421,High
Fake Attendance,G340,High
Fake Attendance,G76,High
Fake Attendance,G355,High
Fake Attendance,G176,High
Fake Attendance,G380,High
Fake Attendance,G38,High
Fake Attendance,G470,High
Fake Attendance,G135,High
Fake Attendance,G133,High
Fake Attendance,G442,High
Fake Attendance,G185,High
Fake Attendance,G464,High
Fake Attendance,G498,High
Fake Attendance,G329,High
Fake Attendance,G124,High
Fake Attendance,G424,High
Fake Attendance,G82,High
Fake Attendance,G103,High
Fake Attendance,G14,High
Fake Attendance,G261,High
Fake Attendance,G378,High
Fake Attendance,G386,High
Fake Attendance,G428,High
Fake Attendance,G138,High
Fake Attendance,G246,High
Fake Attendance,G500,High
Fake Attendance,G317,High
Fake Attendance,G151,High
Fake Attendance,G247,High
Fake Attendance,G40,High
Fake Attendance,G213,High
Fake Attendance,G227,High
Fake Attendance,G380,High
Fake Attendance,G67,High
Fake Attendance,G358,High
Fake Attendance,G120,High
Fake Attendance,G52,High
Fake Attendance,G483,High
Fake Attendance,G127,High
Fake Attendance,G132,High
Fake Attendance,G233,High
Fake Attendance,G122,High
Fake Attendance,G421,High
Fake Attendance,G122,High
Fake Attendance,G76,High
Fake Attendance,G496,High
Fake Attendance,G421,High
Fake Attendance,G443,High
Fake Attendance,G159,High
Fake Attendance,G450,High
Fake Attendance,G69,High
Fake Attendance,G420,High
Fake Attendance,G36,High
Fake Attendance,G335,High
Fake Attendance,G406,High
Fake Attendance,G138,High
Fake Attendance,G113,High
Fake Attendance,G496,High
Fake Attendance,G249,High
Fake Attendance,G238,High
Fake Attendance,G103,High
Fake Attendance,G177,High
Fake Attendance,G185,High
Fake Attendance,G424,High
Fake Attendance,G276,High
Fake Attendance,G482,High
Fake Attendance,G156,High
Fake Attendance,G142,High
Fake Attendance,G96,High
Fake Attendance,G53,High
Fake Attendance,G219,High
Fake Attendance,G358,High
Fake Attendance,G335,High
Fake Attendance,G228,High
Fake Attendance,G338,High
Fake Attendance,G263,High
Fake Attendance,G198,High
Fake Attendance,G366,High
Fake Attendance,G78,High
Fake Attendance,G320,High
Fake Attendance,G461,High
Fake Attendance,G209,High
Fake Attendance,G57,High
Fake Attendance,G344,High
Fake Attendance,G261,High
Fake Attendance,G92,High
Fake Attendance,G177,High
Fake Attendance,G87,High
Fake Attendance,G135,High
Fake Attendance,G372,High
Fake Attendance,G417,High
Fake Attendance,G319,High
Fake Attendance,G468,High
Fake Attendance,G393,High
Fake Attendance,G485,High
Fake Attendance,G276,High
Fake Attendance,G329,High
Fake Attendance,G393,High
Fake Attendance,G30,High
Fake Attendance,G146,High
Fake Attendance,G245,High
Fake Attendance,G308,High
Fake Attendance,G16,High
Fake Attendance,G344,High
Fake Attendance,G256,High
Fake Attendance,G393,High
Fake Attendance,G401,High
Fake Attendance,G29,High
Fake Attendance,G103,High
Fake Attendance,G160,High
Fake Attendance,G371,High
Fake Attendance,G349,High
Fake Attendance,G219,High
Fake Attendance,G187,High
Fake Attendance,G417,High
Fake Attendance,G413,High
Fake Attendance,G244,High
Fake Attendance,G385,High
Fake Attendance,G179,High
Fake Attendance,G229,High
Fake Attendance,G351,High
Fake Attendance,G239,High
Fake Attendance,G240,High
Fake Attendance,G367,High
Fake Attendance,G270,High
Fake Attendance,G353,High
Fake Attendance,G121,High
Fake Attendance,G191,High
Fake Attendance,G302,High
Fake Attendance,G493,High
Fake Attendance,G313,High
Fake Attendance,G375,High
Fake Attendance,G371,High
Fake Attendance,G496,High
Fake Attendance,G385,High
Fake Attendance,G290,High
Fake Attendance,G288,High
Fake Attendance,G43,High
Fake Attendance,G169,High
Fake Attendance,G140,High
Fake Attendance,G160,High
Fake Attendance,G266,High
Fake Attendance,G106,High
Fake Attendance,G193,High
Fake Attendance,G371,High
Fake Attendance,G237,High
Fake Attendance,G178,High
Fake Attendance,G396,High
Fake Attendance,G70,High
Fake Attendance,G30,High
Fake Attendance,G28,High
Fake Attendance,G292,High
Fake Attendance,G138,High
Fake Attendance,G102,High
Fake Attendance,G426,High
Fake Attendance,G21,High
Fake Attendance,G94,High
Fake Attendance,G382,High
Fake Attendance,G27,High
Fake Attendance,G2,High
Fake Attendance,G467,High
Fake Attendance,G327,High
Fake Attendance,G256,High
Fake Attendance,G259,High
Fake Attendance,G459,High
Fake Attendance,G209,High
Fake Attendance,G55,High
Fake Attendance,G279,High
Fake Attendance,G48,High
Fake Attendance,G308,High
Fake Attendance,G65,High
Fake Attendance,G135,High
Fake Attendance,G363,High
Fake Attendance,G336,High
Fake Attendance,G450,High
Fake Attendance,G252,High
Fake Attendance,G347,High
Fake Attendance,G399,High
Fake Attendance,G296,High
Fake Attendance,G311,High
Fake Attendance,G198,High
Fake Attendance,G358,High
Fake Attendance,G151,High
Fake Attendance,G264,High
Fake Attendance,G491,High
Fake Attendance,G170,High
Fake Attendance,G93,High
Fake Attendance,G141,High
Fake Attendance,G258,High
Fake Attendance,G35,High
Fake Attendance,G91,High
Fake Attendance,G290,High
Fake Attendance,G333,High
Fake Attendance,G190,High
Fake Attendance,G331,High
Fake Attendance,G34,High
Fake Attendance,G268,High
Fake Attendance,G395,High
Fake Attendance,G410,High
Fake Attendance,G175,High
Fake Attendance,G479,High
Fake Attendance,G101,High
Fake Attendance,G105,High
Fake Attendance,G338,High
Fake Attendance,G33,High
Fake Attendance,G470,High
Fake Attendance,G424,High
Fake Attendance,G258,High
Fake Attendance,G372,High
Fake Attendance,G203,High
Fake Attendance,G421,High
Fake Attendance,G324,High
Fake Attendance,G335,High
Fake Attendance,G83,High
Fake Attendance,G358,High
Fake Attendance,G292,High
Fake Attendance,G268,High
Fake Attendance,G85,High
Fake Attendance,G41,High
Fake Attendance,G385,High
Fake Attendance,G449,High
Fake Attendance,G248,High
Fake Attendance,G299,High
Fake Attendance,G364,High
Fake Attendance,G499,High
Fake Attendance,G410,High
Fake Attendance,G102,High
Fake Attendance,G371,High
Fake Attendance,G69,High
Fake Attendance,G433,High
Fake Attendance,G116,High
Fake Attendance,G280,High
Fake Attendance,G396,High
Fake Attendance,G254,High
Fake Attendance,G38,High
Fake Attendance,G278,High
Fake Attendance,G266,High
Fake Attendance,G166,High
Fake Attendance,G260,High
Fake Attendance,G331,High
Fake Attendance,G127,High
Fake Attendance,G290,High
Fake Attendance,G232,High
Fake Attendance,G370,High
Fake Attendance,G424,High
Fake Attendance,G195,High
Fake Attendance,G140,High
Fake Attendance,G366,High
Fake Attendance,G308,High
Fake Attendance,G440,High
Fake Attendance,G441,High
Fake Attendance,G182,High
Fake Attendance,G251,High
Fake Attendance,G132,High
Fake Attendance,G107,High
Fake Attendance,G174,High
Fake Attendance,G60,High
Fake Attendance,G38,High
Fake Attendance,G177,High
Fake Attendance,G228,High
Fake Attendance,G440,High
Fake Attendance,G52,High
Fake Attendance,G99,High
Fake Attendance,G64,High
Fake Attendance,G490,High
Fake Attendance,G312,High
Fake Attendance,G401,High
Fake Attendance,G160,High
Fake Attendance,G407,High
Fake Attendance,G483,High
Fake Attendance,G115,High
Fake Attendance,G456,High
Fake Attendance,G198,High
Fake Attendance,G70,High
Fake Attendance,G447,High
Fake Attendance,G410,High
Fake Attendance,G248,High
Fake Attendance,G123,High
Fake Attendance,G21,High
Fake Attendance,G386,High
Fake Attendance,G462,High
Fake Attendance,G151,High
Fake Attendance,G46,High
Fake Attendance,G473,High
Fake Attendance,G310,High
Fake Attendance,G139,High
Fake Attendance,G451,High
Fake Attendance,G310,High
Fake Attendance,G159,High
Fake Attendance,G233,High
Fake Attendance,G88,High
Fake Attendance,G450,High
Fake Attendance,G357,High
Fake Attendance,G97,High
Fake Attendance,G116,High
Fake Attendance,G405,High
Fake Attendance,G124,High
Fake Attendance,G463,High
Fake Attendance,G151,High
Fake Attendance,G324,High
Fake Attendance,G364,High
Fake Attendance,G366,High
Fake Attendance,G19,High
Fake Attendance,G382,High
Fake Attendance,G470,High
Fake Attendance,G469,High
Fake Attendance,G176,High
Fake Attendance,G387,High
Fake Attendance,G169,High
Fake Attendance,G222,High
Fake Attendance,G166,High
Fake Attendance,G306,High
Fake Attendance,G425,High
Fake Attendance,G149,High
Fake Attendance,G464,High
Fake Attendance,G482,High
Fake Attendance,G36,High
Fake Attendance,G162,High
Fake Attendance,G195,High
Fake Attendance,G415,High
Fake Attendance,G47,High
Fake Attendance,G432,High
Fake Attendance,G136,High
Fake Attendance,G477,High
Fake Attendance,G324,High
Fake Attendance,G128,High
Fake Attendance,G393,High
Fake Attendance,G392,High
Fake Attendance,G332,High
Fake Attendance,G279,High
Fake Attendance,G398,High
Fake Attendance,G416,High
Fake Attendance,G182,High
Fake Attendance,G141,High
Fake Attendance,G174,High
Fake Attendance,G81,High
Fake Attendance,G98,High
Fake Attendance,G69,High
Fake Attendance,G335,High
Fake Attendance,G497,High
Fake Attendance,G165,High
Fake Attendance,G120,High
Fake Attendance,G100,High
Fake Attendance,G405,High
Fake Attendance,G235,High
Fake Attendance,G327,High
Fake Attendance,G351,High
Fake Attendance,G446,High
Fake Attendance,G413,High
Fake Attendance,G453,High
Fake Attendance,G135,High
Fake Attendance,G358,High
Fake Attendance,G85,High
Fake Attendance,G216,High
Fake Attendance,G149,High
Fake Attendance,G100,High
Fake Attendance,G331,High
Fake Attendance,G57,High
Fake Attendance,G149,High
Fake Attendance,G299,High
Fake Attendance,G465,High
Fake Attendance,G151,High
Fake Attendance,G454,High
Fake Attendance,G191,High
Fake Attendance,G84,High
Fake Attendance,G473,High
Fake Attendance,G258,High
Fake Attendance,G162,High
Fake Attendance,G254,High
Fake Attendance,G491,High
Fake Attendance,G114,High
Fake Attendance,G76,High
Fake Attendance,G73,High
Fake Attendance,G393,High
Fake Attendance,G386,High
Fake Attendance,G351,High
Fake Attendance,G424,High
Fake Attendance,G176,High
Fake Attendance,G267,High
Fake Attendance,G427,High
Fake Attendance,G226,High
Fake Attendance,G140,High
Fake Attendance,G425,High
Fake Attendance,G490,High
Fake Attendance,G302,High
Fake Attendance,G69,High
Fake Attendance,G417,High
Fake Attendance,G124,High
Fake Attendance,G151,High
Fake Attendance,G376,High
Fake Attendance,G18,High
Fake Attendance,G144,High
Fake Attendance,G232,High
Fake Attendance,G33,High
Fake Attendance,G13,High
Fake Attendance,G62,High
Fake Attendance,G203,High
Fake Attendance,G34,High
Fake Attendance,G301,High
Fake Attendance,G183,High
Fake Attendance,G138,High
Fake Attendance,G310,High
Fake Attendance,G336,High
Fake Attendance,G393,High
Fake Attendance,G320,High
Fake Attendance,G475,High
Fake Attendance,G374,High
Fake Attendance,G232,High
Fake Attendance,G276,High
Fake Attendance,G308,High
Fake Attendance,G114,High
Fake Attendance,G366,High
Fake Attendance,G364,High
Fake Attendance,G138,High
Fake Attendance,G109,High
Fake Attendance,G492,High
Fake Attendance,G175,High
Fake Attendance,G276,High
Fake Attendance,G320,High
Fake Attendance,G152,High
Fake Attendance,G19,High
Fake Attendance,G13,High
Fake Attendance,G372,High
Fake Attendance,G220,High
Fake Attendance,G248,High
Fake Attendance,G168,High
Fake Attendance,G12,High
Fake Attendance,G194,High
Fake Attendance,G199,High
Fake Attendance,G273,High
Fake Attendance,G104,High
Fake Attendance,G201,High
Fake Attendance,G318,High
Fake Attendance,G25,High
Fake Attendance,G285,High
Fake Attendance,G52,High
Fake Attendance,G393,High
Fake Attendance,G363,High
Fake Attendance,G259,High
Fake Attendance,G153,High
Fake Attendance,G12,High
Fake Attendance,G140,High
Fake Attendance,G235,High
Fake Attendance,G71,High
Fake Attendance,G245,High
Fake Attendance,G372,High
Fake Attendance,G475,High
Fake Attendance,G53,High
Fake Attendance,G94,High
Fake Attendance,G124,High
Fake Attendance,G417,High
Fake Attendance,G102,High
Fake Attendance,G232,High
Fake Attendance,G221,High
Fake Attendance,G432,High
Fake Attendance,G311,High
Fake Attendance,G95,High
Fake Attendance,G30,High
Fake Attendance,G460,High
Fake Attendance,G398,High
Fake Attendance,G491,High
Fake Attendance,G127,High
Fake Attendance,G266,High
Fake Attendance,G281,High
Fake Attendance,G106,High
Fake Attendance,G57,High
Fake Attendance,G343,High
Fake Attendance,G456,High
Fake Attendance,G87,High
Fake Attendance,G378,High
Fake Attendance,G88,High
Fake Attendance,G1,High
Fake Attendance,G326,High
Fake Attendance,G319,High
Fake Attendance,G416,High
Fake Attendance,G381,High
Fake Attendance,G299,High
Fake Attendance,G131,High
Fake Attendance,G405,High
Fake Attendance,G413,High
Fake Attendance,G413,High
Fake Attendance,G364,High
Fake Attendance,G374,High
Fake Attendance,G132,High
Fake Attendance,G482,High
Fake Attendance,G162,High
Fake Attendance,G421,High
Fake Attendance,G27,High
Fake Attendance,G398,High
Fake Attendance,G161,High
Fake Attendance,G237,High
Fake Attendance,G233,High
Fake Attendance,G227,High
Fake Attendance,G245,High
Fake Attendance,G103,High
Fake Attendance,G489,High
Fake Attendance,G48,High
Fake Attendance,G111,High
Fake Attendance,G221,High
Fake Attendance,G118,High
Fake Attendance,G274,High
Fake Attendance,G140,High
Fake Attendance,G264,High
Fake Attendance,G416,High
Fake Attendance,G382,High
Fake Attendance,G27,High
Fake Attendance,G174,High
Fake Attendance,G350,High
Fake Attendance,G158,High
Fake Attendance,G330,High
Fake Attendance,G61,High
Fake Attendance,G33,High
Fake Attendance,G122,High
Fake Attendance,G417,High
Fake Attendance,G85,High
Fake Attendance,G11,High
Fake Attendance,G183,High
Fake Attendance,G396,High
Fake Attendance,G394,High
Fake Attendance,G179,High
Fake Attendance,G88,High
Fake Attendance,G469,High
Fake Attendance,G368,High
Fake Attendance,G440,High
Fake Attendance,G328,High
Fake Attendance,G363,High
Fake Attendance,G183,High
Fake Attendance,G45,High
Fake Attendance,G469,High
Fake Attendance,G383,High
Fake Attendance,G104,High
Fake Attendance,G478,High
Fake Attendance,G424,High
Fake Attendance,G140,High
Fake Attendance,G154,High
Fake Attendance,G85,High
Fake Attendance,G351,High
Fake Attendance,G445,High
Fake Attendance,G160,High
Fake Attendance,G427,High
Fake Attendance,G149,High
Fake Attendance,G90,High
Fake Attendance,G198,High
Fake Attendance,G41,High
Fake Attendance,G60,High
Fake Attendance,G159,High
Fake Attendance,G245,High
Fake Attendance,G25,High
Fake Attendance,G103,High
Fake Attendance,G485,High
Fake Attendance,G434,High
Fake Attendance,G206,High
Fake Attendance,G48,High
Fake Attendance,G417,High
Fake Attendance,G85,High
Fake Attendance,G141,High
Fake Attendance,G377,High
Fake Attendance,G177,High
Fake Attendance,G159,High
Fake Attendance,G278,High
Fake Attendance,G241,High
Fake Attendance,G81,High
Fake Attendance,G373,High
Fake Attendance,G95,High
Fake Attendance,G283,High
Fake Attendance,G271,High
Fake Attendance,G460,High
Fake Attendance,G33,High
Fake Attendance,G122,High
Fake Attendance,G38,High
Fake Attendance,G371,High
Fake Attendance,G454,High
Fake Attendance,G482,High
Fake Attendance,G410,High
Fake Attendance,G246,High
Fake Attendance,G305,High
Fake Attendance,G324,High
Fake Attendance,G392,High
Fake Attendance,G470,High
Fake Attendance,G406,High
Fake Attendance,G258,High
Fake Attendance,G358,High
Fake Attendance,G444,High
Fake Attendance,G102,High
Fake Attendance,G489,High
Fake Attendance,G113,High
Fake Attendance,G468,High
Fake Attendance,G156,High
Fake Attendance,G92,High
Fake Attendance,G237,High
Fake Attendance,G482,High
Fake Attendance,G246,High
Fake Attendance,G404,High
Fake Attendance,G98,High
Fake Attendance,G459,High
Fake Attendance,G229,High
Fake Attendance,G271,High
Fake Attendance,G104,High
Fake Attendance,G315,High
Fake Attendance,G268,High
Fake Attendance,G358,High
Fake Attendance,G481,High
Fake Attendance,G233,High
Fake Attendance,G258,High
Fake Attendance,G176,High
Fake Attendance,G421,High
Fake Attendance,G213,High
Fake Attendance,G349,High
Fake Attendance,G174,High
Fake Attendance,G248,High
Fake Attendance,G218,High
Fake Attendance,G268,High
Fake Attendance,G251,High
Fake Attendance,G280,High
Fake Attendance,G286,High
Fake Attendance,G208,High
Fake Attendance,G427,High
Fake Attendance,G396,High
Fake Attendance,G410,High
Fake Attendance,G403,High
Fake Attendance,G160,High
Fake Attendance,G364,High
Fake Attendance,G357,High
Fake Attendance,G490,High
Fake Attendance,G470,High
Fake Attendance,G405,High
Fake Attendance,G221,High
Fake Attendance,G95,High
Fake Attendance,G73,High
Fake Attendance,G85,High
Fake Attendance,G398,High
Fake Attendance,G104,High
Fake Attendance,G320,High
Fake Attendance,G366,High
Fake Attendance,G410,High
Fake Attendance,G39,High
Fake Attendance,G325,High
Fake Attendance,G18,High
Fake Attendance,G137,High
Fake Attendance,G463,High
Fake Attendance,G172,High
Fake Attendance,G211,High
Fake Attendance,G198,High
Fake Attendance,G304,High
Fake Attendance,G16,High
Fake Attendance,G417,High
Fake Attendance,G351,High
Fake Attendance,G280,High
Fake Attendance,G247,High
Fake Attendance,G57,High
Fake Attendance,G135,High
Fake Attendance,G392,High
Fake Attendance,G38,High
Fake Attendance,G363,High
Fake Attendance,G440,High
Fake Attendance,G120,High
Fake Attendance,G52,High
Fake Attendance,G195,High
Fake Attendance,G195,High
Fake Attendance,G366,High
Fake Attendance,G120,High
Fake Attendance,G76,High
Fake Attendance,G372,High
Fake Attendance,G357,High
Fake Attendance,G254,High
Fake Attendance,G61,High
Fake Attendance,G200,High
Fake Attendance,G221,High
Fake Attendance,G59,High
Fake Attendance,G406,High
Fake Attendance,G320,High
Fake Attendance,G151,High
Fake Attendance,G375,High
Fake Attendance,G473,High
Fake Attendance,G467,High
Fake Attendance,G12,High
Fake Attendance,G101,High
Fake Attendance,G264,High
Fake Attendance,G37,High
Fake Attendance,G368,High
Fake Attendance,G56,High
Fake Attendance,G109,High
Fake Attendance,G89,High
Fake Attendance,G266,High
Fake Attendance,G183,High
Fake Attendance,G182,High
Fake Attendance,G445,High
Fake Attendance,G333,High
Fake Attendance,G358,High
Fake Attendance,G83,High
Fake Attendance,G364,High
Fake Attendance,G293,High
Fake Attendance,G171,High
Fake Attendance,G423,High
Fake Attendance,G464,High
Fake Attendance,G227,High
Fake Attendance,G295,High
Fake Attendance,G308,High
Fake Attendance,G404,High
Fake Attendance,G146,High
Fake Attendance,G124,High
Fake Attendance,G166,High
Fake Attendance,G176,High
Fake Attendance,G237,High
Fake Attendance,G268,High
Fake Attendance,G292,High
Fake Attendance,G85,High
Fake Attendance,G318,High
Fake Attendance,G176,High
Fake Attendance,G273,High
Fake Attendance,G111,High
Fake Attendance,G204,High
Fake Attendance,G283,High
Fake Attendance,G485,High
Fake Attendance,G339,High
Fake Attendance,G439,High
Fake Attendance,G317,High
Fake Attendance,G358,High
Fake Attendance,G65,High
Fake Attendance,G402,High
Fake Attendance,G213,High
Fake Attendance,G286,High
Fake Attendance,G324,High
Fake Attendance,G270,High
Fake Attendance,G81,High
Fake Attendance,G200,High
Fake Attendance,G442,High
Fake Attendance,G268,High
Fake Attendance,G167,High
Fake Attendance,G280,High
Fake Attendance,G483,High
Fake Attendance,G453,High
Fake Attendance,G424,High
Fake Attendance,G198,High
Fake Attendance,G166,High
Fake Attendance,G240,High
Fake Attendance,G309,High
Fake Attendance,G42,High
Fake Attendance,G71,High
Fake Attendance,G273,High
Fake Attendance,G392,High
Fake Attendance,G4,High
Fake Attendance,G166,High
Fake Attendance,G210,High
Fake Attendance,G62,High
Fake Attendance,G428,High
Fake Attendance,G246,High
Fake Attendance,G310,High
Fake Attendance,G130,High
Fake Attendance,G60,High
Fake Attendance,G254,High
Fake Attendance,G57,High
Fake Attendance,G29,High
Fake Attendance,G344,High
Fake Attendance,G146,High
Fake Attendance,G189,High
Fake Attendance,G416,High
Fake Attendance,G62,High
Fake Attendance,G334,High
Fake Attendance,G198,High
Fake Attendance,G299,High
Fake Attendance,G292,High
Fake Attendance,G397,High
Fake Attendance,G304,High
Fake Attendance,G128,High
Fake Attendance,G344,High
Fake Attendance,G395,High
Fake Attendance,G69,High
Fake Attendance,G351,High
Fake Attendance,G430,High
Fake Attendance,G153,High
Fake Attendance,G4,High
Fake Attendance,G256,High
Fake Attendance,G282,High
Fake Attendance,G292,High
Fake Attendance,G33,High
Fake Attendance,G195,High
Fake Attendance,G481,High
Fake Attendance,G351,High
Fake Attendance,G9,High
Fake Attendance,G333,High
Fake Attendance,G75,High
Fake Attendance,G190,High
Fake Attendance,G312,High
Fake Attendance,G308,High
Fake Attendance,G489,High
Fake Attendance,G285,High
Fake Attendance,G367,High
Fake Attendance,G102,High
Fake Attendance,G471,High
Fake Attendance,G124,High
Fake Attendance,G447,High
Fake Attendance,G105,High
Fake Attendance,G405,High
Fake Attendance,G140,High
Fake Attendance,G401,High
Fake Attendance,G344,High
Fake Attendance,G185,High
Fake Attendance,G358,High
Fake Attendance,G463,High
Fake Attendance,G366,High
Fake Attendance,G74,High
Fake Attendance,G171,High
Fake Attendance,G249,High
Fake Attendance,G231,High
Fake Attendance,G422,High
Fake Attendance,G160,High
Fake Attendance,G273,High
Fake Attendance,G300,High
Fake Attendance,G142,High
Fake Attendance,G165,High
Fake Attendance,G154,High
Fake Attendance,G166,High
Fake Attendance,G219,High
Fake Attendance,G6,High
Fake Attendance,G370,High
Fake Attendance,G73,High
Fake Attendance,G194,High
Fake Attendance,G7,High
Fake Attendance,G292,High
Fake Attendance,G450,High
Fake Attendance,G390,High
Fake Attendance,G91,High
Fake Attendance,G310,High
Fake Attendance,G205,High
Fake Attendance,G8,High
Fake Attendance,G230,High
Fake Attendance,G477,High
Fake Attendance,G415,High
Fake Attendance,G170,High
Fake Attendance,G163,High
Fake Attendance,G415,High
Fake Attendance,G60,High
Fake Attendance,G319,High
Fake Attendance,G321,High
Fake Attendance,G124,High
Fake Attendance,G69,High
Fake Attendance,G224,High
Fake Attendance,G120,High
Fake Attendance,G44,High
Fake Attendance,G388,High
Fake Attendance,G358,High
Fake Attendance,G350,High
Fake Attendance,G254,High
Fake Attendance,G450,High
Fake Attendance,G428,High
Fake Attendance,G371,High
Fake Attendance,G187,High
Fake Attendance,G406,High
Fake Attendance,G209,High
Fake Attendance,G27,High
Fake Attendance,G266,High
Fake Attendance,G397,High
Fake Attendance,G375,High
Fake Attendance,G306,High
Fake Attendance,G122,High
Fake Attendance,G174,High
Fake Attendance,G124,High
Fake Attendance,G271,High
Fake Attendance,G364,High
Fake Attendance,G176,High
Fake Attendance,G452,High
Fake Attendance,G106,High
Fake Attendance,G18,High
Fake Attendance,G190,High
Fake Attendance,G254,High
Fake Attendance,G60,High
Fake Attendance,G52,High
Fake Attendance,G295,High
Fake Attendance,G499,High
Fake Attendance,G499,High
Fake Attendance,G175,High
Fake Attendance,G428,High
Fake Attendance,G203,High
Fake Attendance,G448,High
Fake Attendance,G185,High
Fake Attendance,G416,High
Fake Attendance,G128,High
Fake Attendance,G70,High
Fake Attendance,G393,High
Fake Attendance,G416,High
Fake Attendance,G179,High
Fake Attendance,G397,High
Fake Attendance,G95,High
Fake Attendance,G418,High
Fake Attendance,G25,High
Fake Attendance,G296,High
Fake Attendance,G436,High
Fake Attendance,G78,High
Fake Attendance,G135,High
Fake Attendance,G160,High
Fake Attendance,G497,High
Fake Attendance,G173,High
Fake Attendance,G236,High
Fake Attendance,G400,High
Fake Attendance,G292,High
Fake Attendance,G352,High
Fake Attendance,G79,High
Fake Attendance,G143,High
Fake Attendance,G73,High
Fake Attendance,G325,High
Fake Attendance,G175,High
Fake Attendance,G288,High
Fake Attendance,G443,High
Fake Attendance,G242,High
Fake Attendance,G25,High
Fake Attendance,G213,High
Fake Attendance,G73,High
Fake Attendance,G482,High
Fake Attendance,G286,High
Fake Attendance,G366,High
Fake Attendance,G17,High
Fake Attendance,G300,High
Fake Attendance,G114,High
Fake Attendance,G379,High
Fake Attendance,G260,High
Fake Attendance,G278,High
Fake Attendance,G237,High
Fake Attendance,G46,High
Fake Attendance,G350,High
Fake Attendance,G198,High
Fake Attendance,G34,High
Fake Attendance,G456,High
Fake Attendance,G467,High
Fake Attendance,G48,High
Fake Attendance,G371,High
Fake Attendance,G303,High
Fake Attendance,G36,High
Fake Attendance,G344,High
Fake Attendance,G13,High
Fake Attendance,G361,High
Fake Attendance,G367,High
Fake Attendance,G95,High
Fake Attendance,G344,High
Fake Attendance,G279,High
Fake Attendance,G149,High
Fake Attendance,G19,High
Fake Attendance,G361,High
Fake Attendance,G353,High
Fake Attendance,G343,High
Fake Attendance,G424,High
Fake Attendance,G254,High
Fake Attendance,G76,High
Fake Attendance,G85,High
Fake Attendance,G256,High
Fake Attendance,G490,High
Fake Attendance,G208,High
Fake Attendance,G55,High
Fake Attendance,G27,High
Fake Attendance,G88,High
Fake Attendance,G321,High
Fake Attendance,G428,High
Fake Attendance,G39,High
Fake Attendance,G128,High
Fake Attendance,G413,High
Fake Attendance,G416,High
Fake Attendance,G142,High
Fake Attendance,G493,High
Fake Attendance,G30,High
Fake Attendance,G281,High
Fake Attendance,G127,High
Fake Attendance,G440,High
Fake Attendance,G393,High
Fake Attendance,G314,High
Fake Attendance,G499,High
Fake Attendance,G28,High
Fake Attendance,G43,High
Fake Attendance,G397,High
Fake Attendance,G473,High
Fake Attendance,G456,High
Fake Attendance,G55,High
Fake Attendance,G249,High
Fake Attendance,G271,High
Fake Attendance,G339,High
Fake Attendance,G344,High
Fake Attendance,G4,High
Fake Attendance,G225,High
Fake Attendance,G268,High
Fake Attendance,G493,High
Fake Attendance,G33,High
Fake Attendance,G358,High
Fake Attendance,G349,High
Fake Attendance,G380,High
Fake Attendance,G101,High
Fake Attendance,G187,High
Fake Attendance,G258,High
Fake Attendance,G263,High
Fake Attendance,G198,High
Fake Attendance,G136,High
Fake Attendance,G18,High
Fake Attendance,G90,High
Fake Attendance,G251,High
Fake Attendance,G366,High
Fake Attendance,G425,High
Fake Attendance,G319,High
Fake Attendance,G466,High
Fake Attendance,G254,High
Fake Attendance,G463,High
Fake Attendance,G36,High
Fake Attendance,G405,High
Fake Attendance,G98,High
Fake Attendance,G329,High
Fake Attendance,G329,High
Fake Attendance,G4,High
Fake Attendance,G446,High
Fake Attendance,G272,High
Fake Attendance,G406,High
Fake Attendance,G20,High
Fake Attendance,G87,High
Fake Attendance,G310,High
Fake Attendance,G410,High
Fake Attendance,G477,High
Fake Attendance,G416,High
Fake Attendance,G170,High
Fake Attendance,G62,High
Fake Attendance,G33,High
Fake Attendance,G489,High
Fake Attendance,G258,High
Fake Attendance,G194,High
Fake Attendance,G224,High
Fake Attendance,G377,High
Duplicate Employee,G1,Medium
Duplicate Employee,G2,Medium
Duplicate Employee,G3,Medium
Duplicate Employee,G4,Medium
Duplicate Employee,G5,Medium
Duplicate Employee,G6,Medium
Duplicate Employee,G7,Medium
Duplicate Employee,G8,Medium
Duplicate Employee,G9,Medium
Duplicate Employee,G10,Medium
Duplicate Employee,G11,Medium
Duplicate Employee,G12,Medium
Duplicate Employee,G13,Medium
Duplicate Employee,G14,Medium
Duplicate Employee,G15,Medium
Duplicate Employee,G16,Medium
Duplicate Employee,G17,Medium
Duplicate Employee,G18,Medium
Duplicate Employee,G19,Medium
Duplicate Employee,G20,Medium
Duplicate Employee,G21,Medium
Duplicate Employee,G22,Medium
Duplicate Employee,G23,Medium
Duplicate Employee,G24,Medium
Duplicate Employee,G25,Medium
Duplicate Employee,G26,Medium
Duplicate Employee,G27,Medium
Duplicate Employee,G28,Medium
Duplicate Employee,G29,Medium
Duplicate Employee,G30,Medium
Duplicate Employee,G31,Medium
Duplicate Employee,G32,Medium
Duplicate Employee,G33,Medium
Duplicate Employee,G34,Medium
Duplicate Employee,G35,Medium
Duplicate Employee,G36,Medium
Duplicate Employee,G37,Medium
Duplicate Employee,G38,Medium
Duplicate Employee,G39,Medium
Duplicate Employee,G40,Medium
Duplicate Employee,G41,Medium
Duplicate Employee,G42,Medium
Duplicate Employee,G43,Medium
Duplicate Employee,G44,Medium
Duplicate Employee,G45,Medium
Duplicate Employee,G46,Medium
Duplicate Employee,G47,Medium
Duplicate Employee,G48,Medium
Duplicate Employee,G49,Medium
Duplicate Employee,G50,Medium
Duplicate Employee,G51,Medium
Duplicate Employee,G52,Medium
Duplicate Employee,G53,Medium
Duplicate Employee,G54,Medium
Duplicate Employee,G55,Medium
Duplicate Employee,G56,Medium
Duplicate Employee,G57,Medium
Duplicate Employee,G58,Medium
Duplicate Employee,G59,Medium
Duplicate Employee,G60,Medium
Duplicate Employee,G61,Medium
Duplicate Employee,G62,Medium
Duplicate Employee,G63,Medium
Duplicate Employee,G64,Medium
Duplicate Employee,G65,Medium
Duplicate Employee,G66,Medium
Duplicate Employee,G67,Medium
Duplicate Employee,G68,Medium
Duplicate Employee,G69,Medium
Duplicate Employee,G70,Medium
Duplicate Employee,G71,Medium
Duplicate Employee,G72,Medium
Duplicate Employee,G73,Medium
Duplicate Employee,G74,Medium
Duplicate Employee,G75,Medium
Duplicate Employee,G76,Medium
Duplicate Employee,G77,Medium
Duplicate Employee,G78,Medium
Duplicate Employee,G79,Medium
Duplicate Employee,G80,Medium
Duplicate Employee,G81,Medium
Duplicate Employee,G82,Medium
Duplicate Employee,G83,Medium
Duplicate Employee,G84,Medium
Duplicate Employee,G85,Medium
Duplicate Employee,G86,Medium
Duplicate Employee,G87,Medium
Duplicate Employee,G88,Medium
Duplicate Employee,G89,Medium
Duplicate Employee,G90,Medium
Duplicate Employee,G91,Medium
Duplicate Employee,G92,Medium
Duplicate Employee,G93,Medium
Duplicate Employee,G94,Medium
Duplicate Employee,G95,Medium
Duplicate Employee,G96,Medium
Duplicate Employee,G97,Medium
Duplicate Employee,G98,Medium
Duplicate Employee,G99,Medium
Duplicate Employee,G100,Medium
Duplicate Employee,G101,Medium
Duplicate Employee,G102,Medium
Duplicate Employee,G103,Medium
Duplicate Employee,G104,Medium
Duplicate Employee,G105,Medium
Duplicate Employee,G106,Medium
Duplicate Employee,G107,Medium
Duplicate Employee,G108,Medium
Duplicate Employee,G109,Medium
Duplicate Employee,G110,Medium
Duplicate Employee,G111,Medium
Duplicate Employee,G112,Medium
Duplicate Employee,G113,Medium
Duplicate Employee,G114,Medium
Duplicate Employee,G115,Medium
Duplicate Employee,G116,Medium
Duplicate Employee,G117,Medium
Duplicate Employee,G118,Medium
Duplicate Employee,G119,Medium
Duplicate Employee,G120,Medium
Duplicate Employee,G121,Medium
Duplicate Employee,G122,Medium
Duplicate Employee,G123,Medium
Duplicate Employee,G124,Medium
Duplicate Employee,G125,Medium
Duplicate Employee,G126,Medium
Duplicate Employee,G127,Medium
Duplicate Employee,G128,Medium
Duplicate Employee,G129,Medium
Duplicate Employee,G130,Medium
Duplicate Employee,G131,Medium
Duplicate Employee,G132,Medium
Duplicate Employee,G133,Medium
Duplicate Employee,G134,Medium
Duplicate Employee,G135,Medium
Duplicate Employee,G136,Medium
Duplicate Employee,G137,Medium
Duplicate Employee,G138,Medium
Duplicate Employee,G139,Medium
Duplicate Employee,G140,Medium
Duplicate Employee,G141,Medium
Duplicate Employee,G142,Medium
Duplicate Employee,G143,Medium
Duplicate Employee,G144,Medium
Duplicate Employee,G145,Medium
Duplicate Employee,G146,Medium
Duplicate Employee,G147,Medium
Duplicate Employee,G148,Medium
Duplicate Employee,G149,Medium
Duplicate Employee,G150,Medium
Duplicate Employee,G151,Medium
Duplicate Employee,G152,Medium
Duplicate Employee,G153,Medium
Duplicate Employee,G154,Medium
Duplicate Employee,G155,Medium
Duplicate Employee,G156,Medium
Duplicate Employee,G157,Medium
Duplicate Employee,G158,Medium
Duplicate Employee,G159,Medium
Duplicate Employee,G160,Medium
Duplicate Employee,G161,Medium
Duplicate Employee,G162,Medium
Duplicate Employee,G163,Medium
Duplicate Employee,G164,Medium
Duplicate Employee,G165,Medium
Duplicate Employee,G166,Medium
Duplicate Employee,G167,Medium
Duplicate Employee,G168,Medium
Duplicate Employee,G169,Medium
Duplicate Employee,G170,Medium
Duplicate Employee,G171,Medium
Duplicate Employee,G172,Medium
Duplicate Employee,G173,Medium
Duplicate Employee,G174,Medium
Duplicate Employee,G175,Medium
Duplicate Employee,G176,Medium
Duplicate Employee,G177,Medium
Duplicate Employee,G178,Medium
Duplicate Employee,G179,Medium
Duplicate Employee,G180,Medium
Duplicate Employee,G181,Medium
Duplicate Employee,G182,Medium
Duplicate Employee,G183,Medium
Duplicate Employee,G184,Medium
Duplicate Employee,G185,Medium
Duplicate Employee,G186,Medium
Duplicate Employee,G187,Medium
Duplicate Employee,G188,Medium
Duplicate Employee,G189,Medium
Duplicate Employee,G190,Medium
Duplicate Employee,G191,Medium
Duplicate Employee,G192,Medium
Duplicate Employee,G193,Medium
Duplicate Employee,G194,Medium
Duplicate Employee,G195,Medium
Duplicate Employee,G196,Medium
Duplicate Employee,G197,Medium
Duplicate Employee,G198,Medium
Duplicate Employee,G199,Medium
Duplicate Employee,G200,Medium
Duplicate Employee,G201,Medium
Duplicate Employee,G202,Medium
Duplicate Employee,G203,Medium
Duplicate Employee,G204,Medium
Duplicate Employee,G205,Medium
Duplicate Employee,G206,Medium
Duplicate Employee,G207,Medium
Duplicate Employee,G208,Medium
Duplicate Employee,G209,Medium
Duplicate Employee,G210,Medium
Duplicate Employee,G211,Medium
Duplicate Employee,G212,Medium
Duplicate Employee,G213,Medium
Duplicate Employee,G214,Medium
Duplicate Employee,G215,Medium
Duplicate Employee,G216,Medium
Duplicate Employee,G217,Medium
Duplicate Employee,G218,Medium
Duplicate Employee,G219,Medium
Duplicate Employee,G220,Medium
Duplicate Employee,G221,Medium
Duplicate Employee,G222,Medium
Duplicate Employee,G223,Medium
Duplicate Employee,G224,Medium
Duplicate Employee,G225,Medium
Duplicate Employee,G226,Medium
Duplicate Employee,G227,Medium
Duplicate Employee,G228,Medium
Duplicate Employee,G229,Medium
Duplicate Employee,G230,Medium
Duplicate Employee,G231,Medium
Duplicate Employee,G232,Medium
Duplicate Employee,G233,Medium
Duplicate Employee,G234,Medium
Duplicate Employee,G235,Medium
Duplicate Employee,G236,Medium
Duplicate Employee,G237,Medium
Duplicate Employee,G238,Medium
Duplicate Employee,G239,Medium
Duplicate Employee,G240,Medium
Duplicate Employee,G241,Medium
Duplicate Employee,G242,Medium
Duplicate Employee,G243,Medium
Duplicate Employee,G244,Medium
Duplicate Employee,G245,Medium
Duplicate Employee,G246,Medium
Duplicate Employee,G247,Medium
Duplicate Employee,G248,Medium
Duplicate Employee,G249,Medium
Duplicate Employee,G250,Medium
Duplicate Employee,G251,Medium
Duplicate Employee,G252,Medium
Duplicate Employee,G253,Medium
Duplicate Employee,G254,Medium
Duplicate Employee,G255,Medium
Duplicate Employee,G256,Medium
Duplicate Employee,G257,Medium
Duplicate Employee,G258,Medium
Duplicate Employee,G259,Medium
Duplicate Employee,G260,Medium
Duplicate Employee,G261,Medium
Duplicate Employee,G262,Medium
Duplicate Employee,G263,Medium
Duplicate Employee,G264,Medium
Duplicate Employee,G265,Medium
Duplicate Employee,G266,Medium
Duplicate Employee,G267,Medium
Duplicate Employee,G268,Medium
Duplicate Employee,G269,Medium
Duplicate Employee,G270,Medium
Duplicate Employee,G271,Medium
Duplicate Employee,G272,Medium
Duplicate Employee,G273,Medium
Duplicate Employee,G274,Medium
Duplicate Employee,G275,Medium
Duplicate Employee,G276,Medium
Duplicate Employee,G277,Medium
Duplicate Employee,G278,Medium
Duplicate Employee,G279,Medium
Duplicate Employee,G280,Medium
Duplicate Employee,G281,Medium
Duplicate Employee,G282,Medium
Duplicate Employee,G283,Medium
Duplicate Employee,G284,Medium
Duplicate Employee,G285,Medium
Duplicate Employee,G286,Medium
Duplicate Employee,G287,Medium
Duplicate Employee,G288,Medium
Duplicate Employee,G289,Medium
Duplicate Employee,G290,Medium
Duplicate Employee,G291,Medium
Duplicate Employee,G292,Medium
Duplicate Employee,G293,Medium
Duplicate Employee,G294,Medium
Duplicate Employee,G295,Medium
Duplicate Employee,G296,Medium
Duplicate Employee,G297,Medium
Duplicate Employee,G298,Medium
Duplicate Employee,G299,Medium
Duplicate Employee,G300,Medium
Duplicate Employee,G301,Medium
Duplicate Employee,G302,Medium
Duplicate Employee,G303,Medium
Duplicate Employee,G304,Medium
Duplicate Employee,G305,Medium
Duplicate Employee,G306,Medium
Duplicate Employee,G307,Medium
Duplicate Employee,G308,Medium
Duplicate Employee,G309,Medium
Duplicate Employee,G310,Medium
Duplicate Employee,G311,Medium
Duplicate Employee,G312,Medium
Duplicate Employee,G313,Medium
Duplicate Employee,G314,Medium
Duplicate Employee,G315,Medium
Duplicate Employee,G316,Medium
Duplicate Employee,G317,Medium
Duplicate Employee,G318,Medium
Duplicate Employee,G319,Medium
Duplicate Employee,G320,Medium
Duplicate Employee,G321,Medium
Duplicate Employee,G322,Medium
Duplicate Employee,G323,Medium
Duplicate Employee,G324,Medium
Duplicate Employee,G325,Medium
Duplicate Employee,G326,Medium
Duplicate Employee,G327,Medium
Duplicate Employee,G328,Medium
Duplicate Employee,G329,Medium
Duplicate Employee,G330,Medium
Duplicate Employee,G331,Medium
Duplicate Employee,G332,Medium
Duplicate Employee,G333,Medium
Duplicate Employee,G334,Medium
Duplicate Employee,G335,Medium
Duplicate Employee,G336,Medium
Duplicate Employee,G337,Medium
Duplicate Employee,G338,Medium
Duplicate Employee,G339,Medium
Duplicate Employee,G340,Medium
Duplicate Employee,G341,Medium
Duplicate Employee,G342,Medium
Duplicate Employee,G343,Medium
Duplicate Employee,G344,Medium
Duplicate Employee,G345,Medium
Duplicate Employee,G346,Medium
Duplicate Employee,G347,Medium
Duplicate Employee,G348,Medium
Duplicate Employee,G349,Medium
Duplicate Employee,G350,Medium
Duplicate Employee,G351,Medium
Duplicate Employee,G352,Medium
Duplicate Employee,G353,Medium
Duplicate Employee,G354,Medium
Duplicate Employee,G355,Medium
Duplicate Employee,G356,Medium
Duplicate Employee,G357,Medium
Duplicate Employee,G358,Medium
Duplicate Employee,G359,Medium
Duplicate Employee,G360,Medium
Duplicate Employee,G361,Medium
Duplicate Employee,G362,Medium
Duplicate Employee,G363,Medium
Duplicate Employee,G364,Medium
Duplicate Employee,G365,Medium
Duplicate Employee,G366,Medium
Duplicate Employee,G367,Medium
Duplicate Employee,G368,Medium
Duplicate Employee,G369,Medium
Duplicate Employee,G370,Medium
Duplicate Employee,G371,Medium
Duplicate Employee,G372,Medium
Duplicate Employee,G373,Medium
Duplicate Employee,G374,Medium
Duplicate Employee,G375,Medium
Duplicate Employee,G376,Medium
Duplicate Employee,G377,Medium
Duplicate Employee,G378,Medium
Duplicate Employee,G379,Medium
Duplicate Employee,G380,Medium
Duplicate Employee,G381,Medium
Duplicate Employee,G382,Medium
Duplicate Employee,G383,Medium
Duplicate Employee,G384,Medium
Duplicate Employee,G385,Medium
Duplicate Employee,G386,Medium
Duplicate Employee,G387,Medium
Duplicate Employee,G388,Medium
Duplicate Employee,G389,Medium
Duplicate Employee,G390,Medium
Duplicate Employee,G391,Medium
Duplicate Employee,G392,Medium
Duplicate Employee,G393,Medium
Duplicate Employee,G394,Medium
Duplicate Employee,G395,Medium
Duplicate Employee,G396,Medium
Duplicate Employee,G397,Medium
Duplicate Employee,G398,Medium
Duplicate Employee,G399,Medium
Duplicate Employee,G400,Medium
Duplicate Employee,G401,Medium
Duplicate Employee,G402,Medium
Duplicate Employee,G403,Medium
Duplicate Employee,G404,Medium
Duplicate Employee,G405,Medium
Duplicate Employee,G406,Medium
Duplicate Employee,G407,Medium
Duplicate Employee,G408,Medium
Duplicate Employee,G409,Medium
Duplicate Employee,G410,Medium
Duplicate Employee,G411,Medium
Duplicate Employee,G412,Medium
Duplicate Employee,G413,Medium
Duplicate Employee,G414,Medium
Duplicate Employee,G415,Medium
Duplicate Employee,G416,Medium
Duplicate Employee,G417,Medium
Duplicate Employee,G418,Medium
Duplicate Employee,G419,Medium
Duplicate Employee,G420,Medium
Duplicate Employee,G421,Medium
Duplicate Employee,G422,Medium
Duplicate Employee,G423,Medium
Duplicate Employee,G424,Medium
Duplicate Employee,G425,Medium
Duplicate Employee,G426,Medium
Duplicate Employee,G427,Medium
Duplicate Employee,G428,Medium
Duplicate Employee,G429,Medium
Duplicate Employee,G430,Medium
Duplicate Employee,G431,Medium
Duplicate Employee,G432,Medium
Duplicate Employee,G433,Medium
Duplicate Employee,G434,Medium
Duplicate Employee,G435,Medium
Duplicate Employee,G436,Medium
Duplicate Employee,G437,Medium
Duplicate Employee,G438,Medium
Duplicate Employee,G439,Medium
Duplicate Employee,G440,Medium
Duplicate Employee,G441,Medium
Duplicate Employee,G442,Medium
Duplicate Employee,G443,Medium
Duplicate Employee,G444,Medium
Duplicate Employee,G445,Medium
Duplicate Employee,G446,Medium
Duplicate Employee,G447,Medium
Duplicate Employee,G448,Medium
Duplicate Employee,G449,Medium
Duplicate Employee,G450,Medium
Duplicate Employee,G451,Medium
Duplicate Employee,G452,Medium
Duplicate Employee,G453,Medium
Duplicate Employee,G454,Medium
Duplicate Employee,G455,Medium
Duplicate Employee,G456,Medium
Duplicate Employee,G457,Medium
Duplicate Employee,G458,Medium
Duplicate Employee,G459,Medium
Duplicate Employee,G460,Medium
Duplicate Employee,G461,Medium
Duplicate Employee,G462,Medium
Duplicate Employee,G463,Medium
Duplicate Employee,G464,Medium
Duplicate Employee,G465,Medium
Duplicate Employee,G466,Medium
Duplicate Employee,G467,Medium
Duplicate Employee,G468,Medium
Duplicate Employee,G469,Medium
Duplicate Employee,G470,Medium
Duplicate Employee,G471,Medium
Duplicate Employee,G472,Medium
Duplicate Employee,G473,Medium
Duplicate Employee,G474,Medium
Duplicate Employee,G475,Medium
Duplicate Employee,G476,Medium
Duplicate Employee,G477,Medium
Duplicate Employee,G478,Medium
Duplicate Employee,G479,Medium
Duplicate Employee,G480,Medium
Duplicate Employee,G481,Medium
Duplicate Employee,G482,Medium
Duplicate Employee,G483,Medium
Duplicate Employee,G484,Medium
Duplicate Employee,G485,Medium
Duplicate Employee,G486,Medium
Duplicate Employee,G487,Medium
Duplicate Employee,G488,Medium
Duplicate Employee,G489,Medium
Duplicate Employee,G490,Medium
Duplicate Employee,G491,Medium
Duplicate Employee,G492,Medium
Duplicate Employee,G493,Medium
Duplicate Employee,G494,Medium
Duplicate Employee,G495,Medium
Duplicate Employee,G496,Medium
Duplicate Employee,G497,Medium
Duplicate Employee,G498,Medium
Duplicate Employee,G499,Medium
Duplicate Employee,G500,Medium
