row_index,employee_name,employee_id,site,client,anomaly_type,risk_level,risk_score,confidence,reason,evidence,actual_value,expected_value,difference,recommendation,department,timestamp
266,16050.21,E267,S11,,gross_mismatch,medium,50.0,70.0,"Gross ₹17,541 differs significantly from basic ₹11,695","['Gross=17541.38', 'Basic=11695.38', 'Diff=5846']",17541.38,11695.38,5846.0,Verify all salary components are correctly allocated.,payroll,2026-07-06T16:43:08.954041
487,16122.26,E488,S1,,gross_mismatch,medium,50.0,70.0,"Gross ₹17,687 differs significantly from basic ₹12,275","['Gross=17687.38', 'Basic=12275.38', 'Diff=5412']",17687.38,12275.38,5412.0,Verify all salary components are correctly allocated.,payroll,2026-07-06T16:43:08.992316
0,17159.32,,,,ml_anomaly,medium,-2.04,2.0,ML model detected anomalous wage pattern,['Anomaly score=-0.0204'],0.0,0.0,0.0,Investigate wage pattern. Compare with peers.,payroll,2026-07-06T16:43:09.337115
0,37294.92000000001,,,,ml_anomaly,medium,-2.46,2.5,ML model detected anomalous wage pattern,['Anomaly score=-0.0246'],0.0,0.0,0.0,Investigate wage pattern. Compare with peers.,payroll,2026-07-06T16:43:09.337304
0,14019.4,,,,ml_anomaly,medium,-7.22,7.2,ML model detected anomalous wage pattern,['Anomaly score=-0.0722'],0.0,0.0,0.0,Investigate wage pattern. Compare with peers.,payroll,2026-07-06T16:43:09.337447
0,13143.16,,,,ml_anomaly,medium,-7.84,7.8,ML model detected anomalous wage pattern,['Anomaly score=-0.0784'],0.0,0.0,0.0,Investigate wage pattern. Compare with peers.,payroll,2026-07-06T16:43:09.337575
0,13378.26,,,,ml_anomaly,medium,-6.72,6.7,ML model detected anomalous wage pattern,['Anomaly score=-0.0672'],0.0,0.0,0.0,Investigate wage pattern. Compare with peers.,payroll,2026-07-06T16:43:09.337696
0,15200.04,,,,ml_anomaly,medium,-0.42,0.4,ML model detected anomalous wage pattern,['Anomaly score=-0.0042'],0.0,0.0,0.0,Investigate wage pattern. Compare with peers.,payroll,2026-07-06T16:43:09.337815
0,16184.56,,,,ml_anomaly,medium,-4.96,5.0,ML model detected anomalous wage pattern,['Anomaly score=-0.0496'],0.0,0.0,0.0,Investigate wage pattern. Compare with peers.,payroll,2026-07-06T16:43:09.337932
0,14716.74,,,,ml_anomaly,medium,-0.27,0.3,ML model detected anomalous wage pattern,['Anomaly score=-0.0027'],0.0,0.0,0.0,Investigate wage pattern. Compare with peers.,payroll,2026-07-06T16:43:09.338049
0,16240.47,,,,ml_anomaly,medium,-3.2199999999999998,3.2,ML model detected anomalous wage pattern,['Anomaly score=-0.0322'],0.0,0.0,0.0,Investigate wage pattern. Compare with peers.,payroll,2026-07-06T16:43:09.338164
0,16736.14,,,,ml_anomaly,medium,-3.61,3.6,ML model detected anomalous wage pattern,['Anomaly score=-0.0361'],0.0,0.0,0.0,Investigate wage pattern. Compare with peers.,payroll,2026-07-06T16:43:09.338279
0,14606.49,,,,ml_anomaly,medium,-1.29,1.3,ML model detected anomalous wage pattern,['Anomaly score=-0.0129'],0.0,0.0,0.0,Investigate wage pattern. Compare with peers.,payroll,2026-07-06T16:43:09.338392
0,12616.89,,,,ml_anomaly,medium,-8.870000000000001,8.9,ML model detected anomalous wage pattern,['Anomaly score=-0.0887'],0.0,0.0,0.0,Investigate wage pattern. Compare with peers.,payroll,2026-07-06T16:43:09.338505
0,14492.78,,,,ml_anomaly,medium,-0.47000000000000003,0.5,ML model detected anomalous wage pattern,['Anomaly score=-0.0047'],0.0,0.0,0.0,Investigate wage pattern. Compare with peers.,payroll,2026-07-06T16:43:09.338618
0,15209.76,,,,ml_anomaly,medium,-2.4,2.4,ML model detected anomalous wage pattern,['Anomaly score=-0.024'],0.0,0.0,0.0,Investigate wage pattern. Compare with peers.,payroll,2026-07-06T16:43:09.338731
0,35369.43,,,,ml_anomaly,medium,-1.05,1.0,ML model detected anomalous wage pattern,['Anomaly score=-0.0105'],0.0,0.0,0.0,Investigate wage pattern. Compare with peers.,payroll,2026-07-06T16:43:09.338843
0,16050.21,,,,ml_anomaly,medium,-11.4,11.4,ML model detected anomalous wage pattern,['Anomaly score=-0.114'],0.0,0.0,0.0,Investigate wage pattern. Compare with peers.,payroll,2026-07-06T16:43:09.339060
0,18119.71,,,,ml_anomaly,medium,-0.91,0.9,ML model detected anomalous wage pattern,['Anomaly score=-0.0091'],0.0,0.0,0.0,Investigate wage pattern. Compare with peers.,payroll,2026-07-06T16:43:09.339211
0,14149.23,,,,ml_anomaly,medium,-4.22,4.2,ML model detected anomalous wage pattern,['Anomaly score=-0.0422'],0.0,0.0,0.0,Investigate wage pattern. Compare with peers.,payroll,2026-07-06T16:43:09.339339
0,16610.84,,,,ml_anomaly,medium,-1.39,1.4,ML model detected anomalous wage pattern,['Anomaly score=-0.0139'],0.0,0.0,0.0,Investigate wage pattern. Compare with peers.,payroll,2026-07-06T16:43:09.339458
0,13086.59,,,,ml_anomaly,medium,-8.5,8.5,ML model detected anomalous wage pattern,['Anomaly score=-0.085'],0.0,0.0,0.0,Investigate wage pattern. Compare with peers.,payroll,2026-07-06T16:43:09.339575
0,37095.37,,,,ml_anomaly,medium,-1.02,1.0,ML model detected anomalous wage pattern,['Anomaly score=-0.0102'],0.0,0.0,0.0,Investigate wage pattern. Compare with peers.,payroll,2026-07-06T16:43:09.339690
0,36235.41,,,,ml_anomaly,medium,-1.31,1.3,ML model detected anomalous wage pattern,['Anomaly score=-0.0131'],0.0,0.0,0.0,Investigate wage pattern. Compare with peers.,payroll,2026-07-06T16:43:09.339804
0,13503.66,,,,ml_anomaly,medium,-9.87,9.9,ML model detected anomalous wage pattern,['Anomaly score=-0.0987'],0.0,0.0,0.0,Investigate wage pattern. Compare with peers.,payroll,2026-07-06T16:43:09.339918
0,16122.26,,,,ml_anomaly,medium,-10.440000000000001,10.4,ML model detected anomalous wage pattern,['Anomaly score=-0.1044'],0.0,0.0,0.0,Investigate wage pattern. Compare with peers.,payroll,2026-07-06T16:43:09.340033
0,16373.06,,,,ml_anomaly,medium,-5.7299999999999995,5.7,ML model detected anomalous wage pattern,['Anomaly score=-0.0573'],0.0,0.0,0.0,Investigate wage pattern. Compare with peers.,payroll,2026-07-06T16:43:09.340147
