employee_name,employee_id,site,basic_salary,net_pay,risk_score,risk_level,confidence,anomaly_count,anomaly_types,risk_factors,recommendation
16050.21,E267,S11,0.0,0.0,31,medium,40.7,2,"['ml_anomaly', 'gross_mismatch']","['Gross ₹17,541 differs significantly from basic ₹11,695', 'ML model detected anomalous wage pattern']",Verify all salary components are correctly allocated.
16122.26,E488,S1,0.0,0.0,31,medium,40.2,2,"['ml_anomaly', 'gross_mismatch']","['Gross ₹17,687 differs significantly from basic ₹12,275', 'ML model detected anomalous wage pattern']",Verify all salary components are correctly allocated.
17159.32,,,0.0,0.0,23,low,2.0,1,['ml_anomaly'],['ML model detected anomalous wage pattern'],Investigate wage pattern. Compare with peers.
37294.92000000001,,,0.0,0.0,23,low,2.5,1,['ml_anomaly'],['ML model detected anomalous wage pattern'],Investigate wage pattern. Compare with peers.
14019.4,,,0.0,0.0,23,low,7.2,1,['ml_anomaly'],['ML model detected anomalous wage pattern'],Investigate wage pattern. Compare with peers.
13143.16,,,0.0,0.0,23,low,7.8,1,['ml_anomaly'],['ML model detected anomalous wage pattern'],Investigate wage pattern. Compare with peers.
13378.26,,,0.0,0.0,23,low,6.7,1,['ml_anomaly'],['ML model detected anomalous wage pattern'],Investigate wage pattern. Compare with peers.
15200.04,,,0.0,0.0,23,low,0.4,1,['ml_anomaly'],['ML model detected anomalous wage pattern'],Investigate wage pattern. Compare with peers.
16184.56,,,0.0,0.0,23,low,5.0,1,['ml_anomaly'],['ML model detected anomalous wage pattern'],Investigate wage pattern. Compare with peers.
14716.74,,,0.0,0.0,23,low,0.3,1,['ml_anomaly'],['ML model detected anomalous wage pattern'],Investigate wage pattern. Compare with peers.
16240.47,,,0.0,0.0,23,low,3.2,1,['ml_anomaly'],['ML model detected anomalous wage pattern'],Investigate wage pattern. Compare with peers.
16736.14,,,0.0,0.0,23,low,3.6,1,['ml_anomaly'],['ML model detected anomalous wage pattern'],Investigate wage pattern. Compare with peers.
14606.49,,,0.0,0.0,23,low,1.3,1,['ml_anomaly'],['ML model detected anomalous wage pattern'],Investigate wage pattern. Compare with peers.
12616.89,,,0.0,0.0,23,low,8.9,1,['ml_anomaly'],['ML model detected anomalous wage pattern'],Investigate wage pattern. Compare with peers.
14492.78,,,0.0,0.0,23,low,0.5,1,['ml_anomaly'],['ML model detected anomalous wage pattern'],Investigate wage pattern. Compare with peers.
15209.76,,,0.0,0.0,23,low,2.4,1,['ml_anomaly'],['ML model detected anomalous wage pattern'],Investigate wage pattern. Compare with peers.
35369.43,,,0.0,0.0,23,low,1.0,1,['ml_anomaly'],['ML model detected anomalous wage pattern'],Investigate wage pattern. Compare with peers.
18119.71,,,0.0,0.0,23,low,0.9,1,['ml_anomaly'],['ML model detected anomalous wage pattern'],Investigate wage pattern. Compare with peers.
14149.23,,,0.0,0.0,23,low,4.2,1,['ml_anomaly'],['ML model detected anomalous wage pattern'],Investigate wage pattern. Compare with peers.
16610.84,,,0.0,0.0,23,low,1.4,1,['ml_anomaly'],['ML model detected anomalous wage pattern'],Investigate wage pattern. Compare with peers.
13086.59,,,0.0,0.0,23,low,8.5,1,['ml_anomaly'],['ML model detected anomalous wage pattern'],Investigate wage pattern. Compare with peers.
37095.37,,,0.0,0.0,23,low,1.0,1,['ml_anomaly'],['ML model detected anomalous wage pattern'],Investigate wage pattern. Compare with peers.
36235.41,,,0.0,0.0,23,low,1.3,1,['ml_anomaly'],['ML model detected anomalous wage pattern'],Investigate wage pattern. Compare with peers.
13503.66,,,0.0,0.0,23,low,9.9,1,['ml_anomaly'],['ML model detected anomalous wage pattern'],Investigate wage pattern. Compare with peers.
16373.06,,,0.0,0.0,23,low,5.7,1,['ml_anomaly'],['ML model detected anomalous wage pattern'],Investigate wage pattern. Compare with peers.
