employee,anomaly_type,risk_level,risk_score,confidence,reason,evidence,actual_value,expected_value,difference,recommendation,department
16050.21,gross_mismatch,medium,50.0,70%,"Gross ₹17,541 differs significantly from basic ₹11,695","['Gross=17541.38', 'Basic=11695.38', 'Diff=5846']",17541.38,11695.38,5846.0,Verify all salary components are correctly allocated.,payroll
16122.26,gross_mismatch,medium,50.0,70%,"Gross ₹17,687 differs significantly from basic ₹12,275","['Gross=17687.38', 'Basic=12275.38', 'Diff=5412']",17687.38,12275.38,5412.0,Verify all salary components are correctly allocated.,payroll
17159.32,ml_anomaly,medium,-2.04,2%,ML model detected anomalous wage pattern,['Anomaly score=-0.0204'],0.0,0.0,0.0,Investigate wage pattern. Compare with peers.,payroll
37294.92000000001,ml_anomaly,medium,-2.46,2%,ML model detected anomalous wage pattern,['Anomaly score=-0.0246'],0.0,0.0,0.0,Investigate wage pattern. Compare with peers.,payroll
14019.4,ml_anomaly,medium,-7.22,7%,ML model detected anomalous wage pattern,['Anomaly score=-0.0722'],0.0,0.0,0.0,Investigate wage pattern. Compare with peers.,payroll
13143.16,ml_anomaly,medium,-7.84,8%,ML model detected anomalous wage pattern,['Anomaly score=-0.0784'],0.0,0.0,0.0,Investigate wage pattern. Compare with peers.,payroll
13378.26,ml_anomaly,medium,-6.72,7%,ML model detected anomalous wage pattern,['Anomaly score=-0.0672'],0.0,0.0,0.0,Investigate wage pattern. Compare with peers.,payroll
15200.04,ml_anomaly,medium,-0.42,0%,ML model detected anomalous wage pattern,['Anomaly score=-0.0042'],0.0,0.0,0.0,Investigate wage pattern. Compare with peers.,payroll
16184.56,ml_anomaly,medium,-4.96,5%,ML model detected anomalous wage pattern,['Anomaly score=-0.0496'],0.0,0.0,0.0,Investigate wage pattern. Compare with peers.,payroll
14716.74,ml_anomaly,medium,-0.27,0%,ML model detected anomalous wage pattern,['Anomaly score=-0.0027'],0.0,0.0,0.0,Investigate wage pattern. Compare with peers.,payroll
16240.47,ml_anomaly,medium,-3.2199999999999998,3%,ML model detected anomalous wage pattern,['Anomaly score=-0.0322'],0.0,0.0,0.0,Investigate wage pattern. Compare with peers.,payroll
16736.14,ml_anomaly,medium,-3.61,4%,ML model detected anomalous wage pattern,['Anomaly score=-0.0361'],0.0,0.0,0.0,Investigate wage pattern. Compare with peers.,payroll
14606.49,ml_anomaly,medium,-1.29,1%,ML model detected anomalous wage pattern,['Anomaly score=-0.0129'],0.0,0.0,0.0,Investigate wage pattern. Compare with peers.,payroll
12616.89,ml_anomaly,medium,-8.870000000000001,9%,ML model detected anomalous wage pattern,['Anomaly score=-0.0887'],0.0,0.0,0.0,Investigate wage pattern. Compare with peers.,payroll
14492.78,ml_anomaly,medium,-0.47000000000000003,0%,ML model detected anomalous wage pattern,['Anomaly score=-0.0047'],0.0,0.0,0.0,Investigate wage pattern. Compare with peers.,payroll
15209.76,ml_anomaly,medium,-2.4,2%,ML model detected anomalous wage pattern,['Anomaly score=-0.024'],0.0,0.0,0.0,Investigate wage pattern. Compare with peers.,payroll
35369.43,ml_anomaly,medium,-1.05,1%,ML model detected anomalous wage pattern,['Anomaly score=-0.0105'],0.0,0.0,0.0,Investigate wage pattern. Compare with peers.,payroll
16050.21,ml_anomaly,medium,-11.4,11%,ML model detected anomalous wage pattern,['Anomaly score=-0.114'],0.0,0.0,0.0,Investigate wage pattern. Compare with peers.,payroll
18119.71,ml_anomaly,medium,-0.91,1%,ML model detected anomalous wage pattern,['Anomaly score=-0.0091'],0.0,0.0,0.0,Investigate wage pattern. Compare with peers.,payroll
14149.23,ml_anomaly,medium,-4.22,4%,ML model detected anomalous wage pattern,['Anomaly score=-0.0422'],0.0,0.0,0.0,Investigate wage pattern. Compare with peers.,payroll
16610.84,ml_anomaly,medium,-1.39,1%,ML model detected anomalous wage pattern,['Anomaly score=-0.0139'],0.0,0.0,0.0,Investigate wage pattern. Compare with peers.,payroll
13086.59,ml_anomaly,medium,-8.5,8%,ML model detected anomalous wage pattern,['Anomaly score=-0.085'],0.0,0.0,0.0,Investigate wage pattern. Compare with peers.,payroll
37095.37,ml_anomaly,medium,-1.02,1%,ML model detected anomalous wage pattern,['Anomaly score=-0.0102'],0.0,0.0,0.0,Investigate wage pattern. Compare with peers.,payroll
36235.41,ml_anomaly,medium,-1.31,1%,ML model detected anomalous wage pattern,['Anomaly score=-0.0131'],0.0,0.0,0.0,Investigate wage pattern. Compare with peers.,payroll
13503.66,ml_anomaly,medium,-9.87,10%,ML model detected anomalous wage pattern,['Anomaly score=-0.0987'],0.0,0.0,0.0,Investigate wage pattern. Compare with peers.,payroll
16122.26,ml_anomaly,medium,-10.440000000000001,10%,ML model detected anomalous wage pattern,['Anomaly score=-0.1044'],0.0,0.0,0.0,Investigate wage pattern. Compare with peers.,payroll
16373.06,ml_anomaly,medium,-5.7299999999999995,6%,ML model detected anomalous wage pattern,['Anomaly score=-0.0573'],0.0,0.0,0.0,Investigate wage pattern. Compare with peers.,payroll
