employee_name,anomaly_score,anomaly_type,risk_level,confidence
17159.32,-0.0204,ml_anomaly,medium,2.0
37294.92000000001,-0.0246,ml_anomaly,medium,2.5
14019.4,-0.0722,ml_anomaly,medium,7.2
13143.16,-0.0784,ml_anomaly,medium,7.8
13378.26,-0.0672,ml_anomaly,medium,6.7
15200.04,-0.0042,ml_anomaly,medium,0.4
16184.56,-0.0496,ml_anomaly,medium,5.0
14716.74,-0.0027,ml_anomaly,medium,0.3
16240.47,-0.0322,ml_anomaly,medium,3.2
16736.14,-0.0361,ml_anomaly,medium,3.6
14606.49,-0.0129,ml_anomaly,medium,1.3
12616.89,-0.0887,ml_anomaly,medium,8.9
14492.78,-0.0047,ml_anomaly,medium,0.5
15209.76,-0.024,ml_anomaly,medium,2.4
35369.43,-0.0105,ml_anomaly,medium,1.0
16050.21,-0.114,ml_anomaly,medium,11.4
18119.71,-0.0091,ml_anomaly,medium,0.9
14149.23,-0.0422,ml_anomaly,medium,4.2
16610.84,-0.0139,ml_anomaly,medium,1.4
13086.59,-0.085,ml_anomaly,medium,8.5
37095.37,-0.0102,ml_anomaly,medium,1.0
36235.41,-0.0131,ml_anomaly,medium,1.3
13503.66,-0.0987,ml_anomaly,medium,9.9
16122.26,-0.1044,ml_anomaly,medium,10.4
16373.06,-0.0573,ml_anomaly,medium,5.7
