site,employee_count,avg_salary,median_salary,std_salary,min_salary,max_salary,avg_ot,total_ot
S1,38,21872.53,20963.46,5197.93,12275.38,32243.58,27.2,1032.0
S10,50,23077.0,22545.52,5214.19,14170.77,35134.92,23.8,1192.0
S11,38,21706.94,22163.81,5050.95,11695.38,34263.35,25.1,955.0
S12,40,21281.74,20303.19,5058.47,13137.12,30449.77,26.8,1070.0
S2,39,23345.34,22684.62,5039.22,14676.92,33040.38,24.4,953.0
S3,39,22460.97,22398.46,5591.47,13216.92,34588.85,23.0,898.0
S4,33,21551.9,22136.92,5040.51,13524.0,32292.62,25.2,833.0
S5,43,23265.1,21730.96,5736.97,11654.62,33468.46,28.2,1213.0
S6,35,22393.37,23122.42,5049.5,14324.42,32339.46,29.1,1019.0
S7,43,21311.46,20980.04,4075.23,12352.04,29951.42,21.7,934.0
S8,53,21876.05,22465.38,5228.65,13245.38,34768.88,22.2,1178.0
S9,49,22171.65,21686.19,5197.29,12723.08,34322.96,25.4,1243.0
