employee_id,site_location,rate_of_wage,days_worked,overtime_hours,basic_wages,special_basic,da,overtime_payment,total_wages,employee_epf_contribution,employee_eps_contribution,employee_name,employer_epf_contribution,employer_eps_contribution,Anomaly_Flag,Risk_Status,Business_Risk_Notes
E1,S7,29779,20,2,22906.92,1909,718,160,25693.92,1800.0,171.8,23722.12,1800.0,744.47,1,High Risk,"ML model detected anomalous wage pattern, ML model detected anomalous wage pattern, ML model detected anomalous wage pattern, ML model detected anomalous wage pattern, ML model detected anomalous wage pattern, ML model detected anomalous wage pattern, ML model detected anomalous wage pattern, ML model detected anomalous wage pattern, ML model detected anomalous wage pattern, ML model detected anomalous wage pattern, ML model detected anomalous wage pattern, ML model detected anomalous wage pattern, ML model detected anomalous wage pattern, ML model detected anomalous wage pattern, ML model detected anomalous wage pattern, ML model detected anomalous wage pattern, ML model detected anomalous wage pattern, ML model detected anomalous wage pattern, ML model detected anomalous wage pattern, ML model detected anomalous wage pattern, ML model detected anomalous wage pattern, ML model detected anomalous wage pattern, ML model detected anomalous wage pattern, ML model detected anomalous wage pattern, ML model detected anomalous wage pattern"
E2,S8,17631,27,26,18309.12,491,305,2080,21185.12,1800.0,137.32,19247.8,1800.0,595.05,0,Normal,No Risk
E3,S9,20406,24,49,18836.31,1715,460,3920,24931.31,1800.0,141.27,22990.04,1800.0,612.18,0,Normal,No Risk
E4,S5,28015,29,26,31247.5,1762,970,2080,36059.5,1800.0,234.36,34025.14,1800.0,1015.54,0,Normal,No Risk
E5,S1,22391,24,9,20668.62,681,956,720,23025.62,1800.0,155.01,21070.61,1800.0,671.73,0,Normal,No Risk
E6,S5,20392,25,4,19607.69,884,636,320,21447.69,1800.0,147.06,19500.63,1800.0,637.25,0,Normal,No Risk
E7,S1,23904,30,2,27581.54,133,516,160,28390.54,1800.0,206.86,26383.68,1800.0,896.4,0,Normal,No Risk
E8,S5,24166,23,42,21377.62,807,831,3360,26375.62,1800.0,160.33,24415.29,1800.0,694.77,0,Normal,No Risk
E9,S11,28378,24,5,26195.08,1067,165,400,27827.08,1800.0,196.46,25830.62,1800.0,851.34,0,Normal,No Risk
E10,S2,23859,29,40,26611.96,392,166,3200,30369.96,1800.0,199.59,28370.37,1800.0,864.89,0,Normal,No Risk
E11,S6,27486,26,37,27486.0,600,210,2960,31256.0,1800.0,206.14,29249.86,1800.0,893.3,0,Normal,No Risk
E12,S5,28155,28,23,30320.77,1001,256,1840,33417.77,1800.0,227.41,31390.36,1800.0,985.43,0,Normal,No Risk
E13,S9,18812,21,8,15194.31,1425,461,640,17720.31,1800.0,113.96,15806.35,1800.0,493.82,0,Normal,No Risk
E14,S2,17879,26,38,17879.0,806,902,3040,22627.0,1800.0,134.09,20692.91,1800.0,581.07,0,Normal,No Risk
E15,S12,20981,30,1,24208.85,1387,230,80,25905.85,1800.0,181.57,23924.28,1800.0,786.79,0,Normal,No Risk
E16,S3,18661,27,15,19378.73,414,986,1200,21978.73,1800.0,145.34,20033.39,1800.0,629.81,0,Normal,No Risk
E17,S12,24003,22,48,20310.23,1786,154,3840,26090.23,1800.0,152.33,24137.9,1800.0,660.08,0,Normal,No Risk
E18,S7,20444,25,3,19657.69,1490,865,240,22252.69,1800.0,147.43,20305.26,1800.0,638.87,0,Normal,No Risk
E19,S6,16574,29,41,18486.38,1577,571,3280,23914.38,1800.0,138.65,21975.73,1800.0,600.81,0,Normal,No Risk
E20,S11,23256,27,27,24150.46,510,645,2160,27465.46,1800.0,181.13,25484.33,1800.0,784.89,0,Normal,No Risk
E21,S8,24798,25,24,23844.23,1502,915,1920,28181.23,1800.0,178.83,26202.4,1800.0,774.94,0,Normal,No Risk
E22,S12,25451,21,17,20556.58,1731,280,1360,23927.58,1800.0,154.17,21973.41,1800.0,668.09,0,Normal,No Risk
E23,S7,21297,24,15,19658.77,1974,507,1200,23339.77,1800.0,147.44,21392.33,1800.0,638.91,0,Normal,No Risk
E24,S2,23729,31,17,28292.27,1126,744,1360,31522.27,1800.0,212.19,29510.08,1800.0,919.5,0,Normal,No Risk
E25,S12,16466,23,27,14566.08,1835,779,2160,19340.08,1747.93,109.25,17482.9,1747.93,473.4,0,Normal,No Risk
E26,S4,18272,20,39,14055.38,471,485,3120,18131.38,1686.65,105.42,16339.31,1686.65,456.8,0,Normal,No Risk
E27,S10,19688,27,13,20445.23,657,807,1040,22949.23,1800.0,153.34,20995.89,1800.0,664.47,0,Normal,No Risk
E28,S1,22426,22,17,18975.85,1516,305,1360,22156.85,1800.0,142.32,20214.53,1800.0,616.72,0,Normal,No Risk
E29,S1,23373,26,49,23373.0,242,154,3920,27689.0,1800.0,175.3,25713.7,1800.0,759.62,0,Normal,No Risk
E30,S1,16617,27,4,17256.12,1576,924,320,20076.12,1800.0,129.42,18146.7,1800.0,560.82,0,Normal,No Risk
E31,S4,17806,24,23,16436.31,229,947,1840,19452.31,1800.0,123.27,17529.04,1800.0,534.18,0,Normal,No Risk
E32,S11,22757,21,45,18380.65,607,3,3600,22590.65,1800.0,137.85,20652.8,1800.0,597.37,0,Normal,No Risk
E33,S8,25962,27,39,26960.54,1946,283,3120,32309.54,1800.0,202.2,30307.34,1800.0,876.22,0,Normal,No Risk
E34,S3,19543,21,17,15784.73,1817,882,1360,19843.73,1800.0,118.39,17925.34,1800.0,513.0,0,Normal,No Risk
E35,S9,27474,22,8,23247.23,220,870,640,24977.23,1800.0,174.35,23002.88,1800.0,755.53,0,Normal,No Risk
E36,S2,28635,30,0,33040.38,1913,424,0,35377.38,1800.0,247.8,33329.57999999999,1800.0,1073.81,0,Normal,No Risk
E37,S11,22889,25,16,22008.65,1157,87,1280,24532.65,1800.0,165.06,22567.59,1800.0,715.28,0,Normal,No Risk
E38,S1,16125,23,20,14264.42,1723,424,1600,18011.42,1711.73,106.98,16192.71,1711.73,463.59,0,Normal,No Risk
E39,S11,24657,24,18,22760.31,49,397,1440,24646.31,1800.0,170.7,22675.61,1800.0,739.71,0,Normal,No Risk
E40,S10,23914,31,13,28512.85,1415,365,1040,31332.85,1800.0,213.85,29319.0,1800.0,926.67,0,Normal,No Risk
E41,S2,16627,24,15,15348.0,1795,543,1200,18886.0,1800.0,115.11,16970.89,1800.0,498.81,0,Normal,No Risk
E42,S12,25968,22,31,21972.92,1287,783,2480,26522.92,1800.0,164.8,24558.12,1800.0,714.12,0,Normal,No Risk
E43,S8,18074,31,30,21549.77,364,814,2400,25127.77,1800.0,161.62,23166.15,1800.0,700.37,0,Normal,No Risk
E44,S1,15362,24,47,14180.31,825,202,3760,18967.31,1701.64,106.35,17159.32,1701.64,460.86,0,Normal,No Risk
E45,S11,25798,20,36,19844.62,1494,815,2880,25033.62,1800.0,148.83,23084.79,1800.0,644.95,0,Normal,No Risk
E46,S6,20319,30,38,23445.0,63,867,3040,27415.0,1800.0,175.84,25439.16,1800.0,761.96,0,Normal,No Risk
E47,S11,21563,28,46,23221.69,1348,95,3680,28344.69,1800.0,174.16,26370.53,1800.0,754.7,0,Normal,No Risk
E48,S10,27723,30,10,31988.08,1362,58,800,34208.08,1800.0,239.91,32168.17,1800.0,1039.61,0,Normal,No Risk
E49,S6,21718,30,13,25059.23,15,624,1040,26738.23,1800.0,187.94,24750.29,1800.0,814.42,0,Normal,No Risk
E50,S9,19873,30,23,22930.38,661,224,1840,25655.38,1800.0,171.98,23683.4,1800.0,745.24,0,Normal,No Risk
E51,S10,18916,22,45,16005.85,424,316,3600,20345.85,1800.0,120.04,18425.81,1800.0,520.19,0,Normal,No Risk
E52,S6,28994,29,45,32339.46,1029,212,3600,37180.46,1800.0,242.55,35137.91,1800.0,1051.03,0,Normal,No Risk
E53,S10,18839,29,25,21012.73,1900,178,2000,25090.73,1800.0,157.6,23133.13,1800.0,682.91,0,Normal,No Risk
E54,S7,27924,25,25,26850.0,1652,853,2000,31355.0,1800.0,201.38,29353.62,1800.0,872.62,0,Normal,No Risk
E55,S12,17714,28,25,19076.62,192,825,2000,22093.62,1800.0,143.07,20150.55,1800.0,619.99,0,Normal,No Risk
E56,S8,21484,23,27,19005.08,1754,839,2160,23758.08,1800.0,142.54,21815.54,1800.0,617.67,0,Normal,No Risk
E57,S5,23120,22,9,19563.08,763,37,720,21083.08,1800.0,146.72,19136.36,1800.0,635.8,0,Normal,No Risk
E58,S10,19255,30,34,22217.31,757,487,2720,26181.31,1800.0,166.63,24214.68,1800.0,722.06,0,Normal,No Risk
E59,S9,20790,31,25,24788.08,1947,785,2000,29520.08,1800.0,185.91,27534.17,1800.0,805.61,0,Normal,No Risk
E60,S10,19153,31,22,22836.27,1200,275,1760,26071.27,1800.0,171.27,24100.0,1800.0,742.18,0,Normal,No Risk
E61,S8,22746,31,35,27120.23,1702,667,2800,32289.23,1800.0,203.4,30285.83,1800.0,881.41,0,Normal,No Risk
E62,S6,28378,27,43,29469.46,1240,855,3440,35004.46,1800.0,221.02,32983.44,1800.0,957.76,0,Normal,No Risk
E63,S11,24668,27,12,25616.77,1812,405,960,28793.77,1800.0,192.13,26801.64,1800.0,832.55,0,Normal,No Risk
E64,S9,24416,21,36,19720.62,1381,828,2880,24809.62,1800.0,147.9,22861.72,1800.0,640.92,0,Normal,No Risk
E65,S10,20711,22,45,17524.69,1641,46,3600,22811.69,1800.0,131.44,20880.25,1800.0,569.55,0,Normal,No Risk
E66,S7,19301,27,40,20043.35,1567,978,3200,25788.35,1800.0,150.33,23838.02,1800.0,651.41,0,Normal,No Risk
E67,S4,28763,21,13,23231.65,1136,96,1040,25503.65,1800.0,174.24,23529.41,1800.0,755.03,0,Normal,No Risk
E68,S10,22432,23,20,19843.69,89,754,1600,22286.69,1800.0,148.83,20337.86,1800.0,644.92,0,Normal,No Risk
E69,S7,17905,27,0,18593.65,1189,557,0,20339.65,1800.0,139.45,18400.2,1800.0,604.29,0,Normal,No Risk
E70,S2,29463,29,4,32862.58,1944,249,320,35375.58,1800.0,246.47,33329.11,1800.0,1068.03,0,Normal,No Risk
E71,S12,28519,22,31,24131.46,885,740,2480,28236.46,1800.0,180.99,26255.47,1800.0,784.27,0,Normal,No Risk
E72,S12,22046,24,1,20350.15,495,543,80,21468.15,1800.0,152.63,19515.52,1800.0,661.38,0,Normal,No Risk
E73,S3,21851,28,34,23531.85,338,95,2720,26684.85,1800.0,176.49,24708.36,1800.0,764.79,0,Normal,No Risk
E74,S3,29271,30,50,33774.23,1424,150,4000,39348.23,1800.0,253.31,37294.92000000001,1800.0,1097.66,0,Normal,No Risk
E75,S7,25465,21,43,20567.88,1516,418,3440,25941.88,1800.0,154.26,23987.62,1800.0,668.46,0,Normal,No Risk
E76,S10,18789,31,6,22402.27,667,631,480,24180.27,1800.0,168.02,22212.25,1800.0,728.07,0,Normal,No Risk
E77,S10,17661,31,8,21057.35,1346,265,640,23308.35,1800.0,157.93,21350.42,1800.0,684.36,0,Normal,No Risk
E78,S1,26675,20,11,20519.23,595,830,880,22824.23,1800.0,153.89,20870.34,1800.0,666.87,0,Normal,No Risk
E79,S8,23924,30,37,27604.62,1266,390,2960,32220.62,1800.0,207.03,30213.59,1800.0,897.15,0,Normal,No Risk
E80,S11,15988,20,14,12298.46,1967,202,1120,15587.46,1475.82,92.24,14019.4,1475.82,399.7,0,Normal,No Risk
E81,S4,29986,28,28,32292.62,396,461,2240,35389.62,1800.0,242.19,33347.42999999999,1800.0,1049.51,0,Normal,No Risk
E82,S2,29672,24,11,27389.54,1735,729,880,30733.54,1800.0,205.42,28728.12,1800.0,890.16,0,Normal,No Risk
E83,S10,29276,28,18,31528.0,256,684,1440,33908.0,1800.0,236.46,31871.54,1800.0,1024.66,0,Normal,No Risk
E84,S1,21163,30,11,24418.85,593,877,880,26768.85,1800.0,183.14,24785.71,1800.0,793.61,0,Normal,No Risk
E85,S8,23331,26,17,23331.0,831,744,1360,26266.0,1800.0,174.98,24291.02,1800.0,758.26,0,Normal,No Risk
E86,S4,28778,20,21,22136.92,190,381,1680,24387.92,1800.0,166.03,22421.89,1800.0,719.45,0,Normal,No Risk
E87,S9,26485,31,33,31578.27,1884,996,2640,37098.27,1800.0,236.84,35061.43000000001,1800.0,1026.29,0,Normal,No Risk
E88,S7,15293,21,15,12352.04,1006,160,1200,14718.04,1482.24,92.64,13143.16,1482.24,401.44,0,Normal,No Risk
E89,S10,27628,28,18,29753.23,581,405,1440,32179.23,1800.0,223.15,30156.08,1800.0,966.98,0,Normal,No Risk
E90,S8,29069,28,42,31305.08,661,609,3360,35935.08,1800.0,234.79,33900.29,1800.0,1017.42,0,Normal,No Risk
E91,S6,19795,31,39,23601.73,854,37,3120,27612.73,1800.0,177.01,25635.72,1800.0,767.06,0,Normal,No Risk
E92,S2,26117,30,50,30135.0,1672,373,4000,36180.0,1800.0,226.01,34153.99,1800.0,979.39,0,Normal,No Risk
E93,S9,20164,25,41,19388.46,286,211,3280,23165.46,1800.0,145.41,21220.05,1800.0,630.12,0,Normal,No Risk
E94,S12,15859,31,45,18908.81,1685,719,3600,24912.81,1800.0,141.82,22970.99,1800.0,614.54,0,Normal,No Risk
E95,S9,26873,30,31,31007.31,325,905,2480,34717.31,1800.0,232.55,32684.76,1800.0,1007.74,0,Normal,No Risk
E96,S5,29421,22,42,24894.69,1484,819,3360,30557.69,1800.0,186.71,28570.98,1800.0,809.08,0,Normal,No Risk
E97,S8,23998,22,42,20306.0,1911,197,3360,25774.0,1800.0,152.29,23821.71,1800.0,659.95,0,Normal,No Risk
E98,S2,26987,28,45,29062.92,1078,474,3600,34214.92,1800.0,217.97,32196.95,1800.0,944.54,0,Normal,No Risk
E99,S11,17080,27,19,17736.92,1547,607,1520,21410.92,1800.0,133.03,19477.89,1800.0,576.45,0,Normal,No Risk
E100,S1,17127,25,48,16468.27,473,70,3840,20851.27,1800.0,123.51,18927.76,1800.0,535.22,0,Normal,No Risk
E101,S8,28260,25,14,27173.08,1631,255,1120,30179.08,1800.0,203.8,28175.28,1800.0,883.13,0,Normal,No Risk
E102,S1,21869,23,31,19345.65,1244,64,2480,23133.65,1800.0,145.09,21188.56,1800.0,628.73,0,Normal,No Risk
E103,S10,28510,22,31,24123.85,1513,611,2480,28727.85,1800.0,180.93,26746.92,1800.0,784.03,0,Normal,No Risk
E104,S9,18319,27,38,19023.58,922,283,3040,23268.58,1800.0,142.68,21325.9,1800.0,618.27,0,Normal,No Risk
E105,S5,28012,28,44,30166.77,779,640,3520,35105.77,1800.0,226.25,33079.52,1800.0,980.42,0,Normal,No Risk
E106,S12,27751,27,29,28818.35,1379,73,2320,32590.35,1800.0,216.14,30574.21,1800.0,936.6,0,Normal,No Risk
E107,S1,16505,21,0,13330.96,1606,141,0,15077.96,1599.72,99.98,13378.26,1599.72,433.26,0,Normal,No Risk
E108,S5,25177,30,25,29050.38,630,526,2000,32206.38,1800.0,217.88,30188.5,1800.0,944.14,0,Normal,No Risk
E109,S10,26454,24,19,24419.08,167,706,1520,26812.08,1800.0,183.14,24828.94,1800.0,793.62,0,Normal,No Risk
E110,S5,29588,27,28,30726.0,1521,518,2240,35005.0,1800.0,230.44,32974.56,1800.0,998.6,0,Normal,No Risk
E111,S3,18304,21,0,14784.0,1354,947,0,17085.0,1774.08,110.88,15200.04,1774.08,480.48,0,Normal,No Risk
E112,S12,24011,20,3,18470.0,749,385,240,19844.0,1800.0,138.53,17905.47,1800.0,600.27,0,Normal,No Risk
E113,S9,15361,22,31,12997.77,1847,517,2480,17841.77,1559.73,97.48,16184.56,1559.73,422.43,0,Normal,No Risk
E114,S8,15196,27,1,15780.46,1773,516,80,18149.46,1800.0,118.35,16231.11,1800.0,512.86,0,Normal,No Risk
E115,S5,19804,26,43,19804.0,577,934,3440,24755.0,1800.0,148.53,22806.47,1800.0,643.63,0,Normal,No Risk
E116,S12,17720,28,5,19083.08,1262,928,400,21673.08,1800.0,143.12,19729.96,1800.0,620.2,0,Normal,No Risk
E117,S1,26572,25,34,25550.0,791,854,2720,29915.0,1800.0,191.62,27923.38,1800.0,830.38,0,Normal,No Risk
E118,S3,25065,29,41,27957.12,1447,701,3280,33385.12,1800.0,209.68,31375.44,1800.0,908.61,0,Normal,No Risk
E119,S5,24711,31,45,29463.12,1577,81,3600,34721.12,1800.0,220.97,32700.14999999999,1800.0,957.55,0,Normal,No Risk
E120,S1,17306,21,5,13977.92,1927,194,400,16498.92,1677.35,104.83,14716.74,1677.35,454.28,0,Normal,No Risk
E121,S9,26712,20,23,20547.69,1037,39,1840,23463.69,1800.0,154.11,21509.58,1800.0,667.8,0,Normal,No Risk
E122,S5,26161,25,10,25154.81,1535,541,800,28030.81,1800.0,188.66,26042.15,1800.0,817.53,0,Normal,No Risk
E123,S4,21599,24,44,19937.54,679,829,3520,24965.54,1800.0,149.53,23016.01,1800.0,647.97,0,Normal,No Risk
E124,S10,16130,25,31,15509.62,933,959,2480,19881.62,1800.0,116.32,17965.3,1800.0,504.06,0,Normal,No Risk
E125,S11,27710,22,37,23446.92,74,822,2960,27302.92,1800.0,175.85,25327.07,1800.0,762.02,0,Normal,No Risk
E126,S8,26480,22,1,22406.15,1235,833,80,24554.15,1800.0,168.05,22586.1,1800.0,728.2,0,Normal,No Risk
E127,S11,27633,21,11,22318.96,1741,946,880,25885.96,1800.0,167.39,23918.57,1800.0,725.37,0,Normal,No Risk
E128,S9,21799,24,0,20122.15,1920,845,0,22887.15,1800.0,150.92,20936.23,1800.0,653.97,0,Normal,No Risk
E129,S6,17735,21,22,14324.42,1414,550,1760,18048.42,1718.93,107.43,16222.06,1718.93,465.54,0,Normal,No Risk
E130,S12,24989,31,5,29794.58,66,37,400,30297.58,1800.0,223.46,28274.12,1800.0,968.32,0,Normal,No Risk
E131,S6,22500,23,16,19903.85,555,934,1280,22672.85,1800.0,149.28,20723.57,1800.0,646.88,0,Normal,No Risk
E132,S3,25550,26,50,25550.0,372,642,4000,30564.0,1800.0,191.62,28572.38,1800.0,830.38,0,Normal,No Risk
E133,S5,29006,30,42,33468.46,885,316,3360,38029.46,1800.0,251.01,35978.45,1800.0,1087.72,0,Normal,No Risk
E134,S10,24169,21,37,19521.12,268,355,2960,23104.12,1800.0,146.41,21157.71,1800.0,634.44,0,Normal,No Risk
E135,S3,15551,31,27,18541.58,1844,50,2160,22595.58,1800.0,139.06,20656.52,1800.0,602.6,0,Normal,No Risk
E136,S7,27534,20,24,21180.0,1191,53,1920,24344.0,1800.0,158.85,22385.15,1800.0,688.35,0,Normal,No Risk
E137,S11,26563,26,43,26563.0,111,558,3440,30672.0,1800.0,199.22,28672.78,1800.0,863.3,0,Normal,No Risk
E138,S5,20639,22,27,17463.77,476,210,2160,20309.77,1800.0,130.98,18378.79,1800.0,567.57,0,Normal,No Risk
E139,S7,22350,21,14,18051.92,1915,885,1120,21971.92,1800.0,135.39,20036.53,1800.0,586.69,0,Normal,No Risk
E140,S4,23461,28,30,25265.69,1570,573,2400,29808.69,1800.0,189.49,27819.2,1800.0,821.13,0,Normal,No Risk
E141,S7,15771,27,20,16377.58,1149,387,1600,19513.58,1800.0,122.83,17590.75,1800.0,532.27,0,Normal,No Risk
E142,S10,22915,23,2,20270.96,1842,486,160,22758.96,1800.0,152.03,20806.93,1800.0,658.81,0,Normal,No Risk
E143,S11,24080,26,5,24080.0,946,342,400,25768.0,1800.0,180.6,23787.4,1800.0,782.6,0,Normal,No Risk
E144,S3,15426,31,7,18392.54,1524,232,560,20708.54,1800.0,137.94,18770.6,1800.0,597.76,0,Normal,No Risk
E145,S1,29643,21,19,23942.42,414,734,1520,26610.42,1800.0,179.57,24630.85,1800.0,778.13,0,Normal,No Risk
E146,S8,16114,22,47,13634.92,403,181,3760,17978.92,1636.19,102.26,16240.47,1636.19,443.13,0,Normal,No Risk
E147,S5,25980,31,41,30976.15,536,194,3280,34986.15,1800.0,232.32,32953.83,1800.0,1006.72,0,Normal,No Risk
E148,S11,20337,31,9,24247.96,180,880,720,26027.96,1800.0,181.86,24046.1,1800.0,788.06,0,Normal,No Risk
E149,S12,17590,30,47,20296.15,1682,919,3760,26657.15,1800.0,152.22,24704.93,1800.0,659.62,0,Normal,No Risk
E150,S2,27162,30,5,31340.77,12,982,400,32734.77,1800.0,235.06,30699.71,1800.0,1018.58,0,Normal,No Risk
E151,S6,16651,25,25,16010.58,1331,881,2000,20222.58,1800.0,120.08,18302.5,1800.0,520.34,0,Normal,No Risk
E152,S1,28506,27,1,29602.38,1357,731,80,31770.38,1800.0,222.02,29748.36,1800.0,962.08,0,Normal,No Risk
E153,S12,16265,21,32,13137.12,1997,717,2560,18411.12,1576.45,98.53,16736.14,1576.45,426.96,0,Normal,No Risk
E154,S9,23469,20,28,18053.08,1314,801,2240,22408.08,1800.0,135.4,20472.68,1800.0,586.73,0,Normal,No Risk
E155,S8,22482,29,25,25076.08,356,115,2000,27547.08,1800.0,188.07,25559.01,1800.0,814.97,0,Normal,No Risk
E156,S10,28669,24,48,26463.69,1782,105,3840,32190.69,1800.0,198.48,30192.21,1800.0,860.07,0,Normal,No Risk
E157,S1,26517,26,21,26517.0,1490,181,1680,29868.0,1800.0,198.88,27869.12,1800.0,861.8,0,Normal,No Risk
E158,S1,26981,25,41,25943.27,1167,477,3280,30867.27,1800.0,194.57,28872.7,1800.0,843.16,0,Normal,No Risk
E159,S4,24904,28,10,26819.69,1932,575,800,30126.69,1800.0,201.15,28125.54,1800.0,871.64,0,Normal,No Risk
E160,S11,22898,27,43,23778.69,1263,200,3440,28681.69,1800.0,178.34,26703.35,1800.0,772.81,0,Normal,No Risk
E161,S10,26504,29,39,29562.15,1081,157,3120,33920.15,1800.0,221.72,31898.43,1800.0,960.77,0,Normal,No Risk
E162,S5,26905,21,13,21730.96,1515,991,1040,25276.96,1800.0,162.98,23313.98,1800.0,706.26,0,Normal,No Risk
E163,S7,26867,24,39,24800.31,871,835,3120,29626.31,1800.0,186.0,27640.31,1800.0,806.01,0,Normal,No Risk
E164,S12,17929,24,46,16549.85,117,300,3680,20646.85,1800.0,124.12,18722.73,1800.0,537.87,0,Normal,No Risk
E165,S10,23781,24,18,21951.69,1757,242,1440,25390.69,1800.0,164.64,23426.05,1800.0,713.43,0,Normal,No Risk
E166,S4,19997,25,12,19227.88,1155,754,960,22096.88,1800.0,144.21,20152.67,1800.0,624.91,0,Normal,No Risk
E167,S10,21216,23,3,18768.0,1935,687,240,21630.0,1800.0,140.76,19689.24,1800.0,609.96,0,Normal,No Risk
E168,S9,21151,21,32,17083.5,666,533,2560,20842.5,1800.0,128.13,18914.37,1800.0,555.21,0,Normal,No Risk
E169,S2,20991,21,42,16954.27,56,186,3360,20556.27,1800.0,127.16,18629.11,1800.0,551.01,0,Normal,No Risk
E170,S8,17498,25,37,16825.0,1001,673,2960,21459.0,1800.0,126.19,19532.81,1800.0,546.81,0,Normal,No Risk
E171,S8,19661,30,0,22685.77,344,364,0,23393.77,1800.0,170.14,21423.63,1800.0,737.29,0,Normal,No Risk
E172,S8,25658,25,5,24671.15,1509,49,400,26629.15,1800.0,185.03,24644.12,1800.0,801.81,0,Normal,No Risk
E173,S10,24039,25,49,23114.42,1520,897,3920,29451.42,1800.0,173.36,27478.06,1800.0,751.22,0,Normal,No Risk
E174,S8,15802,31,31,18840.85,1826,818,2480,23964.85,1800.0,141.31,22023.54,1800.0,612.33,0,Normal,No Risk
E175,S7,16726,26,18,16726.0,1032,158,1440,19356.0,1800.0,125.44,17430.56,1800.0,543.6,0,Normal,No Risk
E176,S9,23029,31,24,27457.65,309,560,1920,30246.65,1800.0,205.93,28240.72,1800.0,892.37,0,Normal,No Risk
E177,S2,23836,30,17,27503.08,303,386,1360,29552.08,1800.0,206.27,27545.81,1800.0,893.85,0,Normal,No Risk
E178,S7,20297,27,2,21077.65,1911,942,160,24090.65,1800.0,158.08,22132.57,1800.0,685.02,0,Normal,No Risk
E179,S7,16193,30,23,18684.23,1839,893,1840,23256.23,1800.0,140.13,21316.1,1800.0,607.24,0,Normal,No Risk
E180,S9,19836,26,16,19836.0,1072,177,1280,22365.0,1800.0,148.77,20416.23,1800.0,644.67,0,Normal,No Risk
E181,S12,23886,20,6,18373.85,472,471,480,19796.85,1800.0,137.8,17859.05,1800.0,597.15,0,Normal,No Risk
E182,S3,28481,27,11,29576.42,907,631,880,31994.42,1800.0,221.82,29972.6,1800.0,961.23,0,Normal,No Risk
E183,S9,28787,31,18,34322.96,11,111,1440,35884.96,1800.0,257.42,33827.54,1800.0,1115.5,0,Normal,No Risk
E184,S12,27155,29,0,30288.27,1552,233,0,32073.27,1800.0,227.16,30046.11,1800.0,984.37,0,Normal,No Risk
E185,S8,24193,26,18,24193.0,1704,721,1440,28058.0,1800.0,181.45,26076.55,1800.0,786.27,0,Normal,No Risk
E186,S2,23228,22,35,19654.46,1009,233,2800,23696.46,1800.0,147.41,21749.05,1800.0,638.77,0,Normal,No Risk
E187,S11,15216,29,49,16971.69,297,330,3920,21518.69,1800.0,127.29,19591.4,1800.0,551.58,0,Normal,No Risk
E188,S3,17492,25,30,16819.23,1144,196,2400,20559.23,1800.0,126.14,18633.09,1800.0,546.62,0,Normal,No Risk
E189,S9,26208,26,1,26208.0,1286,39,80,27613.0,1800.0,196.56,25616.44,1800.0,851.76,0,Normal,No Risk
E190,S3,27757,23,9,24554.27,1406,474,720,27154.27,1800.0,184.16,25170.11,1800.0,798.01,0,Normal,No Risk
E191,S8,26840,20,20,20646.15,551,896,1600,23693.15,1800.0,154.85,21738.3,1800.0,671.0,0,Normal,No Risk
E192,S5,24303,29,40,27107.19,1519,827,3200,32653.19,1800.0,203.3,30649.89,1800.0,880.98,0,Normal,No Risk
E193,S5,29711,29,23,33139.19,1772,458,1840,37209.19,1800.0,248.54,35160.65,1800.0,1077.02,0,Normal,No Risk
E194,S2,17770,29,49,19820.38,1053,360,3920,25153.38,1800.0,148.65,23204.73,1800.0,644.16,0,Normal,No Risk
E195,S2,18716,31,15,22315.23,4,572,1200,24091.23,1800.0,167.36,22123.87,1800.0,725.24,0,Normal,No Risk
E196,S9,18312,31,29,21833.54,654,508,2320,25315.54,1800.0,163.75,23351.79,1800.0,709.59,0,Normal,No Risk
E197,S4,22959,28,19,24725.08,288,221,1520,26754.08,1800.0,185.44,24768.64,1800.0,803.57,0,Normal,No Risk
E198,S7,17361,27,18,18028.73,184,900,1440,20552.73,1800.0,135.22,18617.51,1800.0,585.93,0,Normal,No Risk
E199,S2,25022,29,23,27909.15,547,577,1840,30873.15,1800.0,209.32,28863.83,1800.0,907.05,0,Normal,No Risk
E200,S7,19768,30,32,22809.23,861,190,2560,26420.23,1800.0,171.07,24449.16,1800.0,741.3,0,Normal,No Risk
E201,S1,17397,30,40,20073.46,1995,188,3200,25456.46,1800.0,150.55,23505.91,1800.0,652.39,0,Normal,No Risk
E202,S9,18341,30,43,21162.69,1669,848,3440,27119.69,1800.0,158.72,25160.97,1800.0,687.79,0,Normal,No Risk
E203,S1,25139,21,23,20304.58,962,509,1840,23615.58,1800.0,152.28,21663.3,1800.0,659.9,0,Normal,No Risk
E204,S11,20993,27,0,21800.42,1863,683,0,24346.42,1800.0,163.5,22382.92,1800.0,708.51,0,Normal,No Risk
E205,S6,23218,28,17,25004.0,1588,145,1360,28097.0,1800.0,187.53,26109.47,1800.0,812.63,0,Normal,No Risk
E206,S2,19510,23,15,17258.85,1750,443,1200,20651.85,1800.0,129.44,18722.41,1800.0,560.91,0,Normal,No Risk
E207,S8,23160,22,22,19596.92,1765,676,1760,23797.92,1800.0,146.98,21850.94,1800.0,636.9,0,Normal,No Risk
E208,S10,29476,25,4,28342.31,30,763,320,29455.31,1800.0,212.57,27442.74,1800.0,921.13,0,Normal,No Risk
E209,S2,28897,26,35,28897.0,1451,359,2800,33507.0,1800.0,216.73,31490.27,1800.0,939.15,0,Normal,No Risk
E210,S4,15518,29,45,17308.54,513,79,3600,21500.54,1800.0,129.81,19570.73,1800.0,562.53,0,Normal,No Risk
E211,S10,17783,31,49,21202.81,1897,733,3920,27752.81,1800.0,159.02,25793.79,1800.0,689.09,0,Normal,No Risk
E212,S3,25225,31,45,30075.96,439,23,3600,34137.96,1800.0,225.57,32112.39,1800.0,977.47,0,Normal,No Risk
E213,S11,23277,27,21,24172.27,1217,299,1680,27368.27,1800.0,181.29,25386.98,1800.0,785.6,0,Normal,No Risk
E214,S10,18033,21,7,14565.12,1754,608,560,17487.12,1747.81,109.24,15630.07,1747.81,473.37,0,Normal,No Risk
E215,S2,24133,29,16,26917.58,1075,855,1280,30127.58,1800.0,201.88,28125.7,1800.0,874.82,0,Normal,No Risk
E216,S11,27934,21,40,22562.08,1650,681,3200,28093.08,1800.0,169.22,26123.86,1800.0,733.27,0,Normal,No Risk
E217,S8,15887,31,41,18942.19,1096,203,3280,23521.19,1800.0,142.07,21579.12,1800.0,615.62,0,Normal,No Risk
E218,S5,21587,21,17,17435.65,358,85,1360,19238.65,1800.0,130.77,17307.88,1800.0,566.66,0,Normal,No Risk
E219,S4,24063,31,28,28690.5,791,378,2240,32099.5,1800.0,215.18,30084.32,1800.0,932.44,0,Normal,No Risk
E220,S3,18040,25,49,17346.15,1352,47,3920,22665.15,1800.0,130.1,20735.05,1800.0,563.75,0,Normal,No Risk
E221,S10,16160,24,22,14916.92,384,483,1760,17543.92,1790.03,111.88,15642.01,1790.03,484.8,0,Normal,No Risk
E222,S4,18688,30,10,21563.08,419,731,800,23513.08,1800.0,161.72,21551.36,1800.0,700.8,0,Normal,No Risk
E223,S10,19285,24,16,17801.54,1893,854,1280,21828.54,1800.0,133.51,19895.03,1800.0,578.55,0,Normal,No Risk
E224,S3,26466,27,50,27483.92,1908,907,4000,34298.92,1800.0,206.13,32292.79,1800.0,893.23,0,Normal,No Risk
E225,S7,19927,20,14,15328.46,1571,947,1120,18966.46,1800.0,114.96,17051.5,1800.0,498.17,0,Normal,No Risk
E226,S10,18422,20,20,14170.77,208,256,1600,16234.77,1700.49,106.28,14428.0,1700.49,460.55,0,Normal,No Risk
E227,S8,22183,28,42,23889.38,9,792,3360,28050.38,1800.0,179.17,26071.21,1800.0,776.4,0,Normal,No Risk
E228,S3,19081,28,14,20548.77,1590,378,1120,23636.77,1800.0,154.12,21682.65,1800.0,667.84,0,Normal,No Risk
E229,S8,16012,23,4,14164.46,1536,392,320,16412.46,1699.74,106.23,14606.49,1699.74,460.34,0,Normal,No Risk
E230,S5,25205,20,1,19388.46,1818,521,80,21807.46,1800.0,145.41,19862.05,1800.0,630.12,0,Normal,No Risk
E231,S6,21344,24,18,19702.15,610,204,1440,21956.15,1800.0,147.77,20008.38,1800.0,640.32,0,Normal,No Risk
E232,S9,16765,31,16,19989.04,909,537,1280,22715.04,1800.0,149.92,20765.12,1800.0,649.64,0,Normal,No Risk
E233,S4,16744,21,36,13524.0,1193,160,2880,17757.0,1622.88,101.43,16032.69,1622.88,439.53,0,Normal,No Risk
E234,S5,19027,29,42,21222.42,1638,916,3360,27136.42,1800.0,159.17,25177.25,1800.0,689.73,0,Normal,No Risk
E235,S7,20203,27,10,20980.04,755,751,800,23286.04,1800.0,157.35,21328.69,1800.0,681.85,0,Normal,No Risk
E236,S9,20286,30,3,23406.92,1716,414,240,25776.92,1800.0,175.55,23801.37,1800.0,760.72,0,Normal,No Risk
E237,S11,22549,23,17,19947.19,328,361,1360,21996.19,1800.0,149.6,20046.59,1800.0,648.28,0,Normal,No Risk
E238,S4,18290,24,20,16883.08,521,18,1600,19022.08,1800.0,126.62,17095.46,1800.0,548.7,0,Normal,No Risk
E239,S5,22718,22,42,19222.92,1000,647,3360,24229.92,1800.0,144.17,22285.75,1800.0,624.74,0,Normal,No Risk
E240,S7,23338,23,7,20645.15,528,267,560,22000.15,1800.0,154.84,20045.31,1800.0,670.97,0,Normal,No Risk
E241,S3,18732,30,28,21613.85,436,649,2240,24938.85,1800.0,162.1,22976.75,1800.0,702.45,0,Normal,No Risk
E242,S2,24994,21,21,20187.46,1289,897,1680,24053.46,1800.0,151.41,22102.05,1800.0,656.09,0,Normal,No Risk
E243,S2,25644,29,0,28602.92,483,803,0,29888.92,1800.0,214.52,27874.4,1800.0,929.59,0,Normal,No Risk
E244,S10,26814,22,23,22688.77,1721,262,1840,26511.77,1800.0,170.17,24541.6,1800.0,737.39,0,Normal,No Risk
E245,S9,29589,24,32,27312.92,1728,523,2560,32123.92,1800.0,204.85,30119.07,1800.0,887.67,0,Normal,No Risk
E246,S7,18865,29,47,21041.73,516,801,3760,26118.73,1800.0,157.81,24160.92,1800.0,683.86,0,Normal,No Risk
E247,S12,25492,24,28,23531.08,1657,727,2240,28155.08,1800.0,176.48,26178.6,1800.0,764.76,0,Normal,No Risk
E248,S7,21052,20,2,16193.85,1555,40,160,17948.85,1800.0,121.45,16027.4,1800.0,526.3,0,Normal,No Risk
E249,S11,17338,23,8,15337.46,857,723,640,17557.46,1800.0,115.03,15642.43,1800.0,498.47,0,Normal,No Risk
E250,S9,16540,20,8,12723.08,273,603,640,14239.08,1526.77,95.42,12616.89,1526.77,413.5,0,Normal,No Risk
E251,S2,19723,29,20,21998.73,1605,83,1600,25286.73,1800.0,164.99,23321.74,1800.0,714.96,0,Normal,No Risk
E252,S9,18577,22,1,15719.0,891,88,80,16778.0,1800.0,117.89,14860.11,1800.0,510.87,0,Normal,No Risk
E253,S9,27750,24,35,25615.38,1439,297,2800,30151.38,1800.0,192.12,28159.26,1800.0,832.5,0,Normal,No Risk
E254,S8,17764,27,2,18447.23,1201,217,160,20025.23,1800.0,138.35,18086.88,1800.0,599.53,0,Normal,No Risk
E255,S5,23160,24,15,21378.46,210,517,1200,23305.46,1800.0,160.34,21345.12,1800.0,694.8,0,Normal,No Risk
E256,S6,20055,20,28,15426.92,704,592,2240,18962.92,1800.0,115.7,17047.22,1800.0,501.37,0,Normal,No Risk
E257,S8,15590,23,16,13791.15,739,441,1280,16251.15,1654.94,103.43,14492.78,1654.94,448.21,0,Normal,No Risk
E258,S4,17795,25,46,17110.58,1439,22,3680,22251.58,1800.0,128.33,20323.25,1800.0,556.09,0,Normal,No Risk
E259,S8,18329,27,39,19033.96,1531,113,3120,23797.96,1800.0,142.75,21855.21,1800.0,618.6,0,Normal,No Risk
E260,S9,26447,25,10,25429.81,1184,960,800,28373.81,1800.0,190.72,26383.09,1800.0,826.47,0,Normal,No Risk
E261,S3,25731,22,35,21772.38,1862,801,2800,27235.38,1800.0,163.29,25272.09,1800.0,707.6,0,Normal,No Risk
E262,S3,17182,20,34,13216.92,845,113,2720,16894.92,1586.03,99.13,15209.76,1586.03,429.55,0,Normal,No Risk
E263,S1,18845,23,45,16670.58,378,753,3600,21401.58,1800.0,125.03,19476.55,1800.0,541.79,0,Normal,No Risk
E264,S3,29977,30,8,34588.85,1712,488,640,37428.85,1800.0,259.42,35369.43,1800.0,1124.14,0,Normal,No Risk
E265,S8,15808,25,19,15200.0,1888,35,1520,18643.0,1800.0,114.0,16729.0,1800.0,494.0,0,Normal,No Risk
E266,S10,18084,30,22,20866.15,1369,313,1760,24308.15,1800.0,156.5,22351.65,1800.0,678.15,0,Normal,No Risk
E267,S11,15204,20,38,11695.38,1985,821,3040,17541.38,1403.45,87.72,16050.21,1403.45,380.1,1,High Risk,"Gross ₹17,541 differs significantly from basic ₹11"
E268,S10,18419,31,25,21961.12,226,490,2000,24677.12,1800.0,164.71,22712.41,1800.0,713.74,0,Normal,No Risk
E269,S10,25177,27,37,26145.35,1450,914,2960,31469.35,1800.0,196.09,29473.26,1800.0,849.72,0,Normal,No Risk
E270,S5,17883,23,2,15819.58,922,324,160,17225.58,1800.0,118.65,15306.93,1800.0,514.14,0,Normal,No Risk
E271,S5,24255,31,31,28919.42,1607,381,2480,33387.42,1800.0,216.9,31370.52,1800.0,939.88,0,Normal,No Risk
E272,S3,23168,30,22,26732.31,1385,50,1760,29927.31,1800.0,200.49,27926.82,1800.0,868.8,0,Normal,No Risk
E273,S8,28120,29,19,31364.62,207,469,1520,33560.62,1800.0,235.23,31525.39,1800.0,1019.35,0,Normal,No Risk
E274,S5,16391,26,40,16391.0,1342,139,3200,21072.0,1800.0,122.93,19149.07,1800.0,532.71,0,Normal,No Risk
E275,S12,25899,20,35,19922.31,1405,203,2800,24330.31,1800.0,149.42,22380.89,1800.0,647.48,0,Normal,No Risk
E276,S6,26860,20,46,20661.54,4,200,3680,24545.54,1800.0,154.96,22590.58,1800.0,671.5,0,Normal,No Risk
E277,S1,27338,20,34,21029.23,1981,771,2720,26501.23,1800.0,157.72,24543.51,1800.0,683.45,0,Normal,No Risk
E278,S7,24253,30,36,27984.23,1198,732,2880,32794.23,1800.0,209.88,30784.34999999999,1800.0,909.49,0,Normal,No Risk
E279,S10,21616,30,32,24941.54,1458,534,2560,29493.54,1800.0,187.06,27506.48,1800.0,810.6,0,Normal,No Risk
E280,S8,28841,21,2,23294.65,128,552,160,24134.65,1800.0,174.71,22159.94,1800.0,757.08,0,Normal,No Risk
E281,S3,26004,28,11,28004.31,1333,246,880,30463.31,1800.0,210.03,28453.28,1800.0,910.14,0,Normal,No Risk
E282,S9,29553,24,37,27279.69,1146,461,2960,31846.69,1800.0,204.6,29842.09,1800.0,886.59,0,Normal,No Risk
E283,S4,24823,30,27,28641.92,1201,336,2160,32338.92,1800.0,214.81,30324.11,1800.0,930.86,0,Normal,No Risk
E284,S7,21987,30,42,25369.62,764,19,3360,29512.62,1800.0,190.27,27522.35,1800.0,824.51,0,Normal,No Risk
E285,S10,25563,21,32,20647.04,54,102,2560,23363.04,1800.0,154.85,21408.19,1800.0,671.03,0,Normal,No Risk
E286,S3,20482,30,22,23633.08,38,137,1760,25568.08,1800.0,177.25,23590.83,1800.0,768.08,0,Normal,No Risk
E287,S2,27190,22,49,23006.92,801,309,3920,28036.92,1800.0,172.55,26064.37,1800.0,747.72,0,Normal,No Risk
E288,S7,28356,21,24,22902.92,1454,264,1920,26540.92,1800.0,171.77,24569.15,1800.0,744.34,0,Normal,No Risk
E289,S2,17775,30,35,20509.62,131,763,2800,24203.62,1800.0,153.82,22249.8,1800.0,666.56,0,Normal,No Risk
E290,S12,27282,29,43,30429.92,1336,172,3440,35377.92,1800.0,228.22,33349.7,1800.0,988.97,0,Normal,No Risk
E291,S4,19427,30,46,22415.77,219,752,3680,27066.77,1800.0,168.12,25098.65,1800.0,728.51,0,Normal,No Risk
E292,S11,19815,28,13,21339.23,1240,211,1040,23830.23,1800.0,160.04,21870.19,1800.0,693.52,0,Normal,No Risk
E293,S5,23913,22,42,20234.08,821,8,3360,24423.08,1800.0,151.76,22471.32,1800.0,657.61,0,Normal,No Risk
E294,S5,21964,27,3,22808.77,1102,366,240,24516.77,1800.0,171.07,22545.7,1800.0,741.29,0,Normal,No Risk
E295,S9,21806,29,8,24322.08,994,796,640,26752.08,1800.0,182.42,24769.66,1800.0,790.47,0,Normal,No Risk
E296,S8,27095,23,47,23968.65,531,200,3760,28459.65,1800.0,179.76,26479.89,1800.0,778.98,0,Normal,No Risk
E297,S5,26418,29,26,29466.23,860,221,2080,32627.23,1800.0,221.0,30606.23,1800.0,957.65,0,Normal,No Risk
E298,S6,26761,25,22,25731.73,159,828,1760,28478.73,1800.0,192.99,26485.74,1800.0,836.28,0,Normal,No Risk
E299,S9,20677,22,8,17495.92,290,829,640,19254.92,1800.0,131.22,17323.7,1800.0,568.62,0,Normal,No Risk
E300,S9,24201,25,13,23270.19,403,938,1040,25651.19,1800.0,174.53,23676.66,1800.0,756.28,0,Normal,No Risk
E301,S11,21433,24,22,19784.31,811,164,1760,22519.31,1800.0,148.38,20570.93,1800.0,642.99,0,Normal,No Risk
E302,S8,29205,20,1,22465.38,1457,104,80,24106.38,1800.0,168.49,22137.89,1800.0,730.12,0,Normal,No Risk
E303,S4,26756,29,33,29843.23,174,870,2640,33527.23,1800.0,223.82,31503.41,1800.0,969.9,0,Normal,No Risk
E304,S8,16113,25,8,15493.27,1643,517,640,18293.27,1800.0,116.2,16377.07,1800.0,503.53,0,Normal,No Risk
E305,S5,21304,20,46,16387.69,1862,819,3680,22748.69,1800.0,122.91,20825.78,1800.0,532.6,0,Normal,No Risk
E306,S9,24184,28,17,26044.31,1793,320,1360,29517.31,1800.0,195.33,27521.98,1800.0,846.44,0,Normal,No Risk
E307,S9,19711,25,31,18952.88,536,316,2480,22284.88,1800.0,142.15,20342.73,1800.0,615.97,0,Normal,No Risk
E308,S12,20840,28,49,22443.08,1218,533,3920,28114.08,1800.0,168.32,26145.76,1800.0,729.4,0,Normal,No Risk
E309,S3,23739,20,7,18260.77,1154,435,560,20409.77,1800.0,136.96,18472.81,1800.0,593.48,0,Normal,No Risk
E310,S6,23015,31,17,27440.96,1456,523,1360,30779.96,1800.0,205.81,28774.15,1800.0,891.83,0,Normal,No Risk
E311,S7,25034,25,41,24071.15,1377,708,3280,29436.15,1800.0,180.53,27455.62,1800.0,782.31,0,Normal,No Risk
E312,S5,21049,25,50,20239.42,608,819,4000,25666.42,1800.0,151.8,23714.62,1800.0,657.78,0,Normal,No Risk
E313,S6,25436,25,34,24457.69,1582,847,2720,29606.69,1800.0,183.43,27623.26,1800.0,794.87,0,Normal,No Risk
E314,S10,28201,26,23,28201.0,1609,46,1840,31696.0,1800.0,211.51,29684.49,1800.0,916.53,0,Normal,No Risk
E315,S3,27234,24,37,25139.08,953,194,2960,29246.08,1800.0,188.54,27257.54,1800.0,817.02,0,Normal,No Risk
E316,S10,20533,24,36,18953.54,483,108,2880,22424.54,1800.0,142.15,20482.39,1800.0,615.99,0,Normal,No Risk
E317,S9,17416,22,49,14736.62,739,603,3920,19998.62,1768.39,110.52,18119.71,1768.39,478.94,0,Normal,No Risk
E318,S12,22705,21,1,18338.65,220,729,80,19367.65,1800.0,137.54,17430.11,1800.0,596.01,0,Normal,No Risk
E319,S12,29985,25,43,28831.73,1945,274,3440,34490.73,1800.0,216.24,32474.48999999999,1800.0,937.03,0,Normal,No Risk
E320,S6,24002,26,48,24002.0,99,877,3840,28818.0,1800.0,180.01,26837.99,1800.0,780.07,0,Normal,No Risk
E321,S5,21806,21,36,17612.54,1304,421,2880,22217.54,1800.0,132.09,20285.45,1800.0,572.41,0,Normal,No Risk
E322,S8,17725,28,33,19088.46,859,119,2640,22706.46,1800.0,143.16,20763.3,1800.0,620.37,0,Normal,No Risk
E323,S3,19270,20,18,14823.08,833,312,1440,17408.08,1778.77,111.17,15518.14,1778.77,481.75,0,Normal,No Risk
E324,S11,15696,27,35,16299.69,1413,98,2800,20610.69,1800.0,122.25,18688.44,1800.0,529.74,0,Normal,No Risk
E325,S3,27016,30,8,31172.31,1657,819,640,34288.31,1800.0,233.79,32254.52,1800.0,1013.1,0,Normal,No Risk
E326,S6,19378,26,26,19378.0,119,886,2080,22463.0,1800.0,145.34,20517.66,1800.0,629.78,0,Normal,No Risk
E327,S6,24020,22,15,20324.62,1687,718,1200,23929.62,1800.0,152.43,21977.19,1800.0,660.55,0,Normal,No Risk
E328,S4,19455,23,27,17210.19,1673,351,2160,21394.19,1800.0,129.08,19465.11,1800.0,559.33,0,Normal,No Risk
E329,S10,17950,25,12,17259.62,736,484,960,19439.62,1800.0,129.45,17510.17,1800.0,560.94,0,Normal,No Risk
E330,S2,17628,31,25,21018.0,913,350,2000,24281.0,1800.0,157.63,22323.37,1800.0,683.09,0,Normal,No Risk
E331,S3,15167,25,30,14583.65,600,64,2400,17647.65,1750.04,109.38,15788.23,1750.04,473.97,0,Normal,No Risk
E332,S4,20605,27,45,21397.5,747,967,3600,26711.5,1800.0,160.48,24751.02,1800.0,695.42,0,Normal,No Risk
E333,S4,23888,27,35,24806.77,775,734,2800,29115.77,1800.0,186.05,27129.72,1800.0,806.22,0,Normal,No Risk
E334,S12,19176,20,36,14750.77,534,397,2880,18561.77,1770.09,110.63,16681.05,1770.09,479.4,0,Normal,No Risk
E335,S4,25348,23,29,22423.23,773,493,2320,26009.23,1800.0,168.17,24041.06,1800.0,728.75,0,Normal,No Risk
E336,S6,29847,24,9,27551.08,756,548,720,29575.08,1800.0,206.63,27568.45,1800.0,895.41,0,Normal,No Risk
E337,S3,21579,20,6,16599.23,777,712,480,18568.23,1800.0,124.49,16643.74,1800.0,539.47,0,Normal,No Risk
E338,S11,18753,22,10,15867.92,834,78,800,17579.92,1800.0,119.01,15660.91,1800.0,515.71,0,Normal,No Risk
E339,S11,25933,20,12,19948.46,999,405,960,22312.46,1800.0,149.61,20362.85,1800.0,648.32,0,Normal,No Risk
E340,S5,26707,23,49,23625.42,1059,242,3920,28846.42,1800.0,177.19,26869.23,1800.0,767.83,0,Normal,No Risk
E341,S8,29161,31,28,34768.88,864,943,2240,38815.88,1800.0,260.77,36755.11,1800.0,1129.99,0,Normal,No Risk
E342,S7,20378,25,39,19594.23,803,259,3120,23776.23,1800.0,146.96,21829.27,1800.0,636.81,0,Normal,No Risk
E343,S7,18319,27,13,19023.58,513,171,1040,20747.58,1800.0,142.68,18804.9,1800.0,618.27,0,Normal,No Risk
E344,S12,16515,27,6,17150.19,1037,734,480,19401.19,1800.0,128.63,17472.56,1800.0,557.38,0,Normal,No Risk
E345,S4,27401,25,37,26347.12,1797,296,2960,31400.12,1800.0,197.6,29402.52,1800.0,856.28,0,Normal,No Risk
E346,S3,26401,28,8,28431.85,1327,482,640,30880.85,1800.0,213.24,28867.61,1800.0,924.04,0,Normal,No Risk
E347,S10,29226,30,18,33722.31,933,598,1440,36693.31,1800.0,252.92,34640.39,1800.0,1095.98,0,Normal,No Risk
E348,S2,19043,25,5,18310.58,729,196,400,19635.58,1800.0,137.33,17698.25,1800.0,595.09,0,Normal,No Risk
E349,S8,28827,22,20,24392.08,73,324,1600,26389.08,1800.0,182.94,24406.14,1800.0,792.74,0,Normal,No Risk
E350,S7,28923,24,5,26698.15,545,305,400,27948.15,1800.0,200.24,25947.91,1800.0,867.69,0,Normal,No Risk
E351,S12,20415,22,39,17274.23,1087,614,3120,22095.23,1800.0,129.56,20165.67,1800.0,561.41,0,Normal,No Risk
E352,S8,16764,21,17,13540.15,1464,24,1360,16388.15,1624.82,101.55,14661.78,1624.82,440.05,0,Normal,No Risk
E353,S8,26008,25,37,25007.69,1384,420,2960,29771.69,1800.0,187.56,27784.13,1800.0,812.75,0,Normal,No Risk
E354,S9,21692,24,46,20023.38,1709,852,3680,26264.38,1800.0,150.18,24314.2,1800.0,650.76,0,Normal,No Risk
E355,S5,17134,25,35,16475.0,1752,968,2800,21995.0,1800.0,123.56,20071.44,1800.0,535.44,0,Normal,No Risk
E356,S7,16717,29,14,18645.88,860,607,1120,21232.88,1800.0,139.84,19293.04,1800.0,605.99,0,Normal,No Risk
E357,S1,23385,26,13,23385.0,455,965,1040,25845.0,1800.0,175.39,23869.61,1800.0,760.01,0,Normal,No Risk
E358,S6,28692,29,8,32002.62,18,134,640,32794.62,1800.0,240.02,30754.59999999999,1800.0,1040.09,0,Normal,No Risk
E359,S9,28553,27,34,29651.19,1213,121,2720,33705.19,1800.0,222.38,31682.81,1800.0,963.66,0,Normal,No Risk
E360,S12,16789,21,21,13560.35,806,315,1680,16361.35,1627.24,101.7,14632.41,1627.24,440.71,0,Normal,No Risk
E361,S8,19069,29,3,21269.27,1723,932,240,24164.27,1800.0,159.52,22204.75,1800.0,691.25,0,Normal,No Risk
E362,S3,20924,27,24,21728.77,1580,996,1920,26224.77,1800.0,162.97,24261.8,1800.0,706.19,0,Normal,No Risk
E363,S4,27841,24,29,25699.38,773,266,2320,29058.38,1800.0,192.75,27065.63,1800.0,835.23,0,Normal,No Risk
E364,S1,23402,26,36,23402.0,111,953,2880,27346.0,1800.0,175.51,25370.49,1800.0,760.57,0,Normal,No Risk
E365,S8,29534,28,3,31805.85,260,708,240,33013.85,1800.0,238.54,30975.31,1800.0,1033.69,0,Normal,No Risk
E366,S3,24265,24,1,22398.46,1974,479,80,24931.46,1800.0,167.99,22963.47,1800.0,727.95,0,Normal,No Risk
E367,S4,27495,22,10,23265.0,1505,591,800,26161.0,1800.0,174.49,24186.51,1800.0,756.11,0,Normal,No Risk
E368,S8,19561,31,13,23322.73,248,267,1040,24877.73,1800.0,174.92,22902.81,1800.0,757.99,0,Normal,No Risk
E369,S9,23044,28,13,24816.62,457,991,1040,27304.62,1800.0,186.12,25318.5,1800.0,806.54,0,Normal,No Risk
E370,S3,25765,23,22,22792.12,1076,135,1760,25763.12,1800.0,170.94,23792.18,1800.0,740.74,0,Normal,No Risk
E371,S1,29965,26,33,29965.0,53,52,2640,32710.0,1800.0,224.74,30685.26,1800.0,973.86,0,Normal,No Risk
E372,S7,29013,26,23,29013.0,1527,941,1840,33321.0,1800.0,217.6,31303.4,1800.0,942.92,0,Normal,No Risk
E373,S11,19068,20,28,14667.69,623,871,2240,18401.69,1760.12,110.01,16531.56,1760.12,476.7,0,Normal,No Risk
E374,S1,19258,31,48,22961.46,159,792,3840,27752.46,1800.0,172.21,25780.25,1800.0,746.25,0,Normal,No Risk
E375,S8,26603,25,3,25579.81,119,419,240,26357.81,1800.0,191.85,24365.96,1800.0,831.34,0,Normal,No Risk
E376,S7,18117,27,39,18813.81,448,869,3120,23250.81,1800.0,141.1,21309.71,1800.0,611.45,0,Normal,No Risk
E377,S6,22393,27,40,23254.27,1004,280,3200,27738.27,1800.0,174.41,25763.86,1800.0,755.76,0,Normal,No Risk
E378,S2,22657,26,47,22657.0,1646,373,3760,28436.0,1800.0,169.93,26466.07,1800.0,736.35,0,Normal,No Risk
E379,S7,22695,20,1,17457.69,1840,566,80,19943.69,1800.0,130.93,18012.76,1800.0,567.37,0,Normal,No Risk
E380,S7,28541,21,22,23052.35,1996,422,1760,27230.35,1800.0,172.89,25257.46,1800.0,749.2,0,Normal,No Risk
E381,S7,22790,27,48,23666.54,927,702,3840,29135.54,1800.0,177.5,27158.04,1800.0,769.16,0,Normal,No Risk
E382,S11,17670,23,16,15631.15,1094,555,1280,18560.15,1800.0,117.23,16642.92,1800.0,508.01,0,Normal,No Risk
E383,S6,21095,23,41,18660.96,1969,140,3280,24049.96,1800.0,139.96,22110.0,1800.0,606.48,0,Normal,No Risk
E384,S10,28428,29,38,31708.15,1814,418,3040,36980.15,1800.0,237.81,34942.34,1800.0,1030.51,0,Normal,No Risk
E385,S10,24069,28,16,25920.46,241,825,1280,28266.46,1800.0,194.4,26272.06,1800.0,842.41,0,Normal,No Risk
E386,S6,16863,27,46,17511.58,539,663,3680,22393.58,1800.0,131.34,20462.24,1800.0,569.13,0,Normal,No Risk
E387,S2,26289,20,41,20222.31,124,67,3280,23693.31,1800.0,151.67,21741.64,1800.0,657.23,0,Normal,No Risk
E388,S5,26786,30,47,30906.92,372,637,3760,35675.92,1800.0,231.8,33644.12,1800.0,1004.47,0,Normal,No Risk
E389,S7,29839,23,3,26396.04,1258,35,240,27929.04,1800.0,197.97,25931.07,1800.0,857.87,0,Normal,No Risk
E390,S2,18543,25,1,17829.81,226,853,80,18988.81,1800.0,133.72,17055.09,1800.0,579.47,0,Normal,No Risk
E391,S6,21327,20,2,16405.38,1182,573,160,18320.38,1800.0,123.04,16397.34,1800.0,533.17,0,Normal,No Risk
E392,S5,27831,23,4,24619.73,1262,162,320,26363.73,1800.0,184.65,24379.08,1800.0,800.14,0,Normal,No Risk
E393,S5,20545,31,3,24495.96,1762,185,240,26682.96,1800.0,183.72,24699.24,1800.0,796.12,0,Normal,No Risk
E394,S1,19405,28,17,20897.69,1791,237,1360,24285.69,1800.0,156.73,22328.96,1800.0,679.17,0,Normal,No Risk
E395,S12,19385,25,17,18639.42,136,540,1360,20675.42,1800.0,139.8,18735.62,1800.0,605.78,0,Normal,No Risk
E396,S6,18353,29,10,20470.65,997,620,800,22887.65,1800.0,153.53,20934.12,1800.0,665.3,0,Normal,No Risk
E397,S6,23834,23,47,21083.92,217,91,3760,25151.92,1800.0,158.13,23193.79,1800.0,685.23,0,Normal,No Risk
E398,S1,29203,23,30,25833.42,184,897,2400,29314.42,1800.0,193.75,27320.67,1800.0,839.59,0,Normal,No Risk
E399,S2,29490,20,28,22684.62,1808,521,2240,27253.62,1800.0,170.13,25283.49,1800.0,737.25,0,Normal,No Risk
E400,S4,15013,24,4,13858.15,1579,159,320,15916.15,1662.98,103.94,14149.23,1662.98,450.39,0,Normal,No Risk
E401,S7,26853,29,32,29951.42,1321,79,2560,33911.42,1800.0,224.64,31886.78,1800.0,973.42,0,Normal,No Risk
E402,S12,25247,20,2,19420.77,623,731,160,20934.77,1800.0,145.66,18989.11,1800.0,631.18,0,Normal,No Risk
E403,S7,16040,22,39,13572.31,1598,51,3120,18341.31,1628.68,101.79,16610.84,1628.68,441.1,0,Normal,No Risk
E404,S3,15419,31,15,18384.19,1818,851,1200,22253.19,1800.0,137.88,20315.31,1800.0,597.49,0,Normal,No Risk
E405,S12,22420,31,48,26731.54,121,784,3840,31476.54,1800.0,200.49,29476.05,1800.0,868.78,0,Normal,No Risk
E406,S6,18058,29,48,20141.62,1779,625,3840,26385.62,1800.0,151.06,24434.56,1800.0,654.6,0,Normal,No Risk
E407,S12,17285,31,40,20609.04,723,404,3200,24936.04,1800.0,154.57,22981.47,1800.0,669.79,0,Normal,No Risk
E408,S1,24148,30,16,27863.08,1646,248,1280,31037.08,1800.0,208.97,29028.11,1800.0,905.55,0,Normal,No Risk
E409,S8,17219,20,0,13245.38,1146,384,0,14775.38,1589.45,99.34,13086.59,1589.45,430.47,0,Normal,No Risk
E410,S4,25828,22,18,21854.46,979,240,1440,24513.46,1800.0,163.91,22549.55,1800.0,710.27,0,Normal,No Risk
E411,S7,24932,21,18,20137.38,509,401,1440,22487.38,1800.0,151.03,20536.35,1800.0,654.46,0,Normal,No Risk
E412,S8,15480,27,48,16075.38,1125,49,3840,21089.38,1800.0,120.57,19168.81,1800.0,522.45,0,Normal,No Risk
E413,S9,21185,30,21,24444.23,1729,314,1680,28167.23,1800.0,183.33,26183.9,1800.0,794.44,0,Normal,No Risk
E414,S1,19159,25,42,18422.12,271,501,3360,22554.12,1800.0,138.17,20615.95,1800.0,598.72,0,Normal,No Risk
E415,S11,23471,22,32,19860.08,1069,926,2560,24415.08,1800.0,148.95,22466.13,1800.0,645.45,0,Normal,No Risk
E416,S6,28265,29,31,31526.35,1808,863,2480,36677.35,1800.0,236.45,34640.9,1800.0,1024.61,0,Normal,No Risk
E417,S10,24599,27,10,25545.12,1220,233,800,27798.12,1800.0,191.59,25806.53,1800.0,830.22,0,Normal,No Risk
E418,S2,15264,25,16,14676.92,1072,115,1280,17143.92,1761.23,110.08,15272.61,1761.23,477.0,0,Normal,No Risk
E419,S11,20922,29,21,23336.08,1437,271,1680,26724.08,1800.0,175.02,24749.06,1800.0,758.42,0,Normal,No Risk
E420,S10,24355,30,41,28101.92,1455,487,3280,33323.92,1800.0,210.76,31313.16,1800.0,913.31,0,Normal,No Risk
E421,S11,17124,31,10,20417.08,732,28,800,21977.08,1800.0,153.13,20023.95,1800.0,663.56,0,Normal,No Risk
E422,S2,19087,27,25,19821.12,1672,675,2000,24168.12,1800.0,148.66,22219.46,1800.0,644.19,0,Normal,No Risk
E423,S10,19531,23,10,17277.42,342,662,800,19081.42,1800.0,129.58,17151.84,1800.0,561.52,0,Normal,No Risk
E424,S7,23220,29,3,25899.23,1924,840,240,28903.23,1800.0,194.24,26908.99,1800.0,841.72,0,Normal,No Risk
E425,S2,18765,21,20,15156.35,930,305,1600,17991.35,1800.0,113.67,16077.68,1800.0,492.58,0,Normal,No Risk
E426,S9,27337,31,50,32594.12,348,48,4000,36990.12,1800.0,244.46,34945.66,1800.0,1059.31,0,Normal,No Risk
E427,S9,19028,29,45,21223.54,1083,190,3600,26096.54,1800.0,159.18,24137.36,1800.0,689.77,0,Normal,No Risk
E428,S1,29287,24,49,27034.15,1935,608,3920,33497.15,1800.0,202.76,31494.39,1800.0,878.61,0,Normal,No Risk
E429,S8,16961,23,16,15003.96,484,64,1280,16831.96,1800.0,112.53,14919.43,1800.0,487.63,0,Normal,No Risk
E430,S8,24412,25,41,23473.08,1557,637,3280,28947.08,1800.0,176.05,26971.03,1800.0,762.88,0,Normal,No Risk
E431,S5,18193,22,39,15394.08,1894,216,3120,20624.08,1800.0,115.46,18708.62,1800.0,500.31,0,Normal,No Risk
E432,S4,23275,26,16,23275.0,1578,942,1280,27075.0,1800.0,174.56,25100.44,1800.0,756.44,0,Normal,No Risk
E433,S11,28737,31,36,34263.35,1583,426,2880,39152.35,1800.0,256.98,37095.37,1800.0,1113.56,0,Normal,No Risk
E434,S2,28838,23,18,25510.54,1027,914,1440,28891.54,1800.0,191.33,26900.21,1800.0,829.09,0,Normal,No Risk
E435,S6,17793,21,27,14371.27,1859,902,2160,19292.27,1724.55,107.78,17459.94,1724.55,467.07,0,Normal,No Risk
E436,S1,22283,22,15,18854.85,1993,692,1200,22739.85,1800.0,141.41,20798.44,1800.0,612.78,0,Normal,No Risk
E437,S12,29322,27,41,30449.77,142,48,3280,33919.77,1800.0,228.37,31891.40000000001,1800.0,989.62,0,Normal,No Risk
E438,S6,18117,21,13,14632.96,945,941,1040,17558.96,1755.96,109.75,15693.25,1755.96,475.57,0,Normal,No Risk
E439,S1,27043,31,23,32243.58,553,809,1840,35445.58,1800.0,241.83,33403.75,1800.0,1047.92,0,Normal,No Risk
E440,S3,22089,29,42,24637.73,1152,737,3360,29886.73,1800.0,184.78,27901.95,1800.0,800.73,0,Normal,No Risk
E441,S4,27670,23,3,24477.31,1099,139,240,25955.31,1800.0,183.58,23971.73,1800.0,795.51,0,Normal,No Risk
E442,S11,21702,27,39,22536.69,452,335,3120,26443.69,1800.0,169.03,24474.66,1800.0,732.44,0,Normal,No Risk
E443,S12,16266,31,18,19394.08,656,819,1440,22309.08,1800.0,145.46,20363.62,1800.0,630.31,0,Normal,No Risk
E444,S9,18194,20,27,13995.38,493,929,2160,17577.38,1679.45,104.97,15792.96,1679.45,454.85,0,Normal,No Risk
E445,S5,19920,27,36,20686.15,1633,714,2880,25913.15,1800.0,155.15,23958.0,1800.0,672.3,0,Normal,No Risk
E446,S3,18859,27,2,19584.35,1566,690,160,22000.35,1800.0,146.88,20053.47,1800.0,636.49,0,Normal,No Risk
E447,S7,20395,28,23,21963.85,1492,72,1840,25367.85,1800.0,164.73,23403.12,1800.0,713.83,0,Normal,No Risk
E448,S10,29468,31,24,35134.92,856,388,1920,38298.92,1800.0,263.51,36235.41,1800.0,1141.88,0,Normal,No Risk
E449,S10,23823,25,27,22906.73,193,283,2160,25542.73,1800.0,171.8,23570.93,1800.0,744.47,0,Normal,No Risk
E450,S5,15151,20,18,11654.62,1427,468,1440,14989.62,1398.55,87.41,13503.66,1398.55,378.78,0,Normal,No Risk
E451,S5,26420,24,41,24387.69,9,935,3280,28611.69,1800.0,182.91,26628.78,1800.0,792.6,0,Normal,No Risk
E452,S12,25478,21,44,20578.38,1109,459,3520,25666.38,1800.0,154.34,23712.04,1800.0,668.8,0,Normal,No Risk
E453,S7,25568,27,14,26551.38,373,609,1120,28653.38,1800.0,199.14,26654.24,1800.0,862.92,0,Normal,No Risk
E454,S1,19163,27,38,19900.04,1942,839,3040,25721.04,1800.0,149.25,23771.79,1800.0,646.75,0,Normal,No Risk
E455,S9,29728,24,29,27441.23,1074,569,2320,31404.23,1800.0,205.81,29398.42,1800.0,891.84,0,Normal,No Risk
E456,S8,28074,21,7,22675.15,906,256,560,24397.15,1800.0,170.06,22427.09,1800.0,736.94,0,Normal,No Risk
E457,S1,22361,30,33,25801.15,1291,257,2640,29989.15,1800.0,193.51,27995.64,1800.0,838.54,0,Normal,No Risk
E458,S5,17686,25,11,17005.77,622,98,880,18605.77,1800.0,127.54,16678.23,1800.0,552.69,0,Normal,No Risk
E459,S7,20686,29,42,23072.85,668,887,3360,27987.85,1800.0,173.05,26014.8,1800.0,749.87,0,Normal,No Risk
E460,S8,26950,28,7,29023.08,1271,385,560,31239.08,1800.0,217.67,29221.41,1800.0,943.25,0,Normal,No Risk
E461,S9,19949,20,23,15345.38,1217,56,1840,18458.38,1800.0,115.09,16543.29,1800.0,498.72,0,Normal,No Risk
E462,S6,29918,23,29,26465.92,1368,556,2320,30709.92,1800.0,198.49,28711.43,1800.0,860.14,0,Normal,No Risk
E463,S11,27995,29,50,31225.19,586,65,4000,35876.19,1800.0,234.19,33842.0,1800.0,1014.82,0,Normal,No Risk
E464,S5,28272,27,10,29359.38,1019,136,800,31314.38,1800.0,220.2,29294.18,1800.0,954.18,0,Normal,No Risk
E465,S9,20819,22,48,17616.08,1989,87,3840,23532.08,1800.0,132.12,21599.96,1800.0,572.52,0,Normal,No Risk
E466,S3,18228,21,20,14722.62,1853,326,1600,18501.62,1766.71,110.42,16624.49,1766.71,478.49,0,Normal,No Risk
E467,S2,27973,23,45,24745.35,532,682,3600,29559.35,1800.0,185.59,27573.76,1800.0,804.22,0,Normal,No Risk
E468,S10,24694,24,24,22794.46,1720,693,1920,27127.46,1800.0,170.96,25156.5,1800.0,740.82,0,Normal,No Risk
E469,S8,18080,22,41,15298.46,1990,467,3280,21035.46,1800.0,114.74,19120.72,1800.0,497.2,0,Normal,No Risk
E470,S4,19438,20,32,14952.31,169,965,2560,18646.31,1794.28,112.14,16739.89,1794.28,485.95,0,Normal,No Risk
E471,S2,23074,22,37,19524.15,1989,565,2960,25038.15,1800.0,146.43,23091.72,1800.0,634.53,0,Normal,No Risk
E472,S9,18215,27,32,18915.58,1198,46,2560,22719.58,1800.0,141.87,20777.71,1800.0,614.76,0,Normal,No Risk
E473,S2,28260,24,33,26086.15,678,820,2640,30224.15,1800.0,195.65,28228.5,1800.0,847.8,0,Normal,No Risk
E474,S9,20883,27,22,21686.19,1118,477,1760,25041.19,1800.0,162.65,23078.54,1800.0,704.8,0,Normal,No Risk
E475,S6,20390,31,43,24311.15,965,535,3440,29251.15,1800.0,182.33,27268.82,1800.0,790.11,0,Normal,No Risk
E476,S6,19393,31,35,23122.42,349,87,2800,26358.42,1800.0,173.42,24385.0,1800.0,751.48,0,Normal,No Risk
E477,S8,25061,22,17,21205.46,992,387,1360,23944.46,1800.0,159.04,21985.42,1800.0,689.18,0,Normal,No Risk
E478,S12,22107,28,50,23807.54,617,392,4000,28816.54,1800.0,178.56,26837.98,1800.0,773.75,0,Normal,No Risk
E479,S4,18449,24,0,17029.85,1704,620,0,19353.85,1800.0,127.72,17426.13,1800.0,553.47,0,Normal,No Risk
E480,S1,26667,30,46,30769.62,27,903,3680,35379.62,1800.0,230.77,33348.85,1800.0,1000.01,0,Normal,No Risk
E481,S9,27821,22,18,23540.85,1490,638,1440,27108.85,1800.0,176.56,25132.29,1800.0,765.08,0,Normal,No Risk
E482,S10,23234,31,30,27702.08,1338,502,2400,31942.08,1800.0,207.77,29934.31,1800.0,900.32,0,Normal,No Risk
E483,S9,28579,25,30,27479.81,1924,810,2400,32613.81,1800.0,206.1,30607.71,1800.0,893.09,0,Normal,No Risk
E484,S2,29516,22,1,24975.08,917,447,80,26419.08,1800.0,187.31,24431.77,1800.0,811.69,0,Normal,No Risk
E485,S3,29560,22,20,25012.31,514,609,1600,27735.31,1800.0,187.59,25747.72,1800.0,812.9,0,Normal,No Risk
E486,S8,23425,29,48,26127.88,1058,747,3840,31772.88,1800.0,195.96,29776.92,1800.0,849.16,0,Normal,No Risk
E487,S12,24574,28,50,26464.31,26,498,4000,30988.31,1800.0,198.48,28989.83,1800.0,860.09,0,Normal,No Risk
E488,S1,15958,20,45,12275.38,1371,441,3600,17687.38,1473.05,92.07,16122.26,1473.05,398.95,1,High Risk,"Gross ₹17,687 differs significantly from basic ₹12"
E489,S11,27384,30,35,31596.92,960,33,2800,35389.92,1800.0,236.98,33352.94,1800.0,1026.9,0,Normal,No Risk
E490,S11,27882,27,37,28954.38,884,347,2960,33145.38,1800.0,217.16,31128.22,1800.0,941.02,0,Normal,No Risk
E491,S12,17768,20,50,13667.69,32,416,4000,18115.69,1640.12,102.51,16373.06,1640.12,444.2,0,Normal,No Risk
E492,S10,20524,31,33,24470.92,1443,112,2640,28665.92,1800.0,183.53,26682.39,1800.0,795.3,0,Normal,No Risk
E493,S1,22820,20,36,17553.85,775,204,2880,21412.85,1800.0,131.65,19481.2,1800.0,570.5,0,Normal,No Risk
E494,S2,28071,22,14,23752.38,1897,542,1120,27311.38,1800.0,178.14,25333.24,1800.0,771.95,0,Normal,No Risk
E495,S8,25636,28,16,27608.0,308,474,1280,29670.0,1800.0,207.06,27662.94,1800.0,897.26,0,Normal,No Risk
E496,S12,29568,26,7,29568.0,1124,171,560,31423.0,1800.0,221.76,29401.24,1800.0,960.96,0,Normal,No Risk
E497,S4,18859,20,18,14506.92,1526,532,1440,18004.92,1740.83,108.8,16155.29,1740.83,471.47,0,Normal,No Risk
E498,S3,26050,24,29,24046.15,260,779,2320,27405.15,1800.0,180.35,25424.8,1800.0,781.5,0,Normal,No Risk
E499,S10,22191,20,7,17070.0,603,629,560,18862.0,1800.0,128.03,16933.97,1800.0,554.77,0,Normal,No Risk
E500,S12,18215,24,3,16813.85,1279,635,240,18967.85,1800.0,126.1,17041.75,1800.0,546.45,0,Normal,No Risk
