rank,employee_name,site,compliance_pct,risk_score,grade
1,23722.12,S7,100.0,0.0,A
2,19247.8,S8,100.0,0.0,A
3,22990.04,S9,100.0,0.0,A
4,34025.14,S5,100.0,0.0,A
5,21070.61,S1,100.0,0.0,A
6,19500.63,S5,100.0,0.0,A
7,26383.68,S1,100.0,0.0,A
8,24415.29,S5,100.0,0.0,A
9,25830.62,S11,100.0,0.0,A
10,28370.37,S2,100.0,0.0,A
11,29249.86,S6,100.0,0.0,A
12,31390.36,S5,100.0,0.0,A
13,20692.91,S2,100.0,0.0,A
14,23924.28,S12,100.0,0.0,A
15,20033.39,S3,100.0,0.0,A
16,24137.9,S12,100.0,0.0,A
17,20305.26,S7,100.0,0.0,A
18,21975.73,S6,100.0,0.0,A
19,25484.33,S11,100.0,0.0,A
20,26202.4,S8,100.0,0.0,A
21,21973.41,S12,100.0,0.0,A
22,21392.33,S7,100.0,0.0,A
23,29510.08,S2,100.0,0.0,A
24,20995.89,S10,100.0,0.0,A
25,20214.53,S1,100.0,0.0,A
26,25713.7,S1,100.0,0.0,A
27,20652.8,S11,100.0,0.0,A
28,30307.34,S8,100.0,0.0,A
29,23002.88,S9,100.0,0.0,A
30,33329.57999999999,S2,100.0,0.0,A
31,22567.59,S11,100.0,0.0,A
32,22675.61,S11,100.0,0.0,A
33,29319.0,S10,100.0,0.0,A
34,24558.12,S12,100.0,0.0,A
35,23166.15,S8,100.0,0.0,A
36,23084.79,S11,100.0,0.0,A
37,25439.16,S6,100.0,0.0,A
38,26370.53,S11,100.0,0.0,A
39,32168.17,S10,100.0,0.0,A
40,24750.29,S6,100.0,0.0,A
41,23683.4,S9,100.0,0.0,A
42,35137.91,S6,100.0,0.0,A
43,23133.13,S10,100.0,0.0,A
44,29353.62,S7,100.0,0.0,A
45,20150.55,S12,100.0,0.0,A
46,21815.54,S8,100.0,0.0,A
47,19136.36,S5,100.0,0.0,A
48,24214.68,S10,100.0,0.0,A
49,27534.17,S9,100.0,0.0,A
50,24100.0,S10,100.0,0.0,A
