timestamp,employee_name,site,total_risk_score,risk_level,compliance_pct
2026-07-06T10:32:31.349082,23722.12,S7,0.0,safe,100.0
2026-07-06T10:32:31.349082,19247.8,S8,0.0,safe,100.0
2026-07-06T10:32:31.349082,22990.04,S9,0.0,safe,100.0
2026-07-06T10:32:31.349082,34025.14,S5,0.0,safe,100.0
2026-07-06T10:32:31.349082,21070.61,S1,0.0,safe,100.0
2026-07-06T10:32:31.349082,19500.63,S5,0.0,safe,100.0
2026-07-06T10:32:31.349082,26383.68,S1,0.0,safe,100.0
2026-07-06T10:32:31.349082,24415.29,S5,0.0,safe,100.0
2026-07-06T10:32:31.349082,25830.62,S11,0.0,safe,100.0
2026-07-06T10:32:31.349082,28370.37,S2,0.0,safe,100.0
2026-07-06T10:32:31.349082,29249.86,S6,0.0,safe,100.0
2026-07-06T10:32:31.349082,31390.36,S5,0.0,safe,100.0
2026-07-06T10:32:31.349082,15806.35,S9,8.6,safe,91.4
2026-07-06T10:32:31.349082,20692.91,S2,0.0,safe,100.0
2026-07-06T10:32:31.349082,23924.28,S12,0.0,safe,100.0
2026-07-06T10:32:31.349082,20033.39,S3,0.0,safe,100.0
2026-07-06T10:32:31.349082,24137.9,S12,0.0,safe,100.0
2026-07-06T10:32:31.349082,20305.26,S7,0.0,safe,100.0
2026-07-06T10:32:31.349082,21975.73,S6,0.0,safe,100.0
2026-07-06T10:32:31.349082,25484.33,S11,0.0,safe,100.0
2026-07-06T10:32:31.349082,26202.4,S8,0.0,safe,100.0
2026-07-06T10:32:31.349082,21973.41,S12,0.0,safe,100.0
2026-07-06T10:32:31.349082,21392.33,S7,0.0,safe,100.0
2026-07-06T10:32:31.349082,29510.08,S2,0.0,safe,100.0
2026-07-06T10:32:31.349082,17482.9,S12,9.4,safe,90.6
2026-07-06T10:32:31.349082,16339.31,S4,8.8,safe,91.2
2026-07-06T10:32:31.349082,20995.89,S10,0.0,safe,100.0
2026-07-06T10:32:31.349082,20214.53,S1,0.0,safe,100.0
2026-07-06T10:32:31.349082,25713.7,S1,0.0,safe,100.0
2026-07-06T10:32:31.349082,18146.7,S1,9.8,safe,90.2
2026-07-06T10:32:31.349082,17529.04,S4,9.5,safe,90.5
2026-07-06T10:32:31.349082,20652.8,S11,0.0,safe,100.0
2026-07-06T10:32:31.349082,30307.34,S8,0.0,safe,100.0
2026-07-06T10:32:31.349082,17925.34,S3,9.7,safe,90.3
2026-07-06T10:32:31.349082,23002.88,S9,0.0,safe,100.0
2026-07-06T10:32:31.349082,33329.57999999999,S2,0.0,safe,100.0
2026-07-06T10:32:31.349082,22567.59,S11,0.0,safe,100.0
2026-07-06T10:32:31.349082,16192.71,S1,8.8,safe,91.2
2026-07-06T10:32:31.349082,22675.61,S11,0.0,safe,100.0
2026-07-06T10:32:31.349082,29319.0,S10,0.0,safe,100.0
2026-07-06T10:32:31.349082,16970.89,S2,9.2,safe,90.8
2026-07-06T10:32:31.349082,24558.12,S12,0.0,safe,100.0
2026-07-06T10:32:31.349082,23166.15,S8,0.0,safe,100.0
2026-07-06T10:32:31.349082,17159.32,S1,9.2,safe,90.8
2026-07-06T10:32:31.349082,23084.79,S11,0.0,safe,100.0
2026-07-06T10:32:31.349082,25439.16,S6,0.0,safe,100.0
2026-07-06T10:32:31.349082,26370.53,S11,0.0,safe,100.0
2026-07-06T10:32:31.349082,32168.17,S10,0.0,safe,100.0
2026-07-06T10:32:31.349082,24750.29,S6,0.0,safe,100.0
2026-07-06T10:32:31.349082,23683.4,S9,0.0,safe,100.0
2026-07-06T10:32:31.349082,18425.81,S10,9.9,safe,90.1
2026-07-06T10:32:31.349082,35137.91,S6,0.0,safe,100.0
2026-07-06T10:32:31.349082,23133.13,S10,0.0,safe,100.0
2026-07-06T10:32:31.349082,29353.62,S7,0.0,safe,100.0
2026-07-06T10:32:31.349082,20150.55,S12,0.0,safe,100.0
2026-07-06T10:32:31.349082,21815.54,S8,0.0,safe,100.0
2026-07-06T10:32:31.349082,19136.36,S5,0.0,safe,100.0
2026-07-06T10:32:31.349082,24214.68,S10,0.0,safe,100.0
2026-07-06T10:32:31.349082,27534.17,S9,0.0,safe,100.0
2026-07-06T10:32:31.349082,24100.0,S10,0.0,safe,100.0
2026-07-06T10:32:31.349082,30285.83,S8,0.0,safe,100.0
2026-07-06T10:32:31.349082,32983.44,S6,0.0,safe,100.0
2026-07-06T10:32:31.349082,26801.64,S11,0.0,safe,100.0
2026-07-06T10:32:31.349082,22861.72,S9,0.0,safe,100.0
2026-07-06T10:32:31.349082,20880.25,S10,0.0,safe,100.0
2026-07-06T10:32:31.349082,23838.02,S7,0.0,safe,100.0
2026-07-06T10:32:31.349082,23529.41,S4,0.0,safe,100.0
2026-07-06T10:32:31.349082,20337.86,S10,0.0,safe,100.0
2026-07-06T10:32:31.349082,18400.2,S7,9.9,safe,90.1
2026-07-06T10:32:31.349082,33329.11,S2,0.0,safe,100.0
2026-07-06T10:32:31.349082,26255.47,S12,0.0,safe,100.0
2026-07-06T10:32:31.349082,19515.52,S12,0.0,safe,100.0
2026-07-06T10:32:31.349082,24708.36,S3,0.0,safe,100.0
2026-07-06T10:32:31.349082,37294.92000000001,S3,0.0,safe,100.0
2026-07-06T10:32:31.349082,23987.62,S7,0.0,safe,100.0
2026-07-06T10:32:31.349082,22212.25,S10,0.0,safe,100.0
2026-07-06T10:32:31.349082,21350.42,S10,0.0,safe,100.0
2026-07-06T10:32:31.349082,20870.34,S1,0.0,safe,100.0
2026-07-06T10:32:31.349082,30213.59,S8,0.0,safe,100.0
2026-07-06T10:32:31.349082,14019.4,S11,7.6,safe,92.4
2026-07-06T10:32:31.349082,33347.42999999999,S4,0.0,safe,100.0
2026-07-06T10:32:31.349082,28728.12,S2,0.0,safe,100.0
2026-07-06T10:32:31.349082,31871.54,S10,0.0,safe,100.0
2026-07-06T10:32:31.349082,24785.71,S1,0.0,safe,100.0
2026-07-06T10:32:31.349082,24291.02,S8,0.0,safe,100.0
2026-07-06T10:32:31.349082,22421.89,S4,0.0,safe,100.0
2026-07-06T10:32:31.349082,35061.43000000001,S9,0.0,safe,100.0
2026-07-06T10:32:31.349082,13143.16,S7,7.2,safe,92.8
2026-07-06T10:32:31.349082,30156.08,S10,0.0,safe,100.0
2026-07-06T10:32:31.349082,33900.29,S8,0.0,safe,100.0
2026-07-06T10:32:31.349082,25635.72,S6,0.0,safe,100.0
2026-07-06T10:32:31.349082,34153.99,S2,0.0,safe,100.0
2026-07-06T10:32:31.349082,21220.05,S9,0.0,safe,100.0
2026-07-06T10:32:31.349082,22970.99,S12,0.0,safe,100.0
2026-07-06T10:32:31.349082,32684.76,S9,0.0,safe,100.0
2026-07-06T10:32:31.349082,28570.98,S5,0.0,safe,100.0
2026-07-06T10:32:31.349082,23821.71,S8,0.0,safe,100.0
2026-07-06T10:32:31.349082,32196.95,S2,0.0,safe,100.0
2026-07-06T10:32:31.349082,19477.89,S11,0.0,safe,100.0
2026-07-06T10:32:31.349082,18927.76,S1,10.2,safe,89.8
2026-07-06T10:32:31.349082,28175.28,S8,0.0,safe,100.0
2026-07-06T10:32:31.349082,21188.56,S1,0.0,safe,100.0
2026-07-06T10:32:31.349082,26746.92,S10,0.0,safe,100.0
2026-07-06T10:32:31.349082,21325.9,S9,0.0,safe,100.0
2026-07-06T10:32:31.349082,33079.52,S5,0.0,safe,100.0
2026-07-06T10:32:31.349082,30574.21,S12,0.0,safe,100.0
2026-07-06T10:32:31.349082,13378.26,S1,7.4,safe,92.6
2026-07-06T10:32:31.349082,30188.5,S5,0.0,safe,100.0
2026-07-06T10:32:31.349082,24828.94,S10,0.0,safe,100.0
2026-07-06T10:32:31.349082,32974.56,S5,0.0,safe,100.0
2026-07-06T10:32:31.349082,15200.04,S3,8.3,safe,91.7
2026-07-06T10:32:31.349082,17905.47,S12,9.7,safe,90.3
2026-07-06T10:32:31.349082,16184.56,S9,8.7,safe,91.3
2026-07-06T10:32:31.349082,16231.11,S8,8.8,safe,91.2
2026-07-06T10:32:31.349082,22806.47,S5,0.0,safe,100.0
2026-07-06T10:32:31.349082,19729.96,S12,0.0,safe,100.0
2026-07-06T10:32:31.349082,27923.38,S1,0.0,safe,100.0
2026-07-06T10:32:31.349082,31375.44,S3,0.0,safe,100.0
2026-07-06T10:32:31.349082,32700.14999999999,S5,0.0,safe,100.0
2026-07-06T10:32:31.349082,14716.74,S1,8.0,safe,92.0
2026-07-06T10:32:31.349082,21509.58,S9,0.0,safe,100.0
2026-07-06T10:32:31.349082,26042.15,S5,0.0,safe,100.0
2026-07-06T10:32:31.349082,23016.01,S4,0.0,safe,100.0
2026-07-06T10:32:31.349082,17965.3,S10,9.7,safe,90.3
2026-07-06T10:32:31.349082,25327.07,S11,0.0,safe,100.0
2026-07-06T10:32:31.349082,22586.1,S8,0.0,safe,100.0
2026-07-06T10:32:31.349082,23918.57,S11,0.0,safe,100.0
2026-07-06T10:32:31.349082,20936.23,S9,0.0,safe,100.0
2026-07-06T10:32:31.349082,16222.06,S6,8.8,safe,91.2
2026-07-06T10:32:31.349082,28274.12,S12,0.0,safe,100.0
2026-07-06T10:32:31.349082,20723.57,S6,0.0,safe,100.0
2026-07-06T10:32:31.349082,28572.38,S3,0.0,safe,100.0
2026-07-06T10:32:31.349082,35978.45,S5,0.0,safe,100.0
2026-07-06T10:32:31.349082,21157.71,S10,0.0,safe,100.0
2026-07-06T10:32:31.349082,20656.52,S3,0.0,safe,100.0
2026-07-06T10:32:31.349082,22385.15,S7,0.0,safe,100.0
2026-07-06T10:32:31.349082,28672.78,S11,0.0,safe,100.0
2026-07-06T10:32:31.349082,18378.79,S5,9.9,safe,90.1
2026-07-06T10:32:31.349082,20036.53,S7,0.0,safe,100.0
2026-07-06T10:32:31.349082,27819.2,S4,0.0,safe,100.0
2026-07-06T10:32:31.349082,17590.75,S7,9.5,safe,90.5
2026-07-06T10:32:31.349082,20806.93,S10,0.0,safe,100.0
2026-07-06T10:32:31.349082,23787.4,S11,0.0,safe,100.0
2026-07-06T10:32:31.349082,18770.6,S3,10.1,safe,89.9
2026-07-06T10:32:31.349082,24630.85,S1,0.0,safe,100.0
2026-07-06T10:32:31.349082,16240.47,S8,8.8,safe,91.2
2026-07-06T10:32:31.349082,32953.83,S5,0.0,safe,100.0
2026-07-06T10:32:31.349082,24046.1,S11,0.0,safe,100.0
2026-07-06T10:32:31.349082,24704.93,S12,0.0,safe,100.0
2026-07-06T10:32:31.349082,30699.71,S2,0.0,safe,100.0
2026-07-06T10:32:31.349082,18302.5,S6,9.9,safe,90.1
2026-07-06T10:32:31.349082,29748.36,S1,0.0,safe,100.0
2026-07-06T10:32:31.349082,16736.14,S12,9.0,safe,91.0
2026-07-06T10:32:31.349082,20472.68,S9,0.0,safe,100.0
2026-07-06T10:32:31.349082,25559.01,S8,0.0,safe,100.0
2026-07-06T10:32:31.349082,30192.21,S10,0.0,safe,100.0
2026-07-06T10:32:31.349082,27869.12,S1,0.0,safe,100.0
2026-07-06T10:32:31.349082,28872.7,S1,0.0,safe,100.0
2026-07-06T10:32:31.349082,28125.54,S4,0.0,safe,100.0
2026-07-06T10:32:31.349082,26703.35,S11,0.0,safe,100.0
2026-07-06T10:32:31.349082,31898.43,S10,0.0,safe,100.0
2026-07-06T10:32:31.349082,23313.98,S5,0.0,safe,100.0
2026-07-06T10:32:31.349082,27640.31,S7,0.0,safe,100.0
2026-07-06T10:32:31.349082,18722.73,S12,10.1,safe,89.9
2026-07-06T10:32:31.349082,23426.05,S10,0.0,safe,100.0
2026-07-06T10:32:31.349082,20152.67,S4,0.0,safe,100.0
2026-07-06T10:32:31.349082,19689.24,S10,0.0,safe,100.0
2026-07-06T10:32:31.349082,18914.37,S9,10.2,safe,89.8
2026-07-06T10:32:31.349082,18629.11,S2,10.0,safe,90.0
2026-07-06T10:32:31.349082,19532.81,S8,0.0,safe,100.0
2026-07-06T10:32:31.349082,21423.63,S8,0.0,safe,100.0
2026-07-06T10:32:31.349082,24644.12,S8,0.0,safe,100.0
2026-07-06T10:32:31.349082,27478.06,S10,0.0,safe,100.0
2026-07-06T10:32:31.349082,22023.54,S8,0.0,safe,100.0
2026-07-06T10:32:31.349082,17430.56,S7,9.4,safe,90.6
2026-07-06T10:32:31.349082,28240.72,S9,0.0,safe,100.0
2026-07-06T10:32:31.349082,27545.81,S2,0.0,safe,100.0
2026-07-06T10:32:31.349082,22132.57,S7,0.0,safe,100.0
2026-07-06T10:32:31.349082,21316.1,S7,0.0,safe,100.0
2026-07-06T10:32:31.349082,20416.23,S9,0.0,safe,100.0
2026-07-06T10:32:31.349082,17859.05,S12,9.6,safe,90.4
2026-07-06T10:32:31.349082,29972.6,S3,0.0,safe,100.0
2026-07-06T10:32:31.349082,33827.54,S9,0.0,safe,100.0
2026-07-06T10:32:31.349082,30046.11,S12,0.0,safe,100.0
2026-07-06T10:32:31.349082,26076.55,S8,0.0,safe,100.0
2026-07-06T10:32:31.349082,21749.05,S2,0.0,safe,100.0
2026-07-06T10:32:31.349082,19591.4,S11,0.0,safe,100.0
2026-07-06T10:32:31.349082,18633.09,S3,10.0,safe,90.0
2026-07-06T10:32:31.349082,25616.44,S9,0.0,safe,100.0
2026-07-06T10:32:31.349082,25170.11,S3,0.0,safe,100.0
2026-07-06T10:32:31.349082,21738.3,S8,0.0,safe,100.0
2026-07-06T10:32:31.349082,30649.89,S5,0.0,safe,100.0
2026-07-06T10:32:31.349082,35160.65,S5,0.0,safe,100.0
2026-07-06T10:32:31.349082,23204.73,S2,0.0,safe,100.0
2026-07-06T10:32:31.349082,22123.87,S2,0.0,safe,100.0
2026-07-06T10:32:31.349082,23351.79,S9,0.0,safe,100.0
2026-07-06T10:32:31.349082,24768.64,S4,0.0,safe,100.0
2026-07-06T10:32:31.349082,18617.51,S7,10.0,safe,90.0
2026-07-06T10:32:31.349082,28863.83,S2,0.0,safe,100.0
2026-07-06T10:32:31.349082,24449.16,S7,0.0,safe,100.0
2026-07-06T10:32:31.349082,23505.91,S1,0.0,safe,100.0
2026-07-06T10:32:31.349082,25160.97,S9,0.0,safe,100.0
2026-07-06T10:32:31.349082,21663.3,S1,0.0,safe,100.0
2026-07-06T10:32:31.349082,22382.92,S11,0.0,safe,100.0
2026-07-06T10:32:31.349082,26109.47,S6,0.0,safe,100.0
2026-07-06T10:32:31.349082,18722.41,S2,10.1,safe,89.9
2026-07-06T10:32:31.349082,21850.94,S8,0.0,safe,100.0
2026-07-06T10:32:31.349082,27442.74,S10,0.0,safe,100.0
2026-07-06T10:32:31.349082,31490.27,S2,0.0,safe,100.0
2026-07-06T10:32:31.349082,19570.73,S4,0.0,safe,100.0
2026-07-06T10:32:31.349082,25793.79,S10,0.0,safe,100.0
2026-07-06T10:32:31.349082,32112.39,S3,0.0,safe,100.0
2026-07-06T10:32:31.349082,25386.98,S11,0.0,safe,100.0
2026-07-06T10:32:31.349082,15630.07,S10,8.5,safe,91.5
2026-07-06T10:32:31.349082,28125.7,S2,0.0,safe,100.0
2026-07-06T10:32:31.349082,26123.86,S11,0.0,safe,100.0
2026-07-06T10:32:31.349082,21579.12,S8,0.0,safe,100.0
2026-07-06T10:32:31.349082,17307.88,S5,9.4,safe,90.6
2026-07-06T10:32:31.349082,30084.32,S4,0.0,safe,100.0
2026-07-06T10:32:31.349082,20735.05,S3,0.0,safe,100.0
2026-07-06T10:32:31.349082,15642.01,S10,8.6,safe,91.4
2026-07-06T10:32:31.349082,21551.36,S4,0.0,safe,100.0
2026-07-06T10:32:31.349082,19895.03,S10,0.0,safe,100.0
2026-07-06T10:32:31.349082,32292.79,S3,0.0,safe,100.0
2026-07-06T10:32:31.349082,17051.5,S7,9.2,safe,90.8
2026-07-06T10:32:31.349082,14428.0,S10,7.9,safe,92.1
2026-07-06T10:32:31.349082,26071.21,S8,0.0,safe,100.0
2026-07-06T10:32:31.349082,21682.65,S3,0.0,safe,100.0
2026-07-06T10:32:31.349082,14606.49,S8,8.0,safe,92.0
2026-07-06T10:32:31.349082,19862.05,S5,0.0,safe,100.0
2026-07-06T10:32:31.349082,20008.38,S6,0.0,safe,100.0
2026-07-06T10:32:31.349082,20765.12,S9,0.0,safe,100.0
2026-07-06T10:32:31.349082,16032.69,S4,8.7,safe,91.3
2026-07-06T10:32:31.349082,25177.25,S5,0.0,safe,100.0
2026-07-06T10:32:31.349082,21328.69,S7,0.0,safe,100.0
2026-07-06T10:32:31.349082,23801.37,S9,0.0,safe,100.0
2026-07-06T10:32:31.349082,20046.59,S11,0.0,safe,100.0
2026-07-06T10:32:31.349082,17095.46,S4,9.3,safe,90.7
2026-07-06T10:32:31.349082,22285.75,S5,0.0,safe,100.0
2026-07-06T10:32:31.349082,20045.31,S7,0.0,safe,100.0
2026-07-06T10:32:31.349082,22976.75,S3,0.0,safe,100.0
2026-07-06T10:32:31.349082,22102.05,S2,0.0,safe,100.0
2026-07-06T10:32:31.349082,27874.4,S2,0.0,safe,100.0
2026-07-06T10:32:31.349082,24541.6,S10,0.0,safe,100.0
2026-07-06T10:32:31.349082,30119.07,S9,0.0,safe,100.0
2026-07-06T10:32:31.349082,24160.92,S7,0.0,safe,100.0
2026-07-06T10:32:31.349082,26178.6,S12,0.0,safe,100.0
2026-07-06T10:32:31.349082,16027.4,S7,8.7,safe,91.3
2026-07-06T10:32:31.349082,15642.43,S11,8.6,safe,91.4
2026-07-06T10:32:31.349082,12616.89,S9,6.9,safe,93.1
2026-07-06T10:32:31.349082,23321.74,S2,0.0,safe,100.0
2026-07-06T10:32:31.349082,14860.11,S9,8.2,safe,91.8
2026-07-06T10:32:31.349082,28159.26,S9,0.0,safe,100.0
2026-07-06T10:32:31.349082,18086.88,S8,9.8,safe,90.2
2026-07-06T10:32:31.349082,21345.12,S5,0.0,safe,100.0
2026-07-06T10:32:31.349082,17047.22,S6,9.2,safe,90.8
2026-07-06T10:32:31.349082,14492.78,S8,7.9,safe,92.1
2026-07-06T10:32:31.349082,20323.25,S4,0.0,safe,100.0
2026-07-06T10:32:31.349082,21855.21,S8,0.0,safe,100.0
2026-07-06T10:32:31.349082,26383.09,S9,0.0,safe,100.0
2026-07-06T10:32:31.349082,25272.09,S3,0.0,safe,100.0
2026-07-06T10:32:31.349082,15209.76,S3,8.2,safe,91.8
2026-07-06T10:32:31.349082,19476.55,S1,0.0,safe,100.0
2026-07-06T10:32:31.349082,35369.43,S3,0.0,safe,100.0
2026-07-06T10:32:31.349082,16729.0,S8,9.1,safe,90.9
2026-07-06T10:32:31.349082,22351.65,S10,0.0,safe,100.0
2026-07-06T10:32:31.349082,16050.21,S11,8.6,safe,91.4
2026-07-06T10:32:31.349082,22712.41,S10,0.0,safe,100.0
2026-07-06T10:32:31.349082,29473.26,S10,0.0,safe,100.0
2026-07-06T10:32:31.349082,15306.93,S5,8.4,safe,91.6
2026-07-06T10:32:31.349082,31370.52,S5,0.0,safe,100.0
2026-07-06T10:32:31.349082,27926.82,S3,0.0,safe,100.0
2026-07-06T10:32:31.349082,31525.39,S8,0.0,safe,100.0
2026-07-06T10:32:31.349082,19149.07,S5,0.0,safe,100.0
2026-07-06T10:32:31.349082,22380.89,S12,0.0,safe,100.0
2026-07-06T10:32:31.349082,22590.58,S6,0.0,safe,100.0
2026-07-06T10:32:31.349082,24543.51,S1,0.0,safe,100.0
2026-07-06T10:32:31.349082,30784.34999999999,S7,0.0,safe,100.0
2026-07-06T10:32:31.349082,27506.48,S10,0.0,safe,100.0
2026-07-06T10:32:31.349082,22159.94,S8,0.0,safe,100.0
2026-07-06T10:32:31.349082,28453.28,S3,0.0,safe,100.0
2026-07-06T10:32:31.349082,29842.09,S9,0.0,safe,100.0
2026-07-06T10:32:31.349082,30324.11,S4,0.0,safe,100.0
2026-07-06T10:32:31.349082,27522.35,S7,0.0,safe,100.0
2026-07-06T10:32:31.349082,21408.19,S10,0.0,safe,100.0
2026-07-06T10:32:31.349082,23590.83,S3,0.0,safe,100.0
2026-07-06T10:32:31.349082,26064.37,S2,0.0,safe,100.0
2026-07-06T10:32:31.349082,24569.15,S7,0.0,safe,100.0
2026-07-06T10:32:31.349082,22249.8,S2,0.0,safe,100.0
2026-07-06T10:32:31.349082,33349.7,S12,0.0,safe,100.0
2026-07-06T10:32:31.349082,25098.65,S4,0.0,safe,100.0
2026-07-06T10:32:31.349082,21870.19,S11,0.0,safe,100.0
2026-07-06T10:32:31.349082,22471.32,S5,0.0,safe,100.0
2026-07-06T10:32:31.349082,22545.7,S5,0.0,safe,100.0
2026-07-06T10:32:31.349082,24769.66,S9,0.0,safe,100.0
2026-07-06T10:32:31.349082,26479.89,S8,0.0,safe,100.0
2026-07-06T10:32:31.349082,30606.23,S5,0.0,safe,100.0
2026-07-06T10:32:31.349082,26485.74,S6,0.0,safe,100.0
2026-07-06T10:32:31.349082,17323.7,S9,9.4,safe,90.6
2026-07-06T10:32:31.349082,23676.66,S9,0.0,safe,100.0
2026-07-06T10:32:31.349082,20570.93,S11,0.0,safe,100.0
2026-07-06T10:32:31.349082,22137.89,S8,0.0,safe,100.0
2026-07-06T10:32:31.349082,31503.41,S4,0.0,safe,100.0
2026-07-06T10:32:31.349082,16377.07,S8,8.9,safe,91.1
2026-07-06T10:32:31.349082,20825.78,S5,0.0,safe,100.0
2026-07-06T10:32:31.349082,27521.98,S9,0.0,safe,100.0
2026-07-06T10:32:31.349082,20342.73,S9,0.0,safe,100.0
2026-07-06T10:32:31.349082,26145.76,S12,0.0,safe,100.0
2026-07-06T10:32:31.349082,18472.81,S3,9.9,safe,90.1
2026-07-06T10:32:31.349082,28774.15,S6,0.0,safe,100.0
2026-07-06T10:32:31.349082,27455.62,S7,0.0,safe,100.0
2026-07-06T10:32:31.349082,23714.62,S5,0.0,safe,100.0
2026-07-06T10:32:31.349082,27623.26,S6,0.0,safe,100.0
2026-07-06T10:32:31.349082,29684.49,S10,0.0,safe,100.0
2026-07-06T10:32:31.349082,27257.54,S3,0.0,safe,100.0
2026-07-06T10:32:31.349082,20482.39,S10,0.0,safe,100.0
2026-07-06T10:32:31.349082,18119.71,S9,9.8,safe,90.2
2026-07-06T10:32:31.349082,17430.11,S12,9.4,safe,90.6
2026-07-06T10:32:31.349082,32474.48999999999,S12,0.0,safe,100.0
2026-07-06T10:32:31.349082,26837.99,S6,0.0,safe,100.0
2026-07-06T10:32:31.349082,20285.45,S5,0.0,safe,100.0
2026-07-06T10:32:31.349082,20763.3,S8,0.0,safe,100.0
2026-07-06T10:32:31.349082,15518.14,S3,8.5,safe,91.5
2026-07-06T10:32:31.349082,18688.44,S11,10.0,safe,90.0
2026-07-06T10:32:31.349082,32254.52,S3,0.0,safe,100.0
2026-07-06T10:32:31.349082,20517.66,S6,0.0,safe,100.0
2026-07-06T10:32:31.349082,21977.19,S6,0.0,safe,100.0
2026-07-06T10:32:31.349082,19465.11,S4,0.0,safe,100.0
2026-07-06T10:32:31.349082,17510.17,S10,9.5,safe,90.5
2026-07-06T10:32:31.349082,22323.37,S2,0.0,safe,100.0
2026-07-06T10:32:31.349082,15788.23,S3,8.6,safe,91.4
2026-07-06T10:32:31.349082,24751.02,S4,0.0,safe,100.0
2026-07-06T10:32:31.349082,27129.72,S4,0.0,safe,100.0
2026-07-06T10:32:31.349082,16681.05,S12,9.0,safe,91.0
2026-07-06T10:32:31.349082,24041.06,S4,0.0,safe,100.0
2026-07-06T10:32:31.349082,27568.45,S6,0.0,safe,100.0
2026-07-06T10:32:31.349082,16643.74,S3,9.0,safe,91.0
2026-07-06T10:32:31.349082,15660.91,S11,8.6,safe,91.4
2026-07-06T10:32:31.349082,20362.85,S11,0.0,safe,100.0
2026-07-06T10:32:31.349082,26869.23,S5,0.0,safe,100.0
2026-07-06T10:32:31.349082,36755.11,S8,0.0,safe,100.0
2026-07-06T10:32:31.349082,21829.27,S7,0.0,safe,100.0
2026-07-06T10:32:31.349082,18804.9,S7,10.1,safe,89.9
2026-07-06T10:32:31.349082,17472.56,S12,9.5,safe,90.5
2026-07-06T10:32:31.349082,29402.52,S4,0.0,safe,100.0
2026-07-06T10:32:31.349082,28867.61,S3,0.0,safe,100.0
2026-07-06T10:32:31.349082,34640.39,S10,0.0,safe,100.0
2026-07-06T10:32:31.349082,17698.25,S2,9.6,safe,90.4
2026-07-06T10:32:31.349082,24406.14,S8,0.0,safe,100.0
2026-07-06T10:32:31.349082,25947.91,S7,0.0,safe,100.0
2026-07-06T10:32:31.349082,20165.67,S12,0.0,safe,100.0
2026-07-06T10:32:31.349082,14661.78,S8,8.0,safe,92.0
2026-07-06T10:32:31.349082,27784.13,S8,0.0,safe,100.0
2026-07-06T10:32:31.349082,24314.2,S9,0.0,safe,100.0
2026-07-06T10:32:31.349082,20071.44,S5,0.0,safe,100.0
2026-07-06T10:32:31.349082,19293.04,S7,0.0,safe,100.0
2026-07-06T10:32:31.349082,23869.61,S1,0.0,safe,100.0
2026-07-06T10:32:31.349082,30754.59999999999,S6,0.0,safe,100.0
2026-07-06T10:32:31.349082,31682.81,S9,0.0,safe,100.0
2026-07-06T10:32:31.349082,14632.41,S12,8.0,safe,92.0
2026-07-06T10:32:31.349082,22204.75,S8,0.0,safe,100.0
2026-07-06T10:32:31.349082,24261.8,S3,0.0,safe,100.0
2026-07-06T10:32:31.349082,27065.63,S4,0.0,safe,100.0
2026-07-06T10:32:31.349082,25370.49,S1,0.0,safe,100.0
2026-07-06T10:32:31.349082,30975.31,S8,0.0,safe,100.0
2026-07-06T10:32:31.349082,22963.47,S3,0.0,safe,100.0
2026-07-06T10:32:31.349082,24186.51,S4,0.0,safe,100.0
2026-07-06T10:32:31.349082,22902.81,S8,0.0,safe,100.0
2026-07-06T10:32:31.349082,25318.5,S9,0.0,safe,100.0
2026-07-06T10:32:31.349082,23792.18,S3,0.0,safe,100.0
2026-07-06T10:32:31.349082,30685.26,S1,0.0,safe,100.0
2026-07-06T10:32:31.349082,31303.4,S7,0.0,safe,100.0
2026-07-06T10:32:31.349082,16531.56,S11,9.0,safe,91.0
2026-07-06T10:32:31.349082,25780.25,S1,0.0,safe,100.0
2026-07-06T10:32:31.349082,24365.96,S8,0.0,safe,100.0
2026-07-06T10:32:31.349082,21309.71,S7,0.0,safe,100.0
2026-07-06T10:32:31.349082,25763.86,S6,0.0,safe,100.0
2026-07-06T10:32:31.349082,26466.07,S2,0.0,safe,100.0
2026-07-06T10:32:31.349082,18012.76,S7,9.7,safe,90.3
2026-07-06T10:32:31.349082,25257.46,S7,0.0,safe,100.0
2026-07-06T10:32:31.349082,27158.04,S7,0.0,safe,100.0
2026-07-06T10:32:31.349082,16642.92,S11,9.0,safe,91.0
2026-07-06T10:32:31.349082,22110.0,S6,0.0,safe,100.0
2026-07-06T10:32:31.349082,34942.34,S10,0.0,safe,100.0
2026-07-06T10:32:31.349082,26272.06,S10,0.0,safe,100.0
2026-07-06T10:32:31.349082,20462.24,S6,0.0,safe,100.0
2026-07-06T10:32:31.349082,21741.64,S2,0.0,safe,100.0
2026-07-06T10:32:31.349082,33644.12,S5,0.0,safe,100.0
2026-07-06T10:32:31.349082,25931.07,S7,0.0,safe,100.0
2026-07-06T10:32:31.349082,17055.09,S2,9.3,safe,90.7
2026-07-06T10:32:31.349082,16397.34,S6,8.9,safe,91.1
2026-07-06T10:32:31.349082,24379.08,S5,0.0,safe,100.0
2026-07-06T10:32:31.349082,24699.24,S5,0.0,safe,100.0
2026-07-06T10:32:31.349082,22328.96,S1,0.0,safe,100.0
2026-07-06T10:32:31.349082,18735.62,S12,10.1,safe,89.9
2026-07-06T10:32:31.349082,20934.12,S6,0.0,safe,100.0
2026-07-06T10:32:31.349082,23193.79,S6,0.0,safe,100.0
2026-07-06T10:32:31.349082,27320.67,S1,0.0,safe,100.0
2026-07-06T10:32:31.349082,25283.49,S2,0.0,safe,100.0
2026-07-06T10:32:31.349082,14149.23,S4,7.8,safe,92.2
2026-07-06T10:32:31.349082,31886.78,S7,0.0,safe,100.0
2026-07-06T10:32:31.349082,18989.11,S12,10.2,safe,89.8
2026-07-06T10:32:31.349082,16610.84,S7,8.9,safe,91.1
2026-07-06T10:32:31.349082,20315.31,S3,0.0,safe,100.0
2026-07-06T10:32:31.349082,29476.05,S12,0.0,safe,100.0
2026-07-06T10:32:31.349082,24434.56,S6,0.0,safe,100.0
2026-07-06T10:32:31.349082,22981.47,S12,0.0,safe,100.0
2026-07-06T10:32:31.349082,29028.11,S1,0.0,safe,100.0
2026-07-06T10:32:31.349082,13086.59,S8,7.2,safe,92.8
2026-07-06T10:32:31.349082,22549.55,S4,0.0,safe,100.0
2026-07-06T10:32:31.349082,20536.35,S7,0.0,safe,100.0
2026-07-06T10:32:31.349082,19168.81,S8,0.0,safe,100.0
2026-07-06T10:32:31.349082,26183.9,S9,0.0,safe,100.0
2026-07-06T10:32:31.349082,20615.95,S1,0.0,safe,100.0
2026-07-06T10:32:31.349082,22466.13,S11,0.0,safe,100.0
2026-07-06T10:32:31.349082,34640.9,S6,0.0,safe,100.0
2026-07-06T10:32:31.349082,25806.53,S10,0.0,safe,100.0
2026-07-06T10:32:31.349082,15272.61,S2,8.4,safe,91.6
2026-07-06T10:32:31.349082,24749.06,S11,0.0,safe,100.0
2026-07-06T10:32:31.349082,31313.16,S10,0.0,safe,100.0
2026-07-06T10:32:31.349082,20023.95,S11,0.0,safe,100.0
2026-07-06T10:32:31.349082,22219.46,S2,0.0,safe,100.0
2026-07-06T10:32:31.349082,17151.84,S10,9.3,safe,90.7
2026-07-06T10:32:31.349082,26908.99,S7,0.0,safe,100.0
2026-07-06T10:32:31.349082,16077.68,S2,8.8,safe,91.2
2026-07-06T10:32:31.349082,34945.66,S9,0.0,safe,100.0
2026-07-06T10:32:31.349082,24137.36,S9,0.0,safe,100.0
2026-07-06T10:32:31.349082,31494.39,S1,0.0,safe,100.0
2026-07-06T10:32:31.349082,14919.43,S8,8.2,safe,91.8
2026-07-06T10:32:31.349082,26971.03,S8,0.0,safe,100.0
2026-07-06T10:32:31.349082,18708.62,S5,10.0,safe,90.0
2026-07-06T10:32:31.349082,25100.44,S4,0.0,safe,100.0
2026-07-06T10:32:31.349082,37095.37,S11,0.0,safe,100.0
2026-07-06T10:32:31.349082,26900.21,S2,0.0,safe,100.0
2026-07-06T10:32:31.349082,17459.94,S6,9.4,safe,90.6
2026-07-06T10:32:31.349082,20798.44,S1,0.0,safe,100.0
2026-07-06T10:32:31.349082,31891.40000000001,S12,0.0,safe,100.0
2026-07-06T10:32:31.349082,15693.25,S6,8.6,safe,91.4
2026-07-06T10:32:31.349082,33403.75,S1,0.0,safe,100.0
2026-07-06T10:32:31.349082,27901.95,S3,0.0,safe,100.0
2026-07-06T10:32:31.349082,23971.73,S4,0.0,safe,100.0
2026-07-06T10:32:31.349082,24474.66,S11,0.0,safe,100.0
2026-07-06T10:32:31.349082,20363.62,S12,0.0,safe,100.0
2026-07-06T10:32:31.349082,15792.96,S9,8.6,safe,91.4
2026-07-06T10:32:31.349082,23958.0,S5,0.0,safe,100.0
2026-07-06T10:32:31.349082,20053.47,S3,0.0,safe,100.0
2026-07-06T10:32:31.349082,23403.12,S7,0.0,safe,100.0
2026-07-06T10:32:31.349082,36235.41,S10,0.0,safe,100.0
2026-07-06T10:32:31.349082,23570.93,S10,0.0,safe,100.0
2026-07-06T10:32:31.349082,13503.66,S5,7.3,safe,92.7
2026-07-06T10:32:31.349082,26628.78,S5,0.0,safe,100.0
2026-07-06T10:32:31.349082,23712.04,S12,0.0,safe,100.0
2026-07-06T10:32:31.349082,26654.24,S7,0.0,safe,100.0
2026-07-06T10:32:31.349082,23771.79,S1,0.0,safe,100.0
2026-07-06T10:32:31.349082,29398.42,S9,0.0,safe,100.0
2026-07-06T10:32:31.349082,22427.09,S8,0.0,safe,100.0
2026-07-06T10:32:31.349082,27995.64,S1,0.0,safe,100.0
2026-07-06T10:32:31.349082,16678.23,S5,9.1,safe,90.9
2026-07-06T10:32:31.349082,26014.8,S7,0.0,safe,100.0
2026-07-06T10:32:31.349082,29221.41,S8,0.0,safe,100.0
2026-07-06T10:32:31.349082,16543.29,S9,9.0,safe,91.0
2026-07-06T10:32:31.349082,28711.43,S6,0.0,safe,100.0
2026-07-06T10:32:31.349082,33842.0,S11,0.0,safe,100.0
2026-07-06T10:32:31.349082,29294.18,S5,0.0,safe,100.0
2026-07-06T10:32:31.349082,21599.96,S9,0.0,safe,100.0
2026-07-06T10:32:31.349082,16624.49,S3,9.0,safe,91.0
2026-07-06T10:32:31.349082,27573.76,S2,0.0,safe,100.0
2026-07-06T10:32:31.349082,25156.5,S10,0.0,safe,100.0
2026-07-06T10:32:31.349082,19120.72,S8,0.0,safe,100.0
2026-07-06T10:32:31.349082,16739.89,S4,9.1,safe,90.9
2026-07-06T10:32:31.349082,23091.72,S2,0.0,safe,100.0
2026-07-06T10:32:31.349082,20777.71,S9,0.0,safe,100.0
2026-07-06T10:32:31.349082,28228.5,S2,0.0,safe,100.0
2026-07-06T10:32:31.349082,23078.54,S9,0.0,safe,100.0
2026-07-06T10:32:31.349082,27268.82,S6,0.0,safe,100.0
2026-07-06T10:32:31.349082,24385.0,S6,0.0,safe,100.0
2026-07-06T10:32:31.349082,21985.42,S8,0.0,safe,100.0
2026-07-06T10:32:31.349082,26837.98,S12,0.0,safe,100.0
2026-07-06T10:32:31.349082,17426.13,S4,9.4,safe,90.6
2026-07-06T10:32:31.349082,33348.85,S1,0.0,safe,100.0
2026-07-06T10:32:31.349082,25132.29,S9,0.0,safe,100.0
2026-07-06T10:32:31.349082,29934.31,S10,0.0,safe,100.0
2026-07-06T10:32:31.349082,30607.71,S9,0.0,safe,100.0
2026-07-06T10:32:31.349082,24431.77,S2,0.0,safe,100.0
2026-07-06T10:32:31.349082,25747.72,S3,0.0,safe,100.0
2026-07-06T10:32:31.349082,29776.92,S8,0.0,safe,100.0
2026-07-06T10:32:31.349082,28989.83,S12,0.0,safe,100.0
2026-07-06T10:32:31.349082,16122.26,S1,8.6,safe,91.4
2026-07-06T10:32:31.349082,33352.94,S11,0.0,safe,100.0
2026-07-06T10:32:31.349082,31128.22,S11,0.0,safe,100.0
2026-07-06T10:32:31.349082,16373.06,S12,8.8,safe,91.2
2026-07-06T10:32:31.349082,26682.39,S10,0.0,safe,100.0
2026-07-06T10:32:31.349082,19481.2,S1,0.0,safe,100.0
2026-07-06T10:32:31.349082,25333.24,S2,0.0,safe,100.0
2026-07-06T10:32:31.349082,27662.94,S8,0.0,safe,100.0
2026-07-06T10:32:31.349082,29401.24,S12,0.0,safe,100.0
2026-07-06T10:32:31.349082,16155.29,S4,8.8,safe,91.2
2026-07-06T10:32:31.349082,25424.8,S3,0.0,safe,100.0
2026-07-06T10:32:31.349082,16933.97,S10,9.2,safe,90.8
2026-07-06T10:32:31.349082,17041.75,S12,9.2,safe,90.8
2026-07-06T10:32:31.349082,ANIL KUMAR,,0.0,safe,100.0
2026-07-06T10:32:31.349082,RAHUL KUMAR,,0.0,safe,100.0
2026-07-06T10:32:31.349082,RAMESH YADAV,,0.0,safe,100.0
2026-07-06T10:32:31.349082,AMIT SINGH,,0.0,safe,100.0
2026-07-06T10:32:31.349082,VIKAS GUPTA,,0.0,safe,100.0
2026-07-06T10:32:31.349082,SURESH SHARMA,,0.0,safe,100.0
