risk,score,reason,evidence,recommendation,employee_name,site
ESI,67.8,ESI contribution mismatch detected,ESI risk score: 68/100,Check ESI eligibility and recalculate,18927.76,S1
ESI,67.7,ESI contribution mismatch detected,ESI risk score: 68/100,Check ESI eligibility and recalculate,18914.37,S9
ESI,68.0,ESI contribution mismatch detected,ESI risk score: 68/100,Check ESI eligibility and recalculate,18989.11,S12
ESI,67.3,ESI contribution mismatch detected,ESI risk score: 67/100,Check ESI eligibility and recalculate,18770.6,S3
ESI,67.1,ESI contribution mismatch detected,ESI risk score: 67/100,Check ESI eligibility and recalculate,18722.73,S12
ESI,67.1,ESI contribution mismatch detected,ESI risk score: 67/100,Check ESI eligibility and recalculate,18722.41,S2
ESI,67.4,ESI contribution mismatch detected,ESI risk score: 67/100,Check ESI eligibility and recalculate,18804.9,S7
ESI,67.2,ESI contribution mismatch detected,ESI risk score: 67/100,Check ESI eligibility and recalculate,18735.62,S12
ESI,66.8,ESI contribution mismatch detected,ESI risk score: 67/100,Check ESI eligibility and recalculate,18629.11,S2
ESI,66.8,ESI contribution mismatch detected,ESI risk score: 67/100,Check ESI eligibility and recalculate,18633.09,S3
ESI,66.8,ESI contribution mismatch detected,ESI risk score: 67/100,Check ESI eligibility and recalculate,18617.51,S7
ESI,67.0,ESI contribution mismatch detected,ESI risk score: 67/100,Check ESI eligibility and recalculate,18688.44,S11
ESI,67.0,ESI contribution mismatch detected,ESI risk score: 67/100,Check ESI eligibility and recalculate,18708.62,S5
ESI,66.1,ESI contribution mismatch detected,ESI risk score: 66/100,Check ESI eligibility and recalculate,18425.81,S10
ESI,66.1,ESI contribution mismatch detected,ESI risk score: 66/100,Check ESI eligibility and recalculate,18400.2,S7
ESI,66.0,ESI contribution mismatch detected,ESI risk score: 66/100,Check ESI eligibility and recalculate,18378.79,S5
ESI,65.7,ESI contribution mismatch detected,ESI risk score: 66/100,Check ESI eligibility and recalculate,18302.5,S6
ESI,66.3,ESI contribution mismatch detected,ESI risk score: 66/100,Check ESI eligibility and recalculate,18472.81,S3
ESI,65.2,ESI contribution mismatch detected,ESI risk score: 65/100,Check ESI eligibility and recalculate,18146.7,S1
ESI,65.1,ESI contribution mismatch detected,ESI risk score: 65/100,Check ESI eligibility and recalculate,18086.88,S8
