employee_name,employee_id,uan,site,month,validation_type,expected_value,actual_value,difference,status,severity,detail,timestamp
23722.12,E1,,S7,,employer_pf,1800.0,2544.47,744.47,fail,high,"ER EPF: expected=550.5, actual=1800.0, diff=1249.5; ER EPS: expected=1249.5, actual=744.47, diff=-505.03",2026-07-06T10:29:09.255619
19247.8,E2,,S8,,employer_pf,1800.0,2395.05,595.05,fail,high,"ER EPF: expected=550.5, actual=1800.0, diff=1249.5; ER EPS: expected=1249.5, actual=595.05, diff=-654.45",2026-07-06T10:29:09.257178
22990.04,E3,,S9,,employer_pf,1800.0,2412.18,612.18,fail,high,"ER EPF: expected=550.5, actual=1800.0, diff=1249.5; ER EPS: expected=1249.5, actual=612.18, diff=-637.32",2026-07-06T10:29:09.258848
34025.14,E4,,S5,,employer_pf,1800.0,2815.54,1015.54,fail,high,"ER EPF: expected=550.5, actual=1800.0, diff=1249.5; ER EPS: expected=1249.5, actual=1015.54, diff=-233.96",2026-07-06T10:29:09.259408
21070.61,E5,,S1,,employer_pf,1800.0,2471.73,671.73,fail,high,"ER EPF: expected=550.5, actual=1800.0, diff=1249.5; ER EPS: expected=1249.5, actual=671.73, diff=-577.77",2026-07-06T10:29:09.259847
19500.63,E6,,S5,,employer_pf,1800.0,2437.25,637.25,fail,high,"ER EPF: expected=550.5, actual=1800.0, diff=1249.5; ER EPS: expected=1249.5, actual=637.25, diff=-612.25",2026-07-06T10:29:09.260191
26383.68,E7,,S1,,employer_pf,1800.0,2696.4,896.4,fail,high,"ER EPF: expected=550.5, actual=1800.0, diff=1249.5; ER EPS: expected=1249.5, actual=896.4, diff=-353.1",2026-07-06T10:29:09.260479
24415.29,E8,,S5,,employer_pf,1800.0,2494.77,694.77,fail,high,"ER EPF: expected=550.5, actual=1800.0, diff=1249.5; ER EPS: expected=1249.5, actual=694.77, diff=-554.73",2026-07-06T10:29:09.260763
25830.62,E9,,S11,,employer_pf,1800.0,2651.34,851.34,fail,high,"ER EPF: expected=550.5, actual=1800.0, diff=1249.5; ER EPS: expected=1249.5, actual=851.34, diff=-398.16",2026-07-06T10:29:09.261044
28370.37,E10,,S2,,employer_pf,1800.0,2664.89,864.89,fail,high,"ER EPF: expected=550.5, actual=1800.0, diff=1249.5; ER EPS: expected=1249.5, actual=864.89, diff=-384.61",2026-07-06T10:29:09.261350
29249.86,E11,,S6,,employer_pf,1800.0,2693.3,893.3,fail,high,"ER EPF: expected=550.5, actual=1800.0, diff=1249.5; ER EPS: expected=1249.5, actual=893.3, diff=-356.2",2026-07-06T10:29:09.261632
31390.36,E12,,S5,,employer_pf,1800.0,2785.43,985.43,fail,high,"ER EPF: expected=550.5, actual=1800.0, diff=1249.5; ER EPS: expected=1249.5, actual=985.43, diff=-264.07",2026-07-06T10:29:09.261901
15806.35,E13,,S9,,employer_pf,1800.0,2293.82,493.82,fail,high,"ER EPF: expected=550.5, actual=1800.0, diff=1249.5; ER EPS: expected=1249.5, actual=493.82, diff=-755.68",2026-07-06T10:29:09.262159
20692.91,E14,,S2,,employer_pf,1800.0,2381.07,581.07,fail,high,"ER EPF: expected=550.5, actual=1800.0, diff=1249.5; ER EPS: expected=1249.5, actual=581.07, diff=-668.43",2026-07-06T10:29:09.262415
23924.28,E15,,S12,,employer_pf,1800.0,2586.79,786.79,fail,high,"ER EPF: expected=550.5, actual=1800.0, diff=1249.5; ER EPS: expected=1249.5, actual=786.79, diff=-462.71",2026-07-06T10:29:09.262929
20033.39,E16,,S3,,employer_pf,1800.0,2429.81,629.81,fail,high,"ER EPF: expected=550.5, actual=1800.0, diff=1249.5; ER EPS: expected=1249.5, actual=629.81, diff=-619.69",2026-07-06T10:29:09.263300
24137.9,E17,,S12,,employer_pf,1800.0,2460.08,660.08,fail,high,"ER EPF: expected=550.5, actual=1800.0, diff=1249.5; ER EPS: expected=1249.5, actual=660.08, diff=-589.42",2026-07-06T10:29:09.263629
20305.26,E18,,S7,,employer_pf,1800.0,2438.87,638.87,fail,high,"ER EPF: expected=550.5, actual=1800.0, diff=1249.5; ER EPS: expected=1249.5, actual=638.87, diff=-610.63",2026-07-06T10:29:09.263936
21975.73,E19,,S6,,employer_pf,1800.0,2400.81,600.81,fail,high,"ER EPF: expected=550.5, actual=1800.0, diff=1249.5; ER EPS: expected=1249.5, actual=600.81, diff=-648.69",2026-07-06T10:29:09.264245
25484.33,E20,,S11,,employer_pf,1800.0,2584.89,784.89,fail,high,"ER EPF: expected=550.5, actual=1800.0, diff=1249.5; ER EPS: expected=1249.5, actual=784.89, diff=-464.61",2026-07-06T10:29:09.264525
26202.4,E21,,S8,,employer_pf,1800.0,2574.94,774.94,fail,high,"ER EPF: expected=550.5, actual=1800.0, diff=1249.5; ER EPS: expected=1249.5, actual=774.94, diff=-474.56",2026-07-06T10:29:09.264821
21973.41,E22,,S12,,employer_pf,1800.0,2468.09,668.09,fail,high,"ER EPF: expected=550.5, actual=1800.0, diff=1249.5; ER EPS: expected=1249.5, actual=668.09, diff=-581.41",2026-07-06T10:29:09.265109
21392.33,E23,,S7,,employer_pf,1800.0,2438.91,638.91,fail,high,"ER EPF: expected=550.5, actual=1800.0, diff=1249.5; ER EPS: expected=1249.5, actual=638.91, diff=-610.59",2026-07-06T10:29:09.265397
29510.08,E24,,S2,,employer_pf,1800.0,2719.5,919.5,fail,high,"ER EPF: expected=550.5, actual=1800.0, diff=1249.5; ER EPS: expected=1249.5, actual=919.5, diff=-330.0",2026-07-06T10:29:09.265671
17482.9,E25,,S12,,employer_pf,1747.93,2221.33,473.4,fail,high,"ER EPF: expected=534.58, actual=1747.93, diff=1213.35; ER EPS: expected=1213.35, actual=473.4, diff=-739.95",2026-07-06T10:29:09.265915
16339.31,E26,,S4,,employer_pf,1686.64,2143.45,456.81,fail,high,"ER EPF: expected=515.83, actual=1686.65, diff=1170.82; ER EPS: expected=1170.81, actual=456.8, diff=-714.01",2026-07-06T10:29:09.266147
20995.89,E27,,S10,,employer_pf,1800.0,2464.47,664.47,fail,high,"ER EPF: expected=550.5, actual=1800.0, diff=1249.5; ER EPS: expected=1249.5, actual=664.47, diff=-585.03",2026-07-06T10:29:09.266406
20214.53,E28,,S1,,employer_pf,1800.0,2416.72,616.72,fail,high,"ER EPF: expected=550.5, actual=1800.0, diff=1249.5; ER EPS: expected=1249.5, actual=616.72, diff=-632.78",2026-07-06T10:29:09.266851
25713.7,E29,,S1,,employer_pf,1800.0,2559.62,759.62,fail,high,"ER EPF: expected=550.5, actual=1800.0, diff=1249.5; ER EPS: expected=1249.5, actual=759.62, diff=-489.88",2026-07-06T10:29:09.267241
18146.7,E30,,S1,,employer_pf,1800.0,2360.82,560.82,fail,high,"ER EPF: expected=550.5, actual=1800.0, diff=1249.5; ER EPS: expected=1249.5, actual=560.82, diff=-688.68",2026-07-06T10:29:09.267535
17529.04,E31,,S4,,employer_pf,1800.0,2334.18,534.18,fail,high,"ER EPF: expected=550.5, actual=1800.0, diff=1249.5; ER EPS: expected=1249.5, actual=534.18, diff=-715.32",2026-07-06T10:29:09.267777
20652.8,E32,,S11,,employer_pf,1800.0,2397.37,597.37,fail,high,"ER EPF: expected=550.5, actual=1800.0, diff=1249.5; ER EPS: expected=1249.5, actual=597.37, diff=-652.13",2026-07-06T10:29:09.268018
30307.34,E33,,S8,,employer_pf,1800.0,2676.22,876.22,fail,high,"ER EPF: expected=550.5, actual=1800.0, diff=1249.5; ER EPS: expected=1249.5, actual=876.22, diff=-373.28",2026-07-06T10:29:09.268256
17925.34,E34,,S3,,employer_pf,1800.0,2313.0,513.0,fail,high,"ER EPF: expected=550.5, actual=1800.0, diff=1249.5; ER EPS: expected=1249.5, actual=513.0, diff=-736.5",2026-07-06T10:29:09.268478
23002.88,E35,,S9,,employer_pf,1800.0,2555.53,755.53,fail,high,"ER EPF: expected=550.5, actual=1800.0, diff=1249.5; ER EPS: expected=1249.5, actual=755.53, diff=-493.97",2026-07-06T10:29:09.268697
33329.57999999999,E36,,S2,,employer_pf,1800.0,2873.81,1073.81,fail,high,"ER EPF: expected=550.5, actual=1800.0, diff=1249.5; ER EPS: expected=1249.5, actual=1073.81, diff=-175.69",2026-07-06T10:29:09.268919
22567.59,E37,,S11,,employer_pf,1800.0,2515.28,715.28,fail,high,"ER EPF: expected=550.5, actual=1800.0, diff=1249.5; ER EPS: expected=1249.5, actual=715.28, diff=-534.22",2026-07-06T10:29:09.269131
16192.71,E38,,S1,,employer_pf,1711.73,2175.32,463.59,fail,high,"ER EPF: expected=523.5, actual=1711.73, diff=1188.23; ER EPS: expected=1188.23, actual=463.59, diff=-724.64",2026-07-06T10:29:09.269383
22675.61,E39,,S11,,employer_pf,1800.0,2539.71,739.71,fail,high,"ER EPF: expected=550.5, actual=1800.0, diff=1249.5; ER EPS: expected=1249.5, actual=739.71, diff=-509.79",2026-07-06T10:29:09.269627
29319.0,E40,,S10,,employer_pf,1800.0,2726.67,926.67,fail,high,"ER EPF: expected=550.5, actual=1800.0, diff=1249.5; ER EPS: expected=1249.5, actual=926.67, diff=-322.83",2026-07-06T10:29:09.269887
16970.89,E41,,S2,,employer_pf,1800.0,2298.81,498.81,fail,high,"ER EPF: expected=550.5, actual=1800.0, diff=1249.5; ER EPS: expected=1249.5, actual=498.81, diff=-750.69",2026-07-06T10:29:09.270130
24558.12,E42,,S12,,employer_pf,1800.0,2514.12,714.12,fail,high,"ER EPF: expected=550.5, actual=1800.0, diff=1249.5; ER EPS: expected=1249.5, actual=714.12, diff=-535.38",2026-07-06T10:29:09.270386
23166.15,E43,,S8,,employer_pf,1800.0,2500.37,700.37,fail,high,"ER EPF: expected=550.5, actual=1800.0, diff=1249.5; ER EPS: expected=1249.5, actual=700.37, diff=-549.13",2026-07-06T10:29:09.270829
17159.32,E44,,S1,,employer_pf,1701.64,2162.5,460.86,fail,high,"ER EPF: expected=520.42, actual=1701.64, diff=1181.22; ER EPS: expected=1181.22, actual=460.86, diff=-720.36",2026-07-06T10:29:09.271225
23084.79,E45,,S11,,employer_pf,1800.0,2444.95,644.95,fail,high,"ER EPF: expected=550.5, actual=1800.0, diff=1249.5; ER EPS: expected=1249.5, actual=644.95, diff=-604.55",2026-07-06T10:29:09.271537
25439.16,E46,,S6,,employer_pf,1800.0,2561.96,761.96,fail,high,"ER EPF: expected=550.5, actual=1800.0, diff=1249.5; ER EPS: expected=1249.5, actual=761.96, diff=-487.54",2026-07-06T10:29:09.271849
26370.53,E47,,S11,,employer_pf,1800.0,2554.7,754.7,fail,high,"ER EPF: expected=550.5, actual=1800.0, diff=1249.5; ER EPS: expected=1249.5, actual=754.7, diff=-494.8",2026-07-06T10:29:09.272136
32168.17,E48,,S10,,employer_pf,1800.0,2839.61,1039.61,fail,high,"ER EPF: expected=550.5, actual=1800.0, diff=1249.5; ER EPS: expected=1249.5, actual=1039.61, diff=-209.89",2026-07-06T10:29:09.272418
24750.29,E49,,S6,,employer_pf,1800.0,2614.42,814.42,fail,high,"ER EPF: expected=550.5, actual=1800.0, diff=1249.5; ER EPS: expected=1249.5, actual=814.42, diff=-435.08",2026-07-06T10:29:09.272683
23683.4,E50,,S9,,employer_pf,1800.0,2545.24,745.24,fail,high,"ER EPF: expected=550.5, actual=1800.0, diff=1249.5; ER EPS: expected=1249.5, actual=745.24, diff=-504.26",2026-07-06T10:29:09.272984
18425.81,E51,,S10,,employer_pf,1800.0,2320.19,520.19,fail,high,"ER EPF: expected=550.5, actual=1800.0, diff=1249.5; ER EPS: expected=1249.5, actual=520.19, diff=-729.31",2026-07-06T10:29:09.273251
35137.91,E52,,S6,,employer_pf,1800.0,2851.03,1051.03,fail,high,"ER EPF: expected=550.5, actual=1800.0, diff=1249.5; ER EPS: expected=1249.5, actual=1051.03, diff=-198.47",2026-07-06T10:29:09.273504
23133.13,E53,,S10,,employer_pf,1800.0,2482.91,682.91,fail,high,"ER EPF: expected=550.5, actual=1800.0, diff=1249.5; ER EPS: expected=1249.5, actual=682.91, diff=-566.59",2026-07-06T10:29:09.273774
29353.62,E54,,S7,,employer_pf,1800.0,2672.62,872.62,fail,high,"ER EPF: expected=550.5, actual=1800.0, diff=1249.5; ER EPS: expected=1249.5, actual=872.62, diff=-376.88",2026-07-06T10:29:09.274016
20150.55,E55,,S12,,employer_pf,1800.0,2419.99,619.99,fail,high,"ER EPF: expected=550.5, actual=1800.0, diff=1249.5; ER EPS: expected=1249.5, actual=619.99, diff=-629.51",2026-07-06T10:29:09.274264
21815.54,E56,,S8,,employer_pf,1800.0,2417.67,617.67,fail,high,"ER EPF: expected=550.5, actual=1800.0, diff=1249.5; ER EPS: expected=1249.5, actual=617.67, diff=-631.83",2026-07-06T10:29:09.274621
19136.36,E57,,S5,,employer_pf,1800.0,2435.8,635.8,fail,high,"ER EPF: expected=550.5, actual=1800.0, diff=1249.5; ER EPS: expected=1249.5, actual=635.8, diff=-613.7",2026-07-06T10:29:09.275021
24214.68,E58,,S10,,employer_pf,1800.0,2522.06,722.06,fail,high,"ER EPF: expected=550.5, actual=1800.0, diff=1249.5; ER EPS: expected=1249.5, actual=722.06, diff=-527.44",2026-07-06T10:29:09.275373
27534.17,E59,,S9,,employer_pf,1800.0,2605.61,805.61,fail,high,"ER EPF: expected=550.5, actual=1800.0, diff=1249.5; ER EPS: expected=1249.5, actual=805.61, diff=-443.89",2026-07-06T10:29:09.275689
24100.0,E60,,S10,,employer_pf,1800.0,2542.18,742.18,fail,high,"ER EPF: expected=550.5, actual=1800.0, diff=1249.5; ER EPS: expected=1249.5, actual=742.18, diff=-507.32",2026-07-06T10:29:09.276000
30285.83,E61,,S8,,employer_pf,1800.0,2681.41,881.41,fail,high,"ER EPF: expected=550.5, actual=1800.0, diff=1249.5; ER EPS: expected=1249.5, actual=881.41, diff=-368.09",2026-07-06T10:29:09.276292
32983.44,E62,,S6,,employer_pf,1800.0,2757.76,957.76,fail,high,"ER EPF: expected=550.5, actual=1800.0, diff=1249.5; ER EPS: expected=1249.5, actual=957.76, diff=-291.74",2026-07-06T10:29:09.276566
26801.64,E63,,S11,,employer_pf,1800.0,2632.55,832.55,fail,high,"ER EPF: expected=550.5, actual=1800.0, diff=1249.5; ER EPS: expected=1249.5, actual=832.55, diff=-416.95",2026-07-06T10:29:09.276823
22861.72,E64,,S9,,employer_pf,1800.0,2440.92,640.92,fail,high,"ER EPF: expected=550.5, actual=1800.0, diff=1249.5; ER EPS: expected=1249.5, actual=640.92, diff=-608.58",2026-07-06T10:29:09.277071
20880.25,E65,,S10,,employer_pf,1800.0,2369.55,569.55,fail,high,"ER EPF: expected=550.5, actual=1800.0, diff=1249.5; ER EPS: expected=1249.5, actual=569.55, diff=-679.95",2026-07-06T10:29:09.277314
23838.02,E66,,S7,,employer_pf,1800.0,2451.41,651.41,fail,high,"ER EPF: expected=550.5, actual=1800.0, diff=1249.5; ER EPS: expected=1249.5, actual=651.41, diff=-598.09",2026-07-06T10:29:09.277593
23529.41,E67,,S4,,employer_pf,1800.0,2555.03,755.03,fail,high,"ER EPF: expected=550.5, actual=1800.0, diff=1249.5; ER EPS: expected=1249.5, actual=755.03, diff=-494.47",2026-07-06T10:29:09.277856
20337.86,E68,,S10,,employer_pf,1800.0,2444.92,644.92,fail,high,"ER EPF: expected=550.5, actual=1800.0, diff=1249.5; ER EPS: expected=1249.5, actual=644.92, diff=-604.58",2026-07-06T10:29:09.278101
18400.2,E69,,S7,,employer_pf,1800.0,2404.29,604.29,fail,high,"ER EPF: expected=550.5, actual=1800.0, diff=1249.5; ER EPS: expected=1249.5, actual=604.29, diff=-645.21",2026-07-06T10:29:09.278333
33329.11,E70,,S2,,employer_pf,1800.0,2868.03,1068.03,fail,high,"ER EPF: expected=550.5, actual=1800.0, diff=1249.5; ER EPS: expected=1249.5, actual=1068.03, diff=-181.47",2026-07-06T10:29:09.278643
26255.47,E71,,S12,,employer_pf,1800.0,2584.27,784.27,fail,high,"ER EPF: expected=550.5, actual=1800.0, diff=1249.5; ER EPS: expected=1249.5, actual=784.27, diff=-465.23",2026-07-06T10:29:09.278977
19515.52,E72,,S12,,employer_pf,1800.0,2461.38,661.38,fail,high,"ER EPF: expected=550.5, actual=1800.0, diff=1249.5; ER EPS: expected=1249.5, actual=661.38, diff=-588.12",2026-07-06T10:29:09.279267
24708.36,E73,,S3,,employer_pf,1800.0,2564.79,764.79,fail,high,"ER EPF: expected=550.5, actual=1800.0, diff=1249.5; ER EPS: expected=1249.5, actual=764.79, diff=-484.71",2026-07-06T10:29:09.279567
37294.92000000001,E74,,S3,,employer_pf,1800.0,2897.66,1097.66,fail,high,"ER EPF: expected=550.5, actual=1800.0, diff=1249.5; ER EPS: expected=1249.5, actual=1097.66, diff=-151.84",2026-07-06T10:29:09.279835
23987.62,E75,,S7,,employer_pf,1800.0,2468.46,668.46,fail,high,"ER EPF: expected=550.5, actual=1800.0, diff=1249.5; ER EPS: expected=1249.5, actual=668.46, diff=-581.04",2026-07-06T10:29:09.280104
22212.25,E76,,S10,,employer_pf,1800.0,2528.07,728.07,fail,high,"ER EPF: expected=550.5, actual=1800.0, diff=1249.5; ER EPS: expected=1249.5, actual=728.07, diff=-521.43",2026-07-06T10:29:09.280361
21350.42,E77,,S10,,employer_pf,1800.0,2484.36,684.36,fail,high,"ER EPF: expected=550.5, actual=1800.0, diff=1249.5; ER EPS: expected=1249.5, actual=684.36, diff=-565.14",2026-07-06T10:29:09.280614
20870.34,E78,,S1,,employer_pf,1800.0,2466.87,666.87,fail,high,"ER EPF: expected=550.5, actual=1800.0, diff=1249.5; ER EPS: expected=1249.5, actual=666.87, diff=-582.63",2026-07-06T10:29:09.280907
30213.59,E79,,S8,,employer_pf,1800.0,2697.15,897.15,fail,high,"ER EPF: expected=550.5, actual=1800.0, diff=1249.5; ER EPS: expected=1249.5, actual=897.15, diff=-352.35",2026-07-06T10:29:09.281156
14019.4,E80,,S11,,employer_pf,1475.81,1875.52,399.71,fail,high,"ER EPF: expected=451.35, actual=1475.82, diff=1024.47; ER EPS: expected=1024.46, actual=399.7, diff=-624.76",2026-07-06T10:29:09.281394
33347.42999999999,E81,,S4,,employer_pf,1800.0,2849.51,1049.51,fail,high,"ER EPF: expected=550.5, actual=1800.0, diff=1249.5; ER EPS: expected=1249.5, actual=1049.51, diff=-199.99",2026-07-06T10:29:09.281731
28728.12,E82,,S2,,employer_pf,1800.0,2690.16,890.16,fail,high,"ER EPF: expected=550.5, actual=1800.0, diff=1249.5; ER EPS: expected=1249.5, actual=890.16, diff=-359.34",2026-07-06T10:29:09.281995
31871.54,E83,,S10,,employer_pf,1800.0,2824.66,1024.66,fail,high,"ER EPF: expected=550.5, actual=1800.0, diff=1249.5; ER EPS: expected=1249.5, actual=1024.66, diff=-224.84",2026-07-06T10:29:09.282234
24785.71,E84,,S1,,employer_pf,1800.0,2593.61,793.61,fail,high,"ER EPF: expected=550.5, actual=1800.0, diff=1249.5; ER EPS: expected=1249.5, actual=793.61, diff=-455.89",2026-07-06T10:29:09.282558
24291.02,E85,,S8,,employer_pf,1800.0,2558.26,758.26,fail,high,"ER EPF: expected=550.5, actual=1800.0, diff=1249.5; ER EPS: expected=1249.5, actual=758.26, diff=-491.24",2026-07-06T10:29:09.282987
22421.89,E86,,S4,,employer_pf,1800.0,2519.45,719.45,fail,high,"ER EPF: expected=550.5, actual=1800.0, diff=1249.5; ER EPS: expected=1249.5, actual=719.45, diff=-530.05",2026-07-06T10:29:09.283341
35061.43000000001,E87,,S9,,employer_pf,1800.0,2826.29,1026.29,fail,high,"ER EPF: expected=550.5, actual=1800.0, diff=1249.5; ER EPS: expected=1249.5, actual=1026.29, diff=-223.21",2026-07-06T10:29:09.283660
13143.16,E88,,S7,,employer_pf,1482.24,1883.68,401.44,fail,high,"ER EPF: expected=453.32, actual=1482.24, diff=1028.92; ER EPS: expected=1028.92, actual=401.44, diff=-627.48",2026-07-06T10:29:09.283974
30156.08,E89,,S10,,employer_pf,1800.0,2766.98,966.98,fail,high,"ER EPF: expected=550.5, actual=1800.0, diff=1249.5; ER EPS: expected=1249.5, actual=966.98, diff=-282.52",2026-07-06T10:29:09.284250
33900.29,E90,,S8,,employer_pf,1800.0,2817.42,1017.42,fail,high,"ER EPF: expected=550.5, actual=1800.0, diff=1249.5; ER EPS: expected=1249.5, actual=1017.42, diff=-232.08",2026-07-06T10:29:09.284538
25635.72,E91,,S6,,employer_pf,1800.0,2567.06,767.06,fail,high,"ER EPF: expected=550.5, actual=1800.0, diff=1249.5; ER EPS: expected=1249.5, actual=767.06, diff=-482.44",2026-07-06T10:29:09.284792
34153.99,E92,,S2,,employer_pf,1800.0,2779.39,979.39,fail,high,"ER EPF: expected=550.5, actual=1800.0, diff=1249.5; ER EPS: expected=1249.5, actual=979.39, diff=-270.11",2026-07-06T10:29:09.285039
21220.05,E93,,S9,,employer_pf,1800.0,2430.12,630.12,fail,high,"ER EPF: expected=550.5, actual=1800.0, diff=1249.5; ER EPS: expected=1249.5, actual=630.12, diff=-619.38",2026-07-06T10:29:09.285280
22970.99,E94,,S12,,employer_pf,1800.0,2414.54,614.54,fail,high,"ER EPF: expected=550.5, actual=1800.0, diff=1249.5; ER EPS: expected=1249.5, actual=614.54, diff=-634.96",2026-07-06T10:29:09.285512
32684.76,E95,,S9,,employer_pf,1800.0,2807.74,1007.74,fail,high,"ER EPF: expected=550.5, actual=1800.0, diff=1249.5; ER EPS: expected=1249.5, actual=1007.74, diff=-241.76",2026-07-06T10:29:09.285745
28570.98,E96,,S5,,employer_pf,1800.0,2609.08,809.08,fail,high,"ER EPF: expected=550.5, actual=1800.0, diff=1249.5; ER EPS: expected=1249.5, actual=809.08, diff=-440.42",2026-07-06T10:29:09.286002
23821.71,E97,,S8,,employer_pf,1800.0,2459.95,659.95,fail,high,"ER EPF: expected=550.5, actual=1800.0, diff=1249.5; ER EPS: expected=1249.5, actual=659.95, diff=-589.55",2026-07-06T10:29:09.286244
32196.95,E98,,S2,,employer_pf,1800.0,2744.54,944.54,fail,high,"ER EPF: expected=550.5, actual=1800.0, diff=1249.5; ER EPS: expected=1249.5, actual=944.54, diff=-304.96",2026-07-06T10:29:09.286603
19477.89,E99,,S11,,employer_pf,1800.0,2376.45,576.45,fail,high,"ER EPF: expected=550.5, actual=1800.0, diff=1249.5; ER EPS: expected=1249.5, actual=576.45, diff=-673.05",2026-07-06T10:29:09.287078
18927.76,E100,,S1,,employer_pf,1800.0,2335.22,535.22,fail,high,"ER EPF: expected=550.5, actual=1800.0, diff=1249.5; ER EPS: expected=1249.5, actual=535.22, diff=-714.28",2026-07-06T10:29:09.287508
28175.28,E101,,S8,,employer_pf,1800.0,2683.13,883.13,fail,high,"ER EPF: expected=550.5, actual=1800.0, diff=1249.5; ER EPS: expected=1249.5, actual=883.13, diff=-366.37",2026-07-06T10:29:09.287947
21188.56,E102,,S1,,employer_pf,1800.0,2428.73,628.73,fail,high,"ER EPF: expected=550.5, actual=1800.0, diff=1249.5; ER EPS: expected=1249.5, actual=628.73, diff=-620.77",2026-07-06T10:29:09.288367
26746.92,E103,,S10,,employer_pf,1800.0,2584.03,784.03,fail,high,"ER EPF: expected=550.5, actual=1800.0, diff=1249.5; ER EPS: expected=1249.5, actual=784.03, diff=-465.47",2026-07-06T10:29:09.288751
21325.9,E104,,S9,,employer_pf,1800.0,2418.27,618.27,fail,high,"ER EPF: expected=550.5, actual=1800.0, diff=1249.5; ER EPS: expected=1249.5, actual=618.27, diff=-631.23",2026-07-06T10:29:09.289117
33079.52,E105,,S5,,employer_pf,1800.0,2780.42,980.42,fail,high,"ER EPF: expected=550.5, actual=1800.0, diff=1249.5; ER EPS: expected=1249.5, actual=980.42, diff=-269.08",2026-07-06T10:29:09.289452
30574.21,E106,,S12,,employer_pf,1800.0,2736.6,936.6,fail,high,"ER EPF: expected=550.5, actual=1800.0, diff=1249.5; ER EPS: expected=1249.5, actual=936.6, diff=-312.9",2026-07-06T10:29:09.289760
13378.26,E107,,S1,,employer_pf,1599.72,2032.98,433.26,fail,high,"ER EPF: expected=489.25, actual=1599.72, diff=1110.47; ER EPS: expected=1110.47, actual=433.26, diff=-677.21",2026-07-06T10:29:09.290109
30188.5,E108,,S5,,employer_pf,1800.0,2744.14,944.14,fail,high,"ER EPF: expected=550.5, actual=1800.0, diff=1249.5; ER EPS: expected=1249.5, actual=944.14, diff=-305.36",2026-07-06T10:29:09.290439
24828.94,E109,,S10,,employer_pf,1800.0,2593.62,793.62,fail,high,"ER EPF: expected=550.5, actual=1800.0, diff=1249.5; ER EPS: expected=1249.5, actual=793.62, diff=-455.88",2026-07-06T10:29:09.290959
32974.56,E110,,S5,,employer_pf,1800.0,2798.6,998.6,fail,high,"ER EPF: expected=550.5, actual=1800.0, diff=1249.5; ER EPS: expected=1249.5, actual=998.6, diff=-250.9",2026-07-06T10:29:09.291323
15200.04,E111,,S3,,employer_pf,1774.08,2254.56,480.48,fail,high,"ER EPF: expected=542.57, actual=1774.08, diff=1231.51; ER EPS: expected=1231.51, actual=480.48, diff=-751.03",2026-07-06T10:29:09.291636
17905.47,E112,,S12,,employer_pf,1800.0,2400.27,600.27,fail,high,"ER EPF: expected=550.5, actual=1800.0, diff=1249.5; ER EPS: expected=1249.5, actual=600.27, diff=-649.23",2026-07-06T10:29:09.291927
16184.56,E113,,S9,,employer_pf,1559.73,1982.16,422.43,fail,high,"ER EPF: expected=477.02, actual=1559.73, diff=1082.71; ER EPS: expected=1082.71, actual=422.43, diff=-660.28",2026-07-06T10:29:09.292250
16231.11,E114,,S8,,employer_pf,1800.0,2312.86,512.86,fail,high,"ER EPF: expected=550.5, actual=1800.0, diff=1249.5; ER EPS: expected=1249.5, actual=512.86, diff=-736.64",2026-07-06T10:29:09.292597
22806.47,E115,,S5,,employer_pf,1800.0,2443.63,643.63,fail,high,"ER EPF: expected=550.5, actual=1800.0, diff=1249.5; ER EPS: expected=1249.5, actual=643.63, diff=-605.87",2026-07-06T10:29:09.292940
19729.96,E116,,S12,,employer_pf,1800.0,2420.2,620.2,fail,high,"ER EPF: expected=550.5, actual=1800.0, diff=1249.5; ER EPS: expected=1249.5, actual=620.2, diff=-629.3",2026-07-06T10:29:09.293280
27923.38,E117,,S1,,employer_pf,1800.0,2630.38,830.38,fail,high,"ER EPF: expected=550.5, actual=1800.0, diff=1249.5; ER EPS: expected=1249.5, actual=830.38, diff=-419.12",2026-07-06T10:29:09.293620
31375.44,E118,,S3,,employer_pf,1800.0,2708.61,908.61,fail,high,"ER EPF: expected=550.5, actual=1800.0, diff=1249.5; ER EPS: expected=1249.5, actual=908.61, diff=-340.89",2026-07-06T10:29:09.293973
32700.14999999999,E119,,S5,,employer_pf,1800.0,2757.55,957.55,fail,high,"ER EPF: expected=550.5, actual=1800.0, diff=1249.5; ER EPS: expected=1249.5, actual=957.55, diff=-291.95",2026-07-06T10:29:09.294338
14716.74,E120,,S1,,employer_pf,1677.35,2131.63,454.28,fail,high,"ER EPF: expected=512.99, actual=1677.35, diff=1164.36; ER EPS: expected=1164.36, actual=454.28, diff=-710.08",2026-07-06T10:29:09.294814
21509.58,E121,,S9,,employer_pf,1800.0,2467.8,667.8,fail,high,"ER EPF: expected=550.5, actual=1800.0, diff=1249.5; ER EPS: expected=1249.5, actual=667.8, diff=-581.7",2026-07-06T10:29:09.295232
26042.15,E122,,S5,,employer_pf,1800.0,2617.53,817.53,fail,high,"ER EPF: expected=550.5, actual=1800.0, diff=1249.5; ER EPS: expected=1249.5, actual=817.53, diff=-431.97",2026-07-06T10:29:09.295655
23016.01,E123,,S4,,employer_pf,1800.0,2447.97,647.97,fail,high,"ER EPF: expected=550.5, actual=1800.0, diff=1249.5; ER EPS: expected=1249.5, actual=647.97, diff=-601.53",2026-07-06T10:29:09.296083
17965.3,E124,,S10,,employer_pf,1800.0,2304.06,504.06,fail,high,"ER EPF: expected=550.5, actual=1800.0, diff=1249.5; ER EPS: expected=1249.5, actual=504.06, diff=-745.44",2026-07-06T10:29:09.296496
25327.07,E125,,S11,,employer_pf,1800.0,2562.02,762.02,fail,high,"ER EPF: expected=550.5, actual=1800.0, diff=1249.5; ER EPS: expected=1249.5, actual=762.02, diff=-487.48",2026-07-06T10:29:09.296889
22586.1,E126,,S8,,employer_pf,1800.0,2528.2,728.2,fail,high,"ER EPF: expected=550.5, actual=1800.0, diff=1249.5; ER EPS: expected=1249.5, actual=728.2, diff=-521.3",2026-07-06T10:29:09.297306
23918.57,E127,,S11,,employer_pf,1800.0,2525.37,725.37,fail,high,"ER EPF: expected=550.5, actual=1800.0, diff=1249.5; ER EPS: expected=1249.5, actual=725.37, diff=-524.13",2026-07-06T10:29:09.297709
20936.23,E128,,S9,,employer_pf,1800.0,2453.97,653.97,fail,high,"ER EPF: expected=550.5, actual=1800.0, diff=1249.5; ER EPS: expected=1249.5, actual=653.97, diff=-595.53",2026-07-06T10:29:09.298128
16222.06,E129,,S6,,employer_pf,1718.93,2184.47,465.54,fail,high,"ER EPF: expected=525.71, actual=1718.93, diff=1193.22; ER EPS: expected=1193.22, actual=465.54, diff=-727.68",2026-07-06T10:29:09.298657
28274.12,E130,,S12,,employer_pf,1800.0,2768.32,968.32,fail,high,"ER EPF: expected=550.5, actual=1800.0, diff=1249.5; ER EPS: expected=1249.5, actual=968.32, diff=-281.18",2026-07-06T10:29:09.299210
20723.57,E131,,S6,,employer_pf,1800.0,2446.88,646.88,fail,high,"ER EPF: expected=550.5, actual=1800.0, diff=1249.5; ER EPS: expected=1249.5, actual=646.88, diff=-602.62",2026-07-06T10:29:09.299716
28572.38,E132,,S3,,employer_pf,1800.0,2630.38,830.38,fail,high,"ER EPF: expected=550.5, actual=1800.0, diff=1249.5; ER EPS: expected=1249.5, actual=830.38, diff=-419.12",2026-07-06T10:29:09.300164
35978.45,E133,,S5,,employer_pf,1800.0,2887.72,1087.72,fail,high,"ER EPF: expected=550.5, actual=1800.0, diff=1249.5; ER EPS: expected=1249.5, actual=1087.72, diff=-161.78",2026-07-06T10:29:09.300610
21157.71,E134,,S10,,employer_pf,1800.0,2434.44,634.44,fail,high,"ER EPF: expected=550.5, actual=1800.0, diff=1249.5; ER EPS: expected=1249.5, actual=634.44, diff=-615.06",2026-07-06T10:29:09.301049
20656.52,E135,,S3,,employer_pf,1800.0,2402.6,602.6,fail,high,"ER EPF: expected=550.5, actual=1800.0, diff=1249.5; ER EPS: expected=1249.5, actual=602.6, diff=-646.9",2026-07-06T10:29:09.301534
22385.15,E136,,S7,,employer_pf,1800.0,2488.35,688.35,fail,high,"ER EPF: expected=550.5, actual=1800.0, diff=1249.5; ER EPS: expected=1249.5, actual=688.35, diff=-561.15",2026-07-06T10:29:09.301970
28672.78,E137,,S11,,employer_pf,1800.0,2663.3,863.3,fail,high,"ER EPF: expected=550.5, actual=1800.0, diff=1249.5; ER EPS: expected=1249.5, actual=863.3, diff=-386.2",2026-07-06T10:29:09.302400
18378.79,E138,,S5,,employer_pf,1800.0,2367.57,567.57,fail,high,"ER EPF: expected=550.5, actual=1800.0, diff=1249.5; ER EPS: expected=1249.5, actual=567.57, diff=-681.93",2026-07-06T10:29:09.302979
20036.53,E139,,S7,,employer_pf,1800.0,2386.69,586.69,fail,high,"ER EPF: expected=550.5, actual=1800.0, diff=1249.5; ER EPS: expected=1249.5, actual=586.69, diff=-662.81",2026-07-06T10:29:09.303428
27819.2,E140,,S4,,employer_pf,1800.0,2621.13,821.13,fail,high,"ER EPF: expected=550.5, actual=1800.0, diff=1249.5; ER EPS: expected=1249.5, actual=821.13, diff=-428.37",2026-07-06T10:29:09.303925
17590.75,E141,,S7,,employer_pf,1800.0,2332.27,532.27,fail,high,"ER EPF: expected=550.5, actual=1800.0, diff=1249.5; ER EPS: expected=1249.5, actual=532.27, diff=-717.23",2026-07-06T10:29:09.304407
20806.93,E142,,S10,,employer_pf,1800.0,2458.81,658.81,fail,high,"ER EPF: expected=550.5, actual=1800.0, diff=1249.5; ER EPS: expected=1249.5, actual=658.81, diff=-590.69",2026-07-06T10:29:09.304868
23787.4,E143,,S11,,employer_pf,1800.0,2582.6,782.6,fail,high,"ER EPF: expected=550.5, actual=1800.0, diff=1249.5; ER EPS: expected=1249.5, actual=782.6, diff=-466.9",2026-07-06T10:29:09.305322
18770.6,E144,,S3,,employer_pf,1800.0,2397.76,597.76,fail,high,"ER EPF: expected=550.5, actual=1800.0, diff=1249.5; ER EPS: expected=1249.5, actual=597.76, diff=-651.74",2026-07-06T10:29:09.305779
24630.85,E145,,S1,,employer_pf,1800.0,2578.13,778.13,fail,high,"ER EPF: expected=550.5, actual=1800.0, diff=1249.5; ER EPS: expected=1249.5, actual=778.13, diff=-471.37",2026-07-06T10:29:09.306269
16240.47,E146,,S8,,employer_pf,1636.19,2079.32,443.13,fail,high,"ER EPF: expected=500.4, actual=1636.19, diff=1135.79; ER EPS: expected=1135.79, actual=443.13, diff=-692.66",2026-07-06T10:29:09.306883
32953.83,E147,,S5,,employer_pf,1800.0,2806.72,1006.72,fail,high,"ER EPF: expected=550.5, actual=1800.0, diff=1249.5; ER EPS: expected=1249.5, actual=1006.72, diff=-242.78",2026-07-06T10:29:09.307422
24046.1,E148,,S11,,employer_pf,1800.0,2588.06,788.06,fail,high,"ER EPF: expected=550.5, actual=1800.0, diff=1249.5; ER EPS: expected=1249.5, actual=788.06, diff=-461.44",2026-07-06T10:29:09.307923
24704.93,E149,,S12,,employer_pf,1800.0,2459.62,659.62,fail,high,"ER EPF: expected=550.5, actual=1800.0, diff=1249.5; ER EPS: expected=1249.5, actual=659.62, diff=-589.88",2026-07-06T10:29:09.308391
30699.71,E150,,S2,,employer_pf,1800.0,2818.58,1018.58,fail,high,"ER EPF: expected=550.5, actual=1800.0, diff=1249.5; ER EPS: expected=1249.5, actual=1018.58, diff=-230.92",2026-07-06T10:29:09.308843
18302.5,E151,,S6,,employer_pf,1800.0,2320.34,520.34,fail,high,"ER EPF: expected=550.5, actual=1800.0, diff=1249.5; ER EPS: expected=1249.5, actual=520.34, diff=-729.16",2026-07-06T10:29:09.309326
29748.36,E152,,S1,,employer_pf,1800.0,2762.08,962.08,fail,high,"ER EPF: expected=550.5, actual=1800.0, diff=1249.5; ER EPS: expected=1249.5, actual=962.08, diff=-287.42",2026-07-06T10:29:09.309769
16736.14,E153,,S12,,employer_pf,1576.45,2003.41,426.96,fail,high,"ER EPF: expected=482.13, actual=1576.45, diff=1094.32; ER EPS: expected=1094.32, actual=426.96, diff=-667.36",2026-07-06T10:29:09.310229
20472.68,E154,,S9,,employer_pf,1800.0,2386.73,586.73,fail,high,"ER EPF: expected=550.5, actual=1800.0, diff=1249.5; ER EPS: expected=1249.5, actual=586.73, diff=-662.77",2026-07-06T10:29:09.310871
25559.01,E155,,S8,,employer_pf,1800.0,2614.97,814.97,fail,high,"ER EPF: expected=550.5, actual=1800.0, diff=1249.5; ER EPS: expected=1249.5, actual=814.97, diff=-434.53",2026-07-06T10:29:09.311400
30192.21,E156,,S10,,employer_pf,1800.0,2660.07,860.07,fail,high,"ER EPF: expected=550.5, actual=1800.0, diff=1249.5; ER EPS: expected=1249.5, actual=860.07, diff=-389.43",2026-07-06T10:29:09.311902
27869.12,E157,,S1,,employer_pf,1800.0,2661.8,861.8,fail,high,"ER EPF: expected=550.5, actual=1800.0, diff=1249.5; ER EPS: expected=1249.5, actual=861.8, diff=-387.7",2026-07-06T10:29:09.312380
28872.7,E158,,S1,,employer_pf,1800.0,2643.16,843.16,fail,high,"ER EPF: expected=550.5, actual=1800.0, diff=1249.5; ER EPS: expected=1249.5, actual=843.16, diff=-406.34",2026-07-06T10:29:09.312856
28125.54,E159,,S4,,employer_pf,1800.0,2671.64,871.64,fail,high,"ER EPF: expected=550.5, actual=1800.0, diff=1249.5; ER EPS: expected=1249.5, actual=871.64, diff=-377.86",2026-07-06T10:29:09.313331
26703.35,E160,,S11,,employer_pf,1800.0,2572.81,772.81,fail,high,"ER EPF: expected=550.5, actual=1800.0, diff=1249.5; ER EPS: expected=1249.5, actual=772.81, diff=-476.69",2026-07-06T10:29:09.313765
31898.43,E161,,S10,,employer_pf,1800.0,2760.77,960.77,fail,high,"ER EPF: expected=550.5, actual=1800.0, diff=1249.5; ER EPS: expected=1249.5, actual=960.77, diff=-288.73",2026-07-06T10:29:09.314197
23313.98,E162,,S5,,employer_pf,1800.0,2506.26,706.26,fail,high,"ER EPF: expected=550.5, actual=1800.0, diff=1249.5; ER EPS: expected=1249.5, actual=706.26, diff=-543.24",2026-07-06T10:29:09.314767
27640.31,E163,,S7,,employer_pf,1800.0,2606.01,806.01,fail,high,"ER EPF: expected=550.5, actual=1800.0, diff=1249.5; ER EPS: expected=1249.5, actual=806.01, diff=-443.49",2026-07-06T10:29:09.315308
18722.73,E164,,S12,,employer_pf,1800.0,2337.87,537.87,fail,high,"ER EPF: expected=550.5, actual=1800.0, diff=1249.5; ER EPS: expected=1249.5, actual=537.87, diff=-711.63",2026-07-06T10:29:09.315797
23426.05,E165,,S10,,employer_pf,1800.0,2513.43,713.43,fail,high,"ER EPF: expected=550.5, actual=1800.0, diff=1249.5; ER EPS: expected=1249.5, actual=713.43, diff=-536.07",2026-07-06T10:29:09.316272
20152.67,E166,,S4,,employer_pf,1800.0,2424.91,624.91,fail,high,"ER EPF: expected=550.5, actual=1800.0, diff=1249.5; ER EPS: expected=1249.5, actual=624.91, diff=-624.59",2026-07-06T10:29:09.316731
19689.24,E167,,S10,,employer_pf,1800.0,2409.96,609.96,fail,high,"ER EPF: expected=550.5, actual=1800.0, diff=1249.5; ER EPS: expected=1249.5, actual=609.96, diff=-639.54",2026-07-06T10:29:09.317227
18914.37,E168,,S9,,employer_pf,1800.0,2355.21,555.21,fail,high,"ER EPF: expected=550.5, actual=1800.0, diff=1249.5; ER EPS: expected=1249.5, actual=555.21, diff=-694.29",2026-07-06T10:29:09.317657
18629.11,E169,,S2,,employer_pf,1800.0,2351.01,551.01,fail,high,"ER EPF: expected=550.5, actual=1800.0, diff=1249.5; ER EPS: expected=1249.5, actual=551.01, diff=-698.49",2026-07-06T10:29:09.318057
19532.81,E170,,S8,,employer_pf,1800.0,2346.81,546.81,fail,high,"ER EPF: expected=550.5, actual=1800.0, diff=1249.5; ER EPS: expected=1249.5, actual=546.81, diff=-702.69",2026-07-06T10:29:09.318436
21423.63,E171,,S8,,employer_pf,1800.0,2537.29,737.29,fail,high,"ER EPF: expected=550.5, actual=1800.0, diff=1249.5; ER EPS: expected=1249.5, actual=737.29, diff=-512.21",2026-07-06T10:29:09.318973
24644.12,E172,,S8,,employer_pf,1800.0,2601.81,801.81,fail,high,"ER EPF: expected=550.5, actual=1800.0, diff=1249.5; ER EPS: expected=1249.5, actual=801.81, diff=-447.69",2026-07-06T10:29:09.319369
27478.06,E173,,S10,,employer_pf,1800.0,2551.22,751.22,fail,high,"ER EPF: expected=550.5, actual=1800.0, diff=1249.5; ER EPS: expected=1249.5, actual=751.22, diff=-498.28",2026-07-06T10:29:09.319720
22023.54,E174,,S8,,employer_pf,1800.0,2412.33,612.33,fail,high,"ER EPF: expected=550.5, actual=1800.0, diff=1249.5; ER EPS: expected=1249.5, actual=612.33, diff=-637.17",2026-07-06T10:29:09.320024
17430.56,E175,,S7,,employer_pf,1800.0,2343.6,543.6,fail,high,"ER EPF: expected=550.5, actual=1800.0, diff=1249.5; ER EPS: expected=1249.5, actual=543.6, diff=-705.9",2026-07-06T10:29:09.320299
28240.72,E176,,S9,,employer_pf,1800.0,2692.37,892.37,fail,high,"ER EPF: expected=550.5, actual=1800.0, diff=1249.5; ER EPS: expected=1249.5, actual=892.37, diff=-357.13",2026-07-06T10:29:09.320626
27545.81,E177,,S2,,employer_pf,1800.0,2693.85,893.85,fail,high,"ER EPF: expected=550.5, actual=1800.0, diff=1249.5; ER EPS: expected=1249.5, actual=893.85, diff=-355.65",2026-07-06T10:29:09.320942
22132.57,E178,,S7,,employer_pf,1800.0,2485.02,685.02,fail,high,"ER EPF: expected=550.5, actual=1800.0, diff=1249.5; ER EPS: expected=1249.5, actual=685.02, diff=-564.48",2026-07-06T10:29:09.321257
21316.1,E179,,S7,,employer_pf,1800.0,2407.24,607.24,fail,high,"ER EPF: expected=550.5, actual=1800.0, diff=1249.5; ER EPS: expected=1249.5, actual=607.24, diff=-642.26",2026-07-06T10:29:09.321560
20416.23,E180,,S9,,employer_pf,1800.0,2444.67,644.67,fail,high,"ER EPF: expected=550.5, actual=1800.0, diff=1249.5; ER EPS: expected=1249.5, actual=644.67, diff=-604.83",2026-07-06T10:29:09.321840
17859.05,E181,,S12,,employer_pf,1800.0,2397.15,597.15,fail,high,"ER EPF: expected=550.5, actual=1800.0, diff=1249.5; ER EPS: expected=1249.5, actual=597.15, diff=-652.35",2026-07-06T10:29:09.322161
29972.6,E182,,S3,,employer_pf,1800.0,2761.23,961.23,fail,high,"ER EPF: expected=550.5, actual=1800.0, diff=1249.5; ER EPS: expected=1249.5, actual=961.23, diff=-288.27",2026-07-06T10:29:09.322608
33827.54,E183,,S9,,employer_pf,1800.0,2915.5,1115.5,fail,high,"ER EPF: expected=550.5, actual=1800.0, diff=1249.5; ER EPS: expected=1249.5, actual=1115.5, diff=-134.0",2026-07-06T10:29:09.323101
30046.11,E184,,S12,,employer_pf,1800.0,2784.37,984.37,fail,high,"ER EPF: expected=550.5, actual=1800.0, diff=1249.5; ER EPS: expected=1249.5, actual=984.37, diff=-265.13",2026-07-06T10:29:09.323543
26076.55,E185,,S8,,employer_pf,1800.0,2586.27,786.27,fail,high,"ER EPF: expected=550.5, actual=1800.0, diff=1249.5; ER EPS: expected=1249.5, actual=786.27, diff=-463.23",2026-07-06T10:29:09.323910
21749.05,E186,,S2,,employer_pf,1800.0,2438.77,638.77,fail,high,"ER EPF: expected=550.5, actual=1800.0, diff=1249.5; ER EPS: expected=1249.5, actual=638.77, diff=-610.73",2026-07-06T10:29:09.324303
19591.4,E187,,S11,,employer_pf,1800.0,2351.58,551.58,fail,high,"ER EPF: expected=550.5, actual=1800.0, diff=1249.5; ER EPS: expected=1249.5, actual=551.58, diff=-697.92",2026-07-06T10:29:09.324723
18633.09,E188,,S3,,employer_pf,1800.0,2346.62,546.62,fail,high,"ER EPF: expected=550.5, actual=1800.0, diff=1249.5; ER EPS: expected=1249.5, actual=546.62, diff=-702.88",2026-07-06T10:29:09.325152
25616.44,E189,,S9,,employer_pf,1800.0,2651.76,851.76,fail,high,"ER EPF: expected=550.5, actual=1800.0, diff=1249.5; ER EPS: expected=1249.5, actual=851.76, diff=-397.74",2026-07-06T10:29:09.325564
25170.11,E190,,S3,,employer_pf,1800.0,2598.01,798.01,fail,high,"ER EPF: expected=550.5, actual=1800.0, diff=1249.5; ER EPS: expected=1249.5, actual=798.01, diff=-451.49",2026-07-06T10:29:09.325989
21738.3,E191,,S8,,employer_pf,1800.0,2471.0,671.0,fail,high,"ER EPF: expected=550.5, actual=1800.0, diff=1249.5; ER EPS: expected=1249.5, actual=671.0, diff=-578.5",2026-07-06T10:29:09.326431
30649.89,E192,,S5,,employer_pf,1800.0,2680.98,880.98,fail,high,"ER EPF: expected=550.5, actual=1800.0, diff=1249.5; ER EPS: expected=1249.5, actual=880.98, diff=-368.52",2026-07-06T10:29:09.327031
35160.65,E193,,S5,,employer_pf,1800.0,2877.02,1077.02,fail,high,"ER EPF: expected=550.5, actual=1800.0, diff=1249.5; ER EPS: expected=1249.5, actual=1077.02, diff=-172.48",2026-07-06T10:29:09.327514
23204.73,E194,,S2,,employer_pf,1800.0,2444.16,644.16,fail,high,"ER EPF: expected=550.5, actual=1800.0, diff=1249.5; ER EPS: expected=1249.5, actual=644.16, diff=-605.34",2026-07-06T10:29:09.327974
22123.87,E195,,S2,,employer_pf,1800.0,2525.24,725.24,fail,high,"ER EPF: expected=550.5, actual=1800.0, diff=1249.5; ER EPS: expected=1249.5, actual=725.24, diff=-524.26",2026-07-06T10:29:09.328422
23351.79,E196,,S9,,employer_pf,1800.0,2509.59,709.59,fail,high,"ER EPF: expected=550.5, actual=1800.0, diff=1249.5; ER EPS: expected=1249.5, actual=709.59, diff=-539.91",2026-07-06T10:29:09.328840
24768.64,E197,,S4,,employer_pf,1800.0,2603.57,803.57,fail,high,"ER EPF: expected=550.5, actual=1800.0, diff=1249.5; ER EPS: expected=1249.5, actual=803.57, diff=-445.93",2026-07-06T10:29:09.329238
18617.51,E198,,S7,,employer_pf,1800.0,2385.93,585.93,fail,high,"ER EPF: expected=550.5, actual=1800.0, diff=1249.5; ER EPS: expected=1249.5, actual=585.93, diff=-663.57",2026-07-06T10:29:09.329664
28863.83,E199,,S2,,employer_pf,1800.0,2707.05,907.05,fail,high,"ER EPF: expected=550.5, actual=1800.0, diff=1249.5; ER EPS: expected=1249.5, actual=907.05, diff=-342.45",2026-07-06T10:29:09.330105
24449.16,E200,,S7,,employer_pf,1800.0,2541.3,741.3,fail,high,"ER EPF: expected=550.5, actual=1800.0, diff=1249.5; ER EPS: expected=1249.5, actual=741.3, diff=-508.2",2026-07-06T10:29:09.330669
23505.91,E201,,S1,,employer_pf,1800.0,2452.39,652.39,fail,high,"ER EPF: expected=550.5, actual=1800.0, diff=1249.5; ER EPS: expected=1249.5, actual=652.39, diff=-597.11",2026-07-06T10:29:09.331169
25160.97,E202,,S9,,employer_pf,1800.0,2487.79,687.79,fail,high,"ER EPF: expected=550.5, actual=1800.0, diff=1249.5; ER EPS: expected=1249.5, actual=687.79, diff=-561.71",2026-07-06T10:29:09.331608
21663.3,E203,,S1,,employer_pf,1800.0,2459.9,659.9,fail,high,"ER EPF: expected=550.5, actual=1800.0, diff=1249.5; ER EPS: expected=1249.5, actual=659.9, diff=-589.6",2026-07-06T10:29:09.332014
22382.92,E204,,S11,,employer_pf,1800.0,2508.51,708.51,fail,high,"ER EPF: expected=550.5, actual=1800.0, diff=1249.5; ER EPS: expected=1249.5, actual=708.51, diff=-540.99",2026-07-06T10:29:09.332432
26109.47,E205,,S6,,employer_pf,1800.0,2612.63,812.63,fail,high,"ER EPF: expected=550.5, actual=1800.0, diff=1249.5; ER EPS: expected=1249.5, actual=812.63, diff=-436.87",2026-07-06T10:29:09.332847
18722.41,E206,,S2,,employer_pf,1800.0,2360.91,560.91,fail,high,"ER EPF: expected=550.5, actual=1800.0, diff=1249.5; ER EPS: expected=1249.5, actual=560.91, diff=-688.59",2026-07-06T10:29:09.333269
21850.94,E207,,S8,,employer_pf,1800.0,2436.9,636.9,fail,high,"ER EPF: expected=550.5, actual=1800.0, diff=1249.5; ER EPS: expected=1249.5, actual=636.9, diff=-612.6",2026-07-06T10:29:09.333695
27442.74,E208,,S10,,employer_pf,1800.0,2721.13,921.13,fail,high,"ER EPF: expected=550.5, actual=1800.0, diff=1249.5; ER EPS: expected=1249.5, actual=921.13, diff=-328.37",2026-07-06T10:29:09.334199
31490.27,E209,,S2,,employer_pf,1800.0,2739.15,939.15,fail,high,"ER EPF: expected=550.5, actual=1800.0, diff=1249.5; ER EPS: expected=1249.5, actual=939.15, diff=-310.35",2026-07-06T10:29:09.334842
19570.73,E210,,S4,,employer_pf,1800.0,2362.53,562.53,fail,high,"ER EPF: expected=550.5, actual=1800.0, diff=1249.5; ER EPS: expected=1249.5, actual=562.53, diff=-686.97",2026-07-06T10:29:09.335381
25793.79,E211,,S10,,employer_pf,1800.0,2489.09,689.09,fail,high,"ER EPF: expected=550.5, actual=1800.0, diff=1249.5; ER EPS: expected=1249.5, actual=689.09, diff=-560.41",2026-07-06T10:29:09.335873
32112.39,E212,,S3,,employer_pf,1800.0,2777.47,977.47,fail,high,"ER EPF: expected=550.5, actual=1800.0, diff=1249.5; ER EPS: expected=1249.5, actual=977.47, diff=-272.03",2026-07-06T10:29:09.336365
25386.98,E213,,S11,,employer_pf,1800.0,2585.6,785.6,fail,high,"ER EPF: expected=550.5, actual=1800.0, diff=1249.5; ER EPS: expected=1249.5, actual=785.6, diff=-463.9",2026-07-06T10:29:09.336859
15630.07,E214,,S10,,employer_pf,1747.81,2221.18,473.37,fail,high,"ER EPF: expected=534.54, actual=1747.81, diff=1213.27; ER EPS: expected=1213.27, actual=473.37, diff=-739.9",2026-07-06T10:29:09.337353
28125.7,E215,,S2,,employer_pf,1800.0,2674.82,874.82,fail,high,"ER EPF: expected=550.5, actual=1800.0, diff=1249.5; ER EPS: expected=1249.5, actual=874.82, diff=-374.68",2026-07-06T10:29:09.337820
26123.86,E216,,S11,,employer_pf,1800.0,2533.27,733.27,fail,high,"ER EPF: expected=550.5, actual=1800.0, diff=1249.5; ER EPS: expected=1249.5, actual=733.27, diff=-516.23",2026-07-06T10:29:09.338298
21579.12,E217,,S8,,employer_pf,1800.0,2415.62,615.62,fail,high,"ER EPF: expected=550.5, actual=1800.0, diff=1249.5; ER EPS: expected=1249.5, actual=615.62, diff=-633.88",2026-07-06T10:29:09.338878
17307.88,E218,,S5,,employer_pf,1800.0,2366.66,566.66,fail,high,"ER EPF: expected=550.5, actual=1800.0, diff=1249.5; ER EPS: expected=1249.5, actual=566.66, diff=-682.84",2026-07-06T10:29:09.339327
30084.32,E219,,S4,,employer_pf,1800.0,2732.44,932.44,fail,high,"ER EPF: expected=550.5, actual=1800.0, diff=1249.5; ER EPS: expected=1249.5, actual=932.44, diff=-317.06",2026-07-06T10:29:09.339744
20735.05,E220,,S3,,employer_pf,1800.0,2363.75,563.75,fail,high,"ER EPF: expected=550.5, actual=1800.0, diff=1249.5; ER EPS: expected=1249.5, actual=563.75, diff=-685.75",2026-07-06T10:29:09.340126
15642.01,E221,,S10,,employer_pf,1790.03,2274.83,484.8,fail,high,"ER EPF: expected=547.45, actual=1790.03, diff=1242.58; ER EPS: expected=1242.58, actual=484.8, diff=-757.78",2026-07-06T10:29:09.340487
21551.36,E222,,S4,,employer_pf,1800.0,2500.8,700.8,fail,high,"ER EPF: expected=550.5, actual=1800.0, diff=1249.5; ER EPS: expected=1249.5, actual=700.8, diff=-548.7",2026-07-06T10:29:09.340801
19895.03,E223,,S10,,employer_pf,1800.0,2378.55,578.55,fail,high,"ER EPF: expected=550.5, actual=1800.0, diff=1249.5; ER EPS: expected=1249.5, actual=578.55, diff=-670.95",2026-07-06T10:29:09.341094
32292.79,E224,,S3,,employer_pf,1800.0,2693.23,893.23,fail,high,"ER EPF: expected=550.5, actual=1800.0, diff=1249.5; ER EPS: expected=1249.5, actual=893.23, diff=-356.27",2026-07-06T10:29:09.341400
17051.5,E225,,S7,,employer_pf,1800.0,2298.17,498.17,fail,high,"ER EPF: expected=550.5, actual=1800.0, diff=1249.5; ER EPS: expected=1249.5, actual=498.17, diff=-751.33",2026-07-06T10:29:09.341670
14428.0,E226,,S10,,employer_pf,1700.5,2161.04,460.54,fail,high,"ER EPF: expected=520.07, actual=1700.49, diff=1180.42; ER EPS: expected=1180.43, actual=460.55, diff=-719.88",2026-07-06T10:29:09.341924
26071.21,E227,,S8,,employer_pf,1800.0,2576.4,776.4,fail,high,"ER EPF: expected=550.5, actual=1800.0, diff=1249.5; ER EPS: expected=1249.5, actual=776.4, diff=-473.1",2026-07-06T10:29:09.342192
21682.65,E228,,S3,,employer_pf,1800.0,2467.84,667.84,fail,high,"ER EPF: expected=550.5, actual=1800.0, diff=1249.5; ER EPS: expected=1249.5, actual=667.84, diff=-581.66",2026-07-06T10:29:09.342440
14606.49,E229,,S8,,employer_pf,1699.74,2160.08,460.34,fail,high,"ER EPF: expected=519.84, actual=1699.74, diff=1179.9; ER EPS: expected=1179.9, actual=460.34, diff=-719.56",2026-07-06T10:29:09.342956
19862.05,E230,,S5,,employer_pf,1800.0,2430.12,630.12,fail,high,"ER EPF: expected=550.5, actual=1800.0, diff=1249.5; ER EPS: expected=1249.5, actual=630.12, diff=-619.38",2026-07-06T10:29:09.343355
20008.38,E231,,S6,,employer_pf,1800.0,2440.32,640.32,fail,high,"ER EPF: expected=550.5, actual=1800.0, diff=1249.5; ER EPS: expected=1249.5, actual=640.32, diff=-609.18",2026-07-06T10:29:09.343677
20765.12,E232,,S9,,employer_pf,1800.0,2449.64,649.64,fail,high,"ER EPF: expected=550.5, actual=1800.0, diff=1249.5; ER EPS: expected=1249.5, actual=649.64, diff=-599.86",2026-07-06T10:29:09.343968
16032.69,E233,,S4,,employer_pf,1622.88,2062.41,439.53,fail,high,"ER EPF: expected=496.33, actual=1622.88, diff=1126.55; ER EPS: expected=1126.55, actual=439.53, diff=-687.02",2026-07-06T10:29:09.344237
25177.25,E234,,S5,,employer_pf,1800.0,2489.73,689.73,fail,high,"ER EPF: expected=550.5, actual=1800.0, diff=1249.5; ER EPS: expected=1249.5, actual=689.73, diff=-559.77",2026-07-06T10:29:09.344491
21328.69,E235,,S7,,employer_pf,1800.0,2481.85,681.85,fail,high,"ER EPF: expected=550.5, actual=1800.0, diff=1249.5; ER EPS: expected=1249.5, actual=681.85, diff=-567.65",2026-07-06T10:29:09.344736
23801.37,E236,,S9,,employer_pf,1800.0,2560.72,760.72,fail,high,"ER EPF: expected=550.5, actual=1800.0, diff=1249.5; ER EPS: expected=1249.5, actual=760.72, diff=-488.78",2026-07-06T10:29:09.344968
20046.59,E237,,S11,,employer_pf,1800.0,2448.28,648.28,fail,high,"ER EPF: expected=550.5, actual=1800.0, diff=1249.5; ER EPS: expected=1249.5, actual=648.28, diff=-601.22",2026-07-06T10:29:09.345196
17095.46,E238,,S4,,employer_pf,1800.0,2348.7,548.7,fail,high,"ER EPF: expected=550.5, actual=1800.0, diff=1249.5; ER EPS: expected=1249.5, actual=548.7, diff=-700.8",2026-07-06T10:29:09.345435
22285.75,E239,,S5,,employer_pf,1800.0,2424.74,624.74,fail,high,"ER EPF: expected=550.5, actual=1800.0, diff=1249.5; ER EPS: expected=1249.5, actual=624.74, diff=-624.76",2026-07-06T10:29:09.345681
20045.31,E240,,S7,,employer_pf,1800.0,2470.97,670.97,fail,high,"ER EPF: expected=550.5, actual=1800.0, diff=1249.5; ER EPS: expected=1249.5, actual=670.97, diff=-578.53",2026-07-06T10:29:09.345922
22976.75,E241,,S3,,employer_pf,1800.0,2502.45,702.45,fail,high,"ER EPF: expected=550.5, actual=1800.0, diff=1249.5; ER EPS: expected=1249.5, actual=702.45, diff=-547.05",2026-07-06T10:29:09.346172
22102.05,E242,,S2,,employer_pf,1800.0,2456.09,656.09,fail,high,"ER EPF: expected=550.5, actual=1800.0, diff=1249.5; ER EPS: expected=1249.5, actual=656.09, diff=-593.41",2026-07-06T10:29:09.346432
27874.4,E243,,S2,,employer_pf,1800.0,2729.59,929.59,fail,high,"ER EPF: expected=550.5, actual=1800.0, diff=1249.5; ER EPS: expected=1249.5, actual=929.59, diff=-319.91",2026-07-06T10:29:09.346898
24541.6,E244,,S10,,employer_pf,1800.0,2537.39,737.39,fail,high,"ER EPF: expected=550.5, actual=1800.0, diff=1249.5; ER EPS: expected=1249.5, actual=737.39, diff=-512.11",2026-07-06T10:29:09.347220
30119.07,E245,,S9,,employer_pf,1800.0,2687.67,887.67,fail,high,"ER EPF: expected=550.5, actual=1800.0, diff=1249.5; ER EPS: expected=1249.5, actual=887.67, diff=-361.83",2026-07-06T10:29:09.347500
24160.92,E246,,S7,,employer_pf,1800.0,2483.86,683.86,fail,high,"ER EPF: expected=550.5, actual=1800.0, diff=1249.5; ER EPS: expected=1249.5, actual=683.86, diff=-565.64",2026-07-06T10:29:09.347763
26178.6,E247,,S12,,employer_pf,1800.0,2564.76,764.76,fail,high,"ER EPF: expected=550.5, actual=1800.0, diff=1249.5; ER EPS: expected=1249.5, actual=764.76, diff=-484.74",2026-07-06T10:29:09.348009
16027.4,E248,,S7,,employer_pf,1800.0,2326.3,526.3,fail,high,"ER EPF: expected=550.5, actual=1800.0, diff=1249.5; ER EPS: expected=1249.5, actual=526.3, diff=-723.2",2026-07-06T10:29:09.348265
15642.43,E249,,S11,,employer_pf,1800.0,2298.47,498.47,fail,high,"ER EPF: expected=550.5, actual=1800.0, diff=1249.5; ER EPS: expected=1249.5, actual=498.47, diff=-751.03",2026-07-06T10:29:09.348502
12616.89,E250,,S9,,employer_pf,1526.77,1940.27,413.5,fail,high,"ER EPF: expected=466.94, actual=1526.77, diff=1059.83; ER EPS: expected=1059.83, actual=413.5, diff=-646.33",2026-07-06T10:29:09.348777
23321.74,E251,,S2,,employer_pf,1800.0,2514.96,714.96,fail,high,"ER EPF: expected=550.5, actual=1800.0, diff=1249.5; ER EPS: expected=1249.5, actual=714.96, diff=-534.54",2026-07-06T10:29:09.349059
14860.11,E252,,S9,,employer_pf,1800.0,2310.87,510.87,fail,high,"ER EPF: expected=550.5, actual=1800.0, diff=1249.5; ER EPS: expected=1249.5, actual=510.87, diff=-738.63",2026-07-06T10:29:09.349353
28159.26,E253,,S9,,employer_pf,1800.0,2632.5,832.5,fail,high,"ER EPF: expected=550.5, actual=1800.0, diff=1249.5; ER EPS: expected=1249.5, actual=832.5, diff=-417.0",2026-07-06T10:29:09.349676
18086.88,E254,,S8,,employer_pf,1800.0,2399.53,599.53,fail,high,"ER EPF: expected=550.5, actual=1800.0, diff=1249.5; ER EPS: expected=1249.5, actual=599.53, diff=-649.97",2026-07-06T10:29:09.349975
21345.12,E255,,S5,,employer_pf,1800.0,2494.8,694.8,fail,high,"ER EPF: expected=550.5, actual=1800.0, diff=1249.5; ER EPS: expected=1249.5, actual=694.8, diff=-554.7",2026-07-06T10:29:09.350273
17047.22,E256,,S6,,employer_pf,1800.0,2301.37,501.37,fail,high,"ER EPF: expected=550.5, actual=1800.0, diff=1249.5; ER EPS: expected=1249.5, actual=501.37, diff=-748.13",2026-07-06T10:29:09.350757
14492.78,E257,,S8,,employer_pf,1654.94,2103.15,448.21,fail,high,"ER EPF: expected=506.14, actual=1654.94, diff=1148.8; ER EPS: expected=1148.8, actual=448.21, diff=-700.59",2026-07-06T10:29:09.351185
20323.25,E258,,S4,,employer_pf,1800.0,2356.09,556.09,fail,high,"ER EPF: expected=550.5, actual=1800.0, diff=1249.5; ER EPS: expected=1249.5, actual=556.09, diff=-693.41",2026-07-06T10:29:09.351541
21855.21,E259,,S8,,employer_pf,1800.0,2418.6,618.6,fail,high,"ER EPF: expected=550.5, actual=1800.0, diff=1249.5; ER EPS: expected=1249.5, actual=618.6, diff=-630.9",2026-07-06T10:29:09.351861
26383.09,E260,,S9,,employer_pf,1800.0,2626.47,826.47,fail,high,"ER EPF: expected=550.5, actual=1800.0, diff=1249.5; ER EPS: expected=1249.5, actual=826.47, diff=-423.03",2026-07-06T10:29:09.352153
25272.09,E261,,S3,,employer_pf,1800.0,2507.6,707.6,fail,high,"ER EPF: expected=550.5, actual=1800.0, diff=1249.5; ER EPS: expected=1249.5, actual=707.6, diff=-541.9",2026-07-06T10:29:09.352448
15209.76,E262,,S3,,employer_pf,1586.03,2015.58,429.55,fail,high,"ER EPF: expected=485.06, actual=1586.03, diff=1100.97; ER EPS: expected=1100.97, actual=429.55, diff=-671.42",2026-07-06T10:29:09.352744
19476.55,E263,,S1,,employer_pf,1800.0,2341.79,541.79,fail,high,"ER EPF: expected=550.5, actual=1800.0, diff=1249.5; ER EPS: expected=1249.5, actual=541.79, diff=-707.71",2026-07-06T10:29:09.353023
35369.43,E264,,S3,,employer_pf,1800.0,2924.14,1124.14,fail,high,"ER EPF: expected=550.5, actual=1800.0, diff=1249.5; ER EPS: expected=1249.5, actual=1124.14, diff=-125.36",2026-07-06T10:29:09.353298
16729.0,E265,,S8,,employer_pf,1800.0,2294.0,494.0,fail,high,"ER EPF: expected=550.5, actual=1800.0, diff=1249.5; ER EPS: expected=1249.5, actual=494.0, diff=-755.5",2026-07-06T10:29:09.353562
22351.65,E266,,S10,,employer_pf,1800.0,2478.15,678.15,fail,high,"ER EPF: expected=550.5, actual=1800.0, diff=1249.5; ER EPS: expected=1249.5, actual=678.15, diff=-571.35",2026-07-06T10:29:09.353800
16050.21,E267,,S11,,employer_pf,1403.45,1783.55,380.1,fail,high,"ER EPF: expected=429.22, actual=1403.45, diff=974.23; ER EPS: expected=974.23, actual=380.1, diff=-594.13",2026-07-06T10:29:09.354044
22712.41,E268,,S10,,employer_pf,1800.0,2513.74,713.74,fail,high,"ER EPF: expected=550.5, actual=1800.0, diff=1249.5; ER EPS: expected=1249.5, actual=713.74, diff=-535.76",2026-07-06T10:29:09.354282
29473.26,E269,,S10,,employer_pf,1800.0,2649.72,849.72,fail,high,"ER EPF: expected=550.5, actual=1800.0, diff=1249.5; ER EPS: expected=1249.5, actual=849.72, diff=-399.78",2026-07-06T10:29:09.354601
15306.93,E270,,S5,,employer_pf,1800.0,2314.14,514.14,fail,high,"ER EPF: expected=550.5, actual=1800.0, diff=1249.5; ER EPS: expected=1249.5, actual=514.14, diff=-735.36",2026-07-06T10:29:09.354965
31370.52,E271,,S5,,employer_pf,1800.0,2739.88,939.88,fail,high,"ER EPF: expected=550.5, actual=1800.0, diff=1249.5; ER EPS: expected=1249.5, actual=939.88, diff=-309.62",2026-07-06T10:29:09.355298
27926.82,E272,,S3,,employer_pf,1800.0,2668.8,868.8,fail,high,"ER EPF: expected=550.5, actual=1800.0, diff=1249.5; ER EPS: expected=1249.5, actual=868.8, diff=-380.7",2026-07-06T10:29:09.355585
31525.39,E273,,S8,,employer_pf,1800.0,2819.35,1019.35,fail,high,"ER EPF: expected=550.5, actual=1800.0, diff=1249.5; ER EPS: expected=1249.5, actual=1019.35, diff=-230.15",2026-07-06T10:29:09.355844
19149.07,E274,,S5,,employer_pf,1800.0,2332.71,532.71,fail,high,"ER EPF: expected=550.5, actual=1800.0, diff=1249.5; ER EPS: expected=1249.5, actual=532.71, diff=-716.79",2026-07-06T10:29:09.356086
22380.89,E275,,S12,,employer_pf,1800.0,2447.48,647.48,fail,high,"ER EPF: expected=550.5, actual=1800.0, diff=1249.5; ER EPS: expected=1249.5, actual=647.48, diff=-602.02",2026-07-06T10:29:09.356321
22590.58,E276,,S6,,employer_pf,1800.0,2471.5,671.5,fail,high,"ER EPF: expected=550.5, actual=1800.0, diff=1249.5; ER EPS: expected=1249.5, actual=671.5, diff=-578.0",2026-07-06T10:29:09.356548
24543.51,E277,,S1,,employer_pf,1800.0,2483.45,683.45,fail,high,"ER EPF: expected=550.5, actual=1800.0, diff=1249.5; ER EPS: expected=1249.5, actual=683.45, diff=-566.05",2026-07-06T10:29:09.356787
30784.34999999999,E278,,S7,,employer_pf,1800.0,2709.49,909.49,fail,high,"ER EPF: expected=550.5, actual=1800.0, diff=1249.5; ER EPS: expected=1249.5, actual=909.49, diff=-340.01",2026-07-06T10:29:09.357024
27506.48,E279,,S10,,employer_pf,1800.0,2610.6,810.6,fail,high,"ER EPF: expected=550.5, actual=1800.0, diff=1249.5; ER EPS: expected=1249.5, actual=810.6, diff=-438.9",2026-07-06T10:29:09.357268
22159.94,E280,,S8,,employer_pf,1800.0,2557.08,757.08,fail,high,"ER EPF: expected=550.5, actual=1800.0, diff=1249.5; ER EPS: expected=1249.5, actual=757.08, diff=-492.42",2026-07-06T10:29:09.357512
28453.28,E281,,S3,,employer_pf,1800.0,2710.14,910.14,fail,high,"ER EPF: expected=550.5, actual=1800.0, diff=1249.5; ER EPS: expected=1249.5, actual=910.14, diff=-339.36",2026-07-06T10:29:09.357763
29842.09,E282,,S9,,employer_pf,1800.0,2686.59,886.59,fail,high,"ER EPF: expected=550.5, actual=1800.0, diff=1249.5; ER EPS: expected=1249.5, actual=886.59, diff=-362.91",2026-07-06T10:29:09.357993
30324.11,E283,,S4,,employer_pf,1800.0,2730.86,930.86,fail,high,"ER EPF: expected=550.5, actual=1800.0, diff=1249.5; ER EPS: expected=1249.5, actual=930.86, diff=-318.64",2026-07-06T10:29:09.358236
27522.35,E284,,S7,,employer_pf,1800.0,2624.51,824.51,fail,high,"ER EPF: expected=550.5, actual=1800.0, diff=1249.5; ER EPS: expected=1249.5, actual=824.51, diff=-424.99",2026-07-06T10:29:09.358565
21408.19,E285,,S10,,employer_pf,1800.0,2471.03,671.03,fail,high,"ER EPF: expected=550.5, actual=1800.0, diff=1249.5; ER EPS: expected=1249.5, actual=671.03, diff=-578.47",2026-07-06T10:29:09.358975
23590.83,E286,,S3,,employer_pf,1800.0,2568.08,768.08,fail,high,"ER EPF: expected=550.5, actual=1800.0, diff=1249.5; ER EPS: expected=1249.5, actual=768.08, diff=-481.42",2026-07-06T10:29:09.359302
26064.37,E287,,S2,,employer_pf,1800.0,2547.72,747.72,fail,high,"ER EPF: expected=550.5, actual=1800.0, diff=1249.5; ER EPS: expected=1249.5, actual=747.72, diff=-501.78",2026-07-06T10:29:09.359586
24569.15,E288,,S7,,employer_pf,1800.0,2544.34,744.34,fail,high,"ER EPF: expected=550.5, actual=1800.0, diff=1249.5; ER EPS: expected=1249.5, actual=744.34, diff=-505.16",2026-07-06T10:29:09.359868
22249.8,E289,,S2,,employer_pf,1800.0,2466.56,666.56,fail,high,"ER EPF: expected=550.5, actual=1800.0, diff=1249.5; ER EPS: expected=1249.5, actual=666.56, diff=-582.94",2026-07-06T10:29:09.360131
33349.7,E290,,S12,,employer_pf,1800.0,2788.97,988.97,fail,high,"ER EPF: expected=550.5, actual=1800.0, diff=1249.5; ER EPS: expected=1249.5, actual=988.97, diff=-260.53",2026-07-06T10:29:09.360381
25098.65,E291,,S4,,employer_pf,1800.0,2528.51,728.51,fail,high,"ER EPF: expected=550.5, actual=1800.0, diff=1249.5; ER EPS: expected=1249.5, actual=728.51, diff=-520.99",2026-07-06T10:29:09.360621
21870.19,E292,,S11,,employer_pf,1800.0,2493.52,693.52,fail,high,"ER EPF: expected=550.5, actual=1800.0, diff=1249.5; ER EPS: expected=1249.5, actual=693.52, diff=-555.98",2026-07-06T10:29:09.360876
22471.32,E293,,S5,,employer_pf,1800.0,2457.61,657.61,fail,high,"ER EPF: expected=550.5, actual=1800.0, diff=1249.5; ER EPS: expected=1249.5, actual=657.61, diff=-591.89",2026-07-06T10:29:09.361145
22545.7,E294,,S5,,employer_pf,1800.0,2541.29,741.29,fail,high,"ER EPF: expected=550.5, actual=1800.0, diff=1249.5; ER EPS: expected=1249.5, actual=741.29, diff=-508.21",2026-07-06T10:29:09.361391
24769.66,E295,,S9,,employer_pf,1800.0,2590.47,790.47,fail,high,"ER EPF: expected=550.5, actual=1800.0, diff=1249.5; ER EPS: expected=1249.5, actual=790.47, diff=-459.03",2026-07-06T10:29:09.361649
26479.89,E296,,S8,,employer_pf,1800.0,2578.98,778.98,fail,high,"ER EPF: expected=550.5, actual=1800.0, diff=1249.5; ER EPS: expected=1249.5, actual=778.98, diff=-470.52",2026-07-06T10:29:09.361924
30606.23,E297,,S5,,employer_pf,1800.0,2757.65,957.65,fail,high,"ER EPF: expected=550.5, actual=1800.0, diff=1249.5; ER EPS: expected=1249.5, actual=957.65, diff=-291.85",2026-07-06T10:29:09.362196
26485.74,E298,,S6,,employer_pf,1800.0,2636.28,836.28,fail,high,"ER EPF: expected=550.5, actual=1800.0, diff=1249.5; ER EPS: expected=1249.5, actual=836.28, diff=-413.22",2026-07-06T10:29:09.362456
17323.7,E299,,S9,,employer_pf,1800.0,2368.62,568.62,fail,high,"ER EPF: expected=550.5, actual=1800.0, diff=1249.5; ER EPS: expected=1249.5, actual=568.62, diff=-680.88",2026-07-06T10:29:09.362928
23676.66,E300,,S9,,employer_pf,1800.0,2556.28,756.28,fail,high,"ER EPF: expected=550.5, actual=1800.0, diff=1249.5; ER EPS: expected=1249.5, actual=756.28, diff=-493.22",2026-07-06T10:29:09.363280
20570.93,E301,,S11,,employer_pf,1800.0,2442.99,642.99,fail,high,"ER EPF: expected=550.5, actual=1800.0, diff=1249.5; ER EPS: expected=1249.5, actual=642.99, diff=-606.51",2026-07-06T10:29:09.363621
22137.89,E302,,S8,,employer_pf,1800.0,2530.12,730.12,fail,high,"ER EPF: expected=550.5, actual=1800.0, diff=1249.5; ER EPS: expected=1249.5, actual=730.12, diff=-519.38",2026-07-06T10:29:09.363941
31503.41,E303,,S4,,employer_pf,1800.0,2769.9,969.9,fail,high,"ER EPF: expected=550.5, actual=1800.0, diff=1249.5; ER EPS: expected=1249.5, actual=969.9, diff=-279.6",2026-07-06T10:29:09.364223
16377.07,E304,,S8,,employer_pf,1800.0,2303.53,503.53,fail,high,"ER EPF: expected=550.5, actual=1800.0, diff=1249.5; ER EPS: expected=1249.5, actual=503.53, diff=-745.97",2026-07-06T10:29:09.364505
20825.78,E305,,S5,,employer_pf,1800.0,2332.6,532.6,fail,high,"ER EPF: expected=550.5, actual=1800.0, diff=1249.5; ER EPS: expected=1249.5, actual=532.6, diff=-716.9",2026-07-06T10:29:09.364760
27521.98,E306,,S9,,employer_pf,1800.0,2646.44,846.44,fail,high,"ER EPF: expected=550.5, actual=1800.0, diff=1249.5; ER EPS: expected=1249.5, actual=846.44, diff=-403.06",2026-07-06T10:29:09.365060
20342.73,E307,,S9,,employer_pf,1800.0,2415.97,615.97,fail,high,"ER EPF: expected=550.5, actual=1800.0, diff=1249.5; ER EPS: expected=1249.5, actual=615.97, diff=-633.53",2026-07-06T10:29:09.365332
26145.76,E308,,S12,,employer_pf,1800.0,2529.4,729.4,fail,high,"ER EPF: expected=550.5, actual=1800.0, diff=1249.5; ER EPS: expected=1249.5, actual=729.4, diff=-520.1",2026-07-06T10:29:09.365577
18472.81,E309,,S3,,employer_pf,1800.0,2393.48,593.48,fail,high,"ER EPF: expected=550.5, actual=1800.0, diff=1249.5; ER EPS: expected=1249.5, actual=593.48, diff=-656.02",2026-07-06T10:29:09.365811
28774.15,E310,,S6,,employer_pf,1800.0,2691.83,891.83,fail,high,"ER EPF: expected=550.5, actual=1800.0, diff=1249.5; ER EPS: expected=1249.5, actual=891.83, diff=-357.67",2026-07-06T10:29:09.366040
27455.62,E311,,S7,,employer_pf,1800.0,2582.31,782.31,fail,high,"ER EPF: expected=550.5, actual=1800.0, diff=1249.5; ER EPS: expected=1249.5, actual=782.31, diff=-467.19",2026-07-06T10:29:09.366274
23714.62,E312,,S5,,employer_pf,1800.0,2457.78,657.78,fail,high,"ER EPF: expected=550.5, actual=1800.0, diff=1249.5; ER EPS: expected=1249.5, actual=657.78, diff=-591.72",2026-07-06T10:29:09.366620
27623.26,E313,,S6,,employer_pf,1800.0,2594.87,794.87,fail,high,"ER EPF: expected=550.5, actual=1800.0, diff=1249.5; ER EPS: expected=1249.5, actual=794.87, diff=-454.63",2026-07-06T10:29:09.367053
29684.49,E314,,S10,,employer_pf,1800.0,2716.53,916.53,fail,high,"ER EPF: expected=550.5, actual=1800.0, diff=1249.5; ER EPS: expected=1249.5, actual=916.53, diff=-332.97",2026-07-06T10:29:09.367438
27257.54,E315,,S3,,employer_pf,1800.0,2617.02,817.02,fail,high,"ER EPF: expected=550.5, actual=1800.0, diff=1249.5; ER EPS: expected=1249.5, actual=817.02, diff=-432.48",2026-07-06T10:29:09.367789
20482.39,E316,,S10,,employer_pf,1800.0,2415.99,615.99,fail,high,"ER EPF: expected=550.5, actual=1800.0, diff=1249.5; ER EPS: expected=1249.5, actual=615.99, diff=-633.51",2026-07-06T10:29:09.368114
18119.71,E317,,S9,,employer_pf,1768.39,2247.33,478.94,fail,high,"ER EPF: expected=540.83, actual=1768.39, diff=1227.56; ER EPS: expected=1227.56, actual=478.94, diff=-748.62",2026-07-06T10:29:09.368419
17430.11,E318,,S12,,employer_pf,1800.0,2396.01,596.01,fail,high,"ER EPF: expected=550.5, actual=1800.0, diff=1249.5; ER EPS: expected=1249.5, actual=596.01, diff=-653.49",2026-07-06T10:29:09.368702
32474.48999999999,E319,,S12,,employer_pf,1800.0,2737.03,937.03,fail,high,"ER EPF: expected=550.5, actual=1800.0, diff=1249.5; ER EPS: expected=1249.5, actual=937.03, diff=-312.47",2026-07-06T10:29:09.368963
26837.99,E320,,S6,,employer_pf,1800.0,2580.07,780.07,fail,high,"ER EPF: expected=550.5, actual=1800.0, diff=1249.5; ER EPS: expected=1249.5, actual=780.07, diff=-469.43",2026-07-06T10:29:09.369229
20285.45,E321,,S5,,employer_pf,1800.0,2372.41,572.41,fail,high,"ER EPF: expected=550.5, actual=1800.0, diff=1249.5; ER EPS: expected=1249.5, actual=572.41, diff=-677.09",2026-07-06T10:29:09.369473
20763.3,E322,,S8,,employer_pf,1800.0,2420.37,620.37,fail,high,"ER EPF: expected=550.5, actual=1800.0, diff=1249.5; ER EPS: expected=1249.5, actual=620.37, diff=-629.13",2026-07-06T10:29:09.369718
15518.14,E323,,S3,,employer_pf,1778.77,2260.52,481.75,fail,high,"ER EPF: expected=544.01, actual=1778.77, diff=1234.76; ER EPS: expected=1234.76, actual=481.75, diff=-753.01",2026-07-06T10:29:09.369968
18688.44,E324,,S11,,employer_pf,1800.0,2329.74,529.74,fail,high,"ER EPF: expected=550.5, actual=1800.0, diff=1249.5; ER EPS: expected=1249.5, actual=529.74, diff=-719.76",2026-07-06T10:29:09.370222
32254.52,E325,,S3,,employer_pf,1800.0,2813.1,1013.1,fail,high,"ER EPF: expected=550.5, actual=1800.0, diff=1249.5; ER EPS: expected=1249.5, actual=1013.1, diff=-236.4",2026-07-06T10:29:09.370643
20517.66,E326,,S6,,employer_pf,1800.0,2429.78,629.78,fail,high,"ER EPF: expected=550.5, actual=1800.0, diff=1249.5; ER EPS: expected=1249.5, actual=629.78, diff=-619.72",2026-07-06T10:29:09.371145
21977.19,E327,,S6,,employer_pf,1800.0,2460.55,660.55,fail,high,"ER EPF: expected=550.5, actual=1800.0, diff=1249.5; ER EPS: expected=1249.5, actual=660.55, diff=-588.95",2026-07-06T10:29:09.371566
19465.11,E328,,S4,,employer_pf,1800.0,2359.33,559.33,fail,high,"ER EPF: expected=550.5, actual=1800.0, diff=1249.5; ER EPS: expected=1249.5, actual=559.33, diff=-690.17",2026-07-06T10:29:09.371938
17510.17,E329,,S10,,employer_pf,1800.0,2360.94,560.94,fail,high,"ER EPF: expected=550.5, actual=1800.0, diff=1249.5; ER EPS: expected=1249.5, actual=560.94, diff=-688.56",2026-07-06T10:29:09.372277
22323.37,E330,,S2,,employer_pf,1800.0,2483.09,683.09,fail,high,"ER EPF: expected=550.5, actual=1800.0, diff=1249.5; ER EPS: expected=1249.5, actual=683.09, diff=-566.41",2026-07-06T10:29:09.372601
15788.23,E331,,S3,,employer_pf,1750.04,2224.01,473.97,fail,high,"ER EPF: expected=535.22, actual=1750.04, diff=1214.82; ER EPS: expected=1214.82, actual=473.97, diff=-740.85",2026-07-06T10:29:09.372895
24751.02,E332,,S4,,employer_pf,1800.0,2495.42,695.42,fail,high,"ER EPF: expected=550.5, actual=1800.0, diff=1249.5; ER EPS: expected=1249.5, actual=695.42, diff=-554.08",2026-07-06T10:29:09.373168
27129.72,E333,,S4,,employer_pf,1800.0,2606.22,806.22,fail,high,"ER EPF: expected=550.5, actual=1800.0, diff=1249.5; ER EPS: expected=1249.5, actual=806.22, diff=-443.28",2026-07-06T10:29:09.373431
16681.05,E334,,S12,,employer_pf,1770.09,2249.49,479.4,fail,high,"ER EPF: expected=541.35, actual=1770.09, diff=1228.74; ER EPS: expected=1228.74, actual=479.4, diff=-749.34",2026-07-06T10:29:09.373689
24041.06,E335,,S4,,employer_pf,1800.0,2528.75,728.75,fail,high,"ER EPF: expected=550.5, actual=1800.0, diff=1249.5; ER EPS: expected=1249.5, actual=728.75, diff=-520.75",2026-07-06T10:29:09.373977
27568.45,E336,,S6,,employer_pf,1800.0,2695.41,895.41,fail,high,"ER EPF: expected=550.5, actual=1800.0, diff=1249.5; ER EPS: expected=1249.5, actual=895.41, diff=-354.09",2026-07-06T10:29:09.374249
16643.74,E337,,S3,,employer_pf,1800.0,2339.47,539.47,fail,high,"ER EPF: expected=550.5, actual=1800.0, diff=1249.5; ER EPS: expected=1249.5, actual=539.47, diff=-710.03",2026-07-06T10:29:09.374571
15660.91,E338,,S11,,employer_pf,1800.0,2315.71,515.71,fail,high,"ER EPF: expected=550.5, actual=1800.0, diff=1249.5; ER EPS: expected=1249.5, actual=515.71, diff=-733.79",2026-07-06T10:29:09.374950
20362.85,E339,,S11,,employer_pf,1800.0,2448.32,648.32,fail,high,"ER EPF: expected=550.5, actual=1800.0, diff=1249.5; ER EPS: expected=1249.5, actual=648.32, diff=-601.18",2026-07-06T10:29:09.375326
26869.23,E340,,S5,,employer_pf,1800.0,2567.83,767.83,fail,high,"ER EPF: expected=550.5, actual=1800.0, diff=1249.5; ER EPS: expected=1249.5, actual=767.83, diff=-481.67",2026-07-06T10:29:09.375610
36755.11,E341,,S8,,employer_pf,1800.0,2929.99,1129.99,fail,high,"ER EPF: expected=550.5, actual=1800.0, diff=1249.5; ER EPS: expected=1249.5, actual=1129.99, diff=-119.51",2026-07-06T10:29:09.375878
21829.27,E342,,S7,,employer_pf,1800.0,2436.81,636.81,fail,high,"ER EPF: expected=550.5, actual=1800.0, diff=1249.5; ER EPS: expected=1249.5, actual=636.81, diff=-612.69",2026-07-06T10:29:09.376120
18804.9,E343,,S7,,employer_pf,1800.0,2418.27,618.27,fail,high,"ER EPF: expected=550.5, actual=1800.0, diff=1249.5; ER EPS: expected=1249.5, actual=618.27, diff=-631.23",2026-07-06T10:29:09.376349
17472.56,E344,,S12,,employer_pf,1800.0,2357.38,557.38,fail,high,"ER EPF: expected=550.5, actual=1800.0, diff=1249.5; ER EPS: expected=1249.5, actual=557.38, diff=-692.12",2026-07-06T10:29:09.376588
29402.52,E345,,S4,,employer_pf,1800.0,2656.28,856.28,fail,high,"ER EPF: expected=550.5, actual=1800.0, diff=1249.5; ER EPS: expected=1249.5, actual=856.28, diff=-393.22",2026-07-06T10:29:09.376817
28867.61,E346,,S3,,employer_pf,1800.0,2724.04,924.04,fail,high,"ER EPF: expected=550.5, actual=1800.0, diff=1249.5; ER EPS: expected=1249.5, actual=924.04, diff=-325.46",2026-07-06T10:29:09.377039
34640.39,E347,,S10,,employer_pf,1800.0,2895.98,1095.98,fail,high,"ER EPF: expected=550.5, actual=1800.0, diff=1249.5; ER EPS: expected=1249.5, actual=1095.98, diff=-153.52",2026-07-06T10:29:09.377276
17698.25,E348,,S2,,employer_pf,1800.0,2395.09,595.09,fail,high,"ER EPF: expected=550.5, actual=1800.0, diff=1249.5; ER EPS: expected=1249.5, actual=595.09, diff=-654.41",2026-07-06T10:29:09.377513
24406.14,E349,,S8,,employer_pf,1800.0,2592.74,792.74,fail,high,"ER EPF: expected=550.5, actual=1800.0, diff=1249.5; ER EPS: expected=1249.5, actual=792.74, diff=-456.76",2026-07-06T10:29:09.377750
25947.91,E350,,S7,,employer_pf,1800.0,2667.69,867.69,fail,high,"ER EPF: expected=550.5, actual=1800.0, diff=1249.5; ER EPS: expected=1249.5, actual=867.69, diff=-381.81",2026-07-06T10:29:09.377980
20165.67,E351,,S12,,employer_pf,1800.0,2361.41,561.41,fail,high,"ER EPF: expected=550.5, actual=1800.0, diff=1249.5; ER EPS: expected=1249.5, actual=561.41, diff=-688.09",2026-07-06T10:29:09.378238
14661.78,E352,,S8,,employer_pf,1624.81,2064.87,440.06,fail,high,"ER EPF: expected=496.92, actual=1624.82, diff=1127.9; ER EPS: expected=1127.89, actual=440.05, diff=-687.84",2026-07-06T10:29:09.378474
27784.13,E353,,S8,,employer_pf,1800.0,2612.75,812.75,fail,high,"ER EPF: expected=550.5, actual=1800.0, diff=1249.5; ER EPS: expected=1249.5, actual=812.75, diff=-436.75",2026-07-06T10:29:09.378890
24314.2,E354,,S9,,employer_pf,1800.0,2450.76,650.76,fail,high,"ER EPF: expected=550.5, actual=1800.0, diff=1249.5; ER EPS: expected=1249.5, actual=650.76, diff=-598.74",2026-07-06T10:29:09.379171
20071.44,E355,,S5,,employer_pf,1800.0,2335.44,535.44,fail,high,"ER EPF: expected=550.5, actual=1800.0, diff=1249.5; ER EPS: expected=1249.5, actual=535.44, diff=-714.06",2026-07-06T10:29:09.379428
19293.04,E356,,S7,,employer_pf,1800.0,2405.99,605.99,fail,high,"ER EPF: expected=550.5, actual=1800.0, diff=1249.5; ER EPS: expected=1249.5, actual=605.99, diff=-643.51",2026-07-06T10:29:09.379698
23869.61,E357,,S1,,employer_pf,1800.0,2560.01,760.01,fail,high,"ER EPF: expected=550.5, actual=1800.0, diff=1249.5; ER EPS: expected=1249.5, actual=760.01, diff=-489.49",2026-07-06T10:29:09.379957
30754.59999999999,E358,,S6,,employer_pf,1800.0,2840.09,1040.09,fail,high,"ER EPF: expected=550.5, actual=1800.0, diff=1249.5; ER EPS: expected=1249.5, actual=1040.09, diff=-209.41",2026-07-06T10:29:09.380197
31682.81,E359,,S9,,employer_pf,1800.0,2763.66,963.66,fail,high,"ER EPF: expected=550.5, actual=1800.0, diff=1249.5; ER EPS: expected=1249.5, actual=963.66, diff=-285.84",2026-07-06T10:29:09.380454
14632.41,E360,,S12,,employer_pf,1627.24,2067.95,440.71,fail,high,"ER EPF: expected=497.66, actual=1627.24, diff=1129.58; ER EPS: expected=1129.58, actual=440.71, diff=-688.87",2026-07-06T10:29:09.380690
22204.75,E361,,S8,,employer_pf,1800.0,2491.25,691.25,fail,high,"ER EPF: expected=550.5, actual=1800.0, diff=1249.5; ER EPS: expected=1249.5, actual=691.25, diff=-558.25",2026-07-06T10:29:09.380920
24261.8,E362,,S3,,employer_pf,1800.0,2506.19,706.19,fail,high,"ER EPF: expected=550.5, actual=1800.0, diff=1249.5; ER EPS: expected=1249.5, actual=706.19, diff=-543.31",2026-07-06T10:29:09.381143
27065.63,E363,,S4,,employer_pf,1800.0,2635.23,835.23,fail,high,"ER EPF: expected=550.5, actual=1800.0, diff=1249.5; ER EPS: expected=1249.5, actual=835.23, diff=-414.27",2026-07-06T10:29:09.381377
25370.49,E364,,S1,,employer_pf,1800.0,2560.57,760.57,fail,high,"ER EPF: expected=550.5, actual=1800.0, diff=1249.5; ER EPS: expected=1249.5, actual=760.57, diff=-488.93",2026-07-06T10:29:09.381621
30975.31,E365,,S8,,employer_pf,1800.0,2833.69,1033.69,fail,high,"ER EPF: expected=550.5, actual=1800.0, diff=1249.5; ER EPS: expected=1249.5, actual=1033.69, diff=-215.81",2026-07-06T10:29:09.381846
22963.47,E366,,S3,,employer_pf,1800.0,2527.95,727.95,fail,high,"ER EPF: expected=550.5, actual=1800.0, diff=1249.5; ER EPS: expected=1249.5, actual=727.95, diff=-521.55",2026-07-06T10:29:09.382081
24186.51,E367,,S4,,employer_pf,1800.0,2556.11,756.11,fail,high,"ER EPF: expected=550.5, actual=1800.0, diff=1249.5; ER EPS: expected=1249.5, actual=756.11, diff=-493.39",2026-07-06T10:29:09.382300
22902.81,E368,,S8,,employer_pf,1800.0,2557.99,757.99,fail,high,"ER EPF: expected=550.5, actual=1800.0, diff=1249.5; ER EPS: expected=1249.5, actual=757.99, diff=-491.51",2026-07-06T10:29:09.382631
25318.5,E369,,S9,,employer_pf,1800.0,2606.54,806.54,fail,high,"ER EPF: expected=550.5, actual=1800.0, diff=1249.5; ER EPS: expected=1249.5, actual=806.54, diff=-442.96",2026-07-06T10:29:09.382939
23792.18,E370,,S3,,employer_pf,1800.0,2540.74,740.74,fail,high,"ER EPF: expected=550.5, actual=1800.0, diff=1249.5; ER EPS: expected=1249.5, actual=740.74, diff=-508.76",2026-07-06T10:29:09.383229
30685.26,E371,,S1,,employer_pf,1800.0,2773.86,973.86,fail,high,"ER EPF: expected=550.5, actual=1800.0, diff=1249.5; ER EPS: expected=1249.5, actual=973.86, diff=-275.64",2026-07-06T10:29:09.383476
31303.4,E372,,S7,,employer_pf,1800.0,2742.92,942.92,fail,high,"ER EPF: expected=550.5, actual=1800.0, diff=1249.5; ER EPS: expected=1249.5, actual=942.92, diff=-306.58",2026-07-06T10:29:09.383707
16531.56,E373,,S11,,employer_pf,1760.12,2236.82,476.7,fail,high,"ER EPF: expected=538.3, actual=1760.12, diff=1221.82; ER EPS: expected=1221.82, actual=476.7, diff=-745.12",2026-07-06T10:29:09.383950
25780.25,E374,,S1,,employer_pf,1800.0,2546.25,746.25,fail,high,"ER EPF: expected=550.5, actual=1800.0, diff=1249.5; ER EPS: expected=1249.5, actual=746.25, diff=-503.25",2026-07-06T10:29:09.384180
24365.96,E375,,S8,,employer_pf,1800.0,2631.34,831.34,fail,high,"ER EPF: expected=550.5, actual=1800.0, diff=1249.5; ER EPS: expected=1249.5, actual=831.34, diff=-418.16",2026-07-06T10:29:09.384435
21309.71,E376,,S7,,employer_pf,1800.0,2411.45,611.45,fail,high,"ER EPF: expected=550.5, actual=1800.0, diff=1249.5; ER EPS: expected=1249.5, actual=611.45, diff=-638.05",2026-07-06T10:29:09.384717
25763.86,E377,,S6,,employer_pf,1800.0,2555.76,755.76,fail,high,"ER EPF: expected=550.5, actual=1800.0, diff=1249.5; ER EPS: expected=1249.5, actual=755.76, diff=-493.74",2026-07-06T10:29:09.384980
26466.07,E378,,S2,,employer_pf,1800.0,2536.35,736.35,fail,high,"ER EPF: expected=550.5, actual=1800.0, diff=1249.5; ER EPS: expected=1249.5, actual=736.35, diff=-513.15",2026-07-06T10:29:09.385239
18012.76,E379,,S7,,employer_pf,1800.0,2367.37,567.37,fail,high,"ER EPF: expected=550.5, actual=1800.0, diff=1249.5; ER EPS: expected=1249.5, actual=567.37, diff=-682.13",2026-07-06T10:29:09.385470
25257.46,E380,,S7,,employer_pf,1800.0,2549.2,749.2,fail,high,"ER EPF: expected=550.5, actual=1800.0, diff=1249.5; ER EPS: expected=1249.5, actual=749.2, diff=-500.3",2026-07-06T10:29:09.385698
27158.04,E381,,S7,,employer_pf,1800.0,2569.16,769.16,fail,high,"ER EPF: expected=550.5, actual=1800.0, diff=1249.5; ER EPS: expected=1249.5, actual=769.16, diff=-480.34",2026-07-06T10:29:09.385944
16642.92,E382,,S11,,employer_pf,1800.0,2308.01,508.01,fail,high,"ER EPF: expected=550.5, actual=1800.0, diff=1249.5; ER EPS: expected=1249.5, actual=508.01, diff=-741.49",2026-07-06T10:29:09.386169
22110.0,E383,,S6,,employer_pf,1800.0,2406.48,606.48,fail,high,"ER EPF: expected=550.5, actual=1800.0, diff=1249.5; ER EPS: expected=1249.5, actual=606.48, diff=-643.02",2026-07-06T10:29:09.386398
34942.34,E384,,S10,,employer_pf,1800.0,2830.51,1030.51,fail,high,"ER EPF: expected=550.5, actual=1800.0, diff=1249.5; ER EPS: expected=1249.5, actual=1030.51, diff=-218.99",2026-07-06T10:29:09.386749
26272.06,E385,,S10,,employer_pf,1800.0,2642.41,842.41,fail,high,"ER EPF: expected=550.5, actual=1800.0, diff=1249.5; ER EPS: expected=1249.5, actual=842.41, diff=-407.09",2026-07-06T10:29:09.387021
20462.24,E386,,S6,,employer_pf,1800.0,2369.13,569.13,fail,high,"ER EPF: expected=550.5, actual=1800.0, diff=1249.5; ER EPS: expected=1249.5, actual=569.13, diff=-680.37",2026-07-06T10:29:09.387282
21741.64,E387,,S2,,employer_pf,1800.0,2457.23,657.23,fail,high,"ER EPF: expected=550.5, actual=1800.0, diff=1249.5; ER EPS: expected=1249.5, actual=657.23, diff=-592.27",2026-07-06T10:29:09.387524
33644.12,E388,,S5,,employer_pf,1800.0,2804.47,1004.47,fail,high,"ER EPF: expected=550.5, actual=1800.0, diff=1249.5; ER EPS: expected=1249.5, actual=1004.47, diff=-245.03",2026-07-06T10:29:09.387770
25931.07,E389,,S7,,employer_pf,1800.0,2657.87,857.87,fail,high,"ER EPF: expected=550.5, actual=1800.0, diff=1249.5; ER EPS: expected=1249.5, actual=857.87, diff=-391.63",2026-07-06T10:29:09.388014
17055.09,E390,,S2,,employer_pf,1800.0,2379.47,579.47,fail,high,"ER EPF: expected=550.5, actual=1800.0, diff=1249.5; ER EPS: expected=1249.5, actual=579.47, diff=-670.03",2026-07-06T10:29:09.388236
16397.34,E391,,S6,,employer_pf,1800.0,2333.17,533.17,fail,high,"ER EPF: expected=550.5, actual=1800.0, diff=1249.5; ER EPS: expected=1249.5, actual=533.17, diff=-716.33",2026-07-06T10:29:09.388468
24379.08,E392,,S5,,employer_pf,1800.0,2600.14,800.14,fail,high,"ER EPF: expected=550.5, actual=1800.0, diff=1249.5; ER EPS: expected=1249.5, actual=800.14, diff=-449.36",2026-07-06T10:29:09.388707
24699.24,E393,,S5,,employer_pf,1800.0,2596.12,796.12,fail,high,"ER EPF: expected=550.5, actual=1800.0, diff=1249.5; ER EPS: expected=1249.5, actual=796.12, diff=-453.38",2026-07-06T10:29:09.388937
22328.96,E394,,S1,,employer_pf,1800.0,2479.17,679.17,fail,high,"ER EPF: expected=550.5, actual=1800.0, diff=1249.5; ER EPS: expected=1249.5, actual=679.17, diff=-570.33",2026-07-06T10:29:09.389160
18735.62,E395,,S12,,employer_pf,1800.0,2405.78,605.78,fail,high,"ER EPF: expected=550.5, actual=1800.0, diff=1249.5; ER EPS: expected=1249.5, actual=605.78, diff=-643.72",2026-07-06T10:29:09.389383
20934.12,E396,,S6,,employer_pf,1800.0,2465.3,665.3,fail,high,"ER EPF: expected=550.5, actual=1800.0, diff=1249.5; ER EPS: expected=1249.5, actual=665.3, diff=-584.2",2026-07-06T10:29:09.389601
23193.79,E397,,S6,,employer_pf,1800.0,2485.23,685.23,fail,high,"ER EPF: expected=550.5, actual=1800.0, diff=1249.5; ER EPS: expected=1249.5, actual=685.23, diff=-564.27",2026-07-06T10:29:09.389820
27320.67,E398,,S1,,employer_pf,1800.0,2639.59,839.59,fail,high,"ER EPF: expected=550.5, actual=1800.0, diff=1249.5; ER EPS: expected=1249.5, actual=839.59, diff=-409.91",2026-07-06T10:29:09.390068
25283.49,E399,,S2,,employer_pf,1800.0,2537.25,737.25,fail,high,"ER EPF: expected=550.5, actual=1800.0, diff=1249.5; ER EPS: expected=1249.5, actual=737.25, diff=-512.25",2026-07-06T10:29:09.390306
14149.23,E400,,S4,,employer_pf,1662.97,2113.37,450.4,fail,high,"ER EPF: expected=508.59, actual=1662.98, diff=1154.39; ER EPS: expected=1154.38, actual=450.39, diff=-703.99",2026-07-06T10:29:09.390651
31886.78,E401,,S7,,employer_pf,1800.0,2773.42,973.42,fail,high,"ER EPF: expected=550.5, actual=1800.0, diff=1249.5; ER EPS: expected=1249.5, actual=973.42, diff=-276.08",2026-07-06T10:29:09.390970
18989.11,E402,,S12,,employer_pf,1800.0,2431.18,631.18,fail,high,"ER EPF: expected=550.5, actual=1800.0, diff=1249.5; ER EPS: expected=1249.5, actual=631.18, diff=-618.32",2026-07-06T10:29:09.391228
16610.84,E403,,S7,,employer_pf,1628.67,2069.78,441.11,fail,high,"ER EPF: expected=498.1, actual=1628.68, diff=1130.58; ER EPS: expected=1130.57, actual=441.1, diff=-689.47",2026-07-06T10:29:09.391464
20315.31,E404,,S3,,employer_pf,1800.0,2397.49,597.49,fail,high,"ER EPF: expected=550.5, actual=1800.0, diff=1249.5; ER EPS: expected=1249.5, actual=597.49, diff=-652.01",2026-07-06T10:29:09.391711
29476.05,E405,,S12,,employer_pf,1800.0,2668.78,868.78,fail,high,"ER EPF: expected=550.5, actual=1800.0, diff=1249.5; ER EPS: expected=1249.5, actual=868.78, diff=-380.72",2026-07-06T10:29:09.391940
24434.56,E406,,S6,,employer_pf,1800.0,2454.6,654.6,fail,high,"ER EPF: expected=550.5, actual=1800.0, diff=1249.5; ER EPS: expected=1249.5, actual=654.6, diff=-594.9",2026-07-06T10:29:09.392161
22981.47,E407,,S12,,employer_pf,1800.0,2469.79,669.79,fail,high,"ER EPF: expected=550.5, actual=1800.0, diff=1249.5; ER EPS: expected=1249.5, actual=669.79, diff=-579.71",2026-07-06T10:29:09.392422
29028.11,E408,,S1,,employer_pf,1800.0,2705.55,905.55,fail,high,"ER EPF: expected=550.5, actual=1800.0, diff=1249.5; ER EPS: expected=1249.5, actual=905.55, diff=-343.95",2026-07-06T10:29:09.392661
13086.59,E409,,S8,,employer_pf,1589.45,2019.92,430.47,fail,high,"ER EPF: expected=486.11, actual=1589.45, diff=1103.34; ER EPS: expected=1103.34, actual=430.47, diff=-672.87",2026-07-06T10:29:09.392899
22549.55,E410,,S4,,employer_pf,1800.0,2510.27,710.27,fail,high,"ER EPF: expected=550.5, actual=1800.0, diff=1249.5; ER EPS: expected=1249.5, actual=710.27, diff=-539.23",2026-07-06T10:29:09.393121
20536.35,E411,,S7,,employer_pf,1800.0,2454.46,654.46,fail,high,"ER EPF: expected=550.5, actual=1800.0, diff=1249.5; ER EPS: expected=1249.5, actual=654.46, diff=-595.04",2026-07-06T10:29:09.393341
19168.81,E412,,S8,,employer_pf,1800.0,2322.45,522.45,fail,high,"ER EPF: expected=550.5, actual=1800.0, diff=1249.5; ER EPS: expected=1249.5, actual=522.45, diff=-727.05",2026-07-06T10:29:09.393557
26183.9,E413,,S9,,employer_pf,1800.0,2594.44,794.44,fail,high,"ER EPF: expected=550.5, actual=1800.0, diff=1249.5; ER EPS: expected=1249.5, actual=794.44, diff=-455.06",2026-07-06T10:29:09.393793
20615.95,E414,,S1,,employer_pf,1800.0,2398.72,598.72,fail,high,"ER EPF: expected=550.5, actual=1800.0, diff=1249.5; ER EPS: expected=1249.5, actual=598.72, diff=-650.78",2026-07-06T10:29:09.394015
22466.13,E415,,S11,,employer_pf,1800.0,2445.45,645.45,fail,high,"ER EPF: expected=550.5, actual=1800.0, diff=1249.5; ER EPS: expected=1249.5, actual=645.45, diff=-604.05",2026-07-06T10:29:09.394249
34640.9,E416,,S6,,employer_pf,1800.0,2824.61,1024.61,fail,high,"ER EPF: expected=550.5, actual=1800.0, diff=1249.5; ER EPS: expected=1249.5, actual=1024.61, diff=-224.89",2026-07-06T10:29:09.394478
25806.53,E417,,S10,,employer_pf,1800.0,2630.22,830.22,fail,high,"ER EPF: expected=550.5, actual=1800.0, diff=1249.5; ER EPS: expected=1249.5, actual=830.22, diff=-419.28",2026-07-06T10:29:09.394874
15272.61,E418,,S2,,employer_pf,1761.23,2238.23,477.0,fail,high,"ER EPF: expected=538.64, actual=1761.23, diff=1222.59; ER EPS: expected=1222.59, actual=477.0, diff=-745.59",2026-07-06T10:29:09.395137
24749.06,E419,,S11,,employer_pf,1800.0,2558.42,758.42,fail,high,"ER EPF: expected=550.5, actual=1800.0, diff=1249.5; ER EPS: expected=1249.5, actual=758.42, diff=-491.08",2026-07-06T10:29:09.395379
31313.16,E420,,S10,,employer_pf,1800.0,2713.31,913.31,fail,high,"ER EPF: expected=550.5, actual=1800.0, diff=1249.5; ER EPS: expected=1249.5, actual=913.31, diff=-336.19",2026-07-06T10:29:09.395646
20023.95,E421,,S11,,employer_pf,1800.0,2463.56,663.56,fail,high,"ER EPF: expected=550.5, actual=1800.0, diff=1249.5; ER EPS: expected=1249.5, actual=663.56, diff=-585.94",2026-07-06T10:29:09.395897
22219.46,E422,,S2,,employer_pf,1800.0,2444.19,644.19,fail,high,"ER EPF: expected=550.5, actual=1800.0, diff=1249.5; ER EPS: expected=1249.5, actual=644.19, diff=-605.31",2026-07-06T10:29:09.396139
17151.84,E423,,S10,,employer_pf,1800.0,2361.52,561.52,fail,high,"ER EPF: expected=550.5, actual=1800.0, diff=1249.5; ER EPS: expected=1249.5, actual=561.52, diff=-687.98",2026-07-06T10:29:09.396387
26908.99,E424,,S7,,employer_pf,1800.0,2641.72,841.72,fail,high,"ER EPF: expected=550.5, actual=1800.0, diff=1249.5; ER EPS: expected=1249.5, actual=841.72, diff=-407.78",2026-07-06T10:29:09.396725
16077.68,E425,,S2,,employer_pf,1800.0,2292.58,492.58,fail,high,"ER EPF: expected=550.5, actual=1800.0, diff=1249.5; ER EPS: expected=1249.5, actual=492.58, diff=-756.92",2026-07-06T10:29:09.397033
34945.66,E426,,S9,,employer_pf,1800.0,2859.31,1059.31,fail,high,"ER EPF: expected=550.5, actual=1800.0, diff=1249.5; ER EPS: expected=1249.5, actual=1059.31, diff=-190.19",2026-07-06T10:29:09.397331
24137.36,E427,,S9,,employer_pf,1800.0,2489.77,689.77,fail,high,"ER EPF: expected=550.5, actual=1800.0, diff=1249.5; ER EPS: expected=1249.5, actual=689.77, diff=-559.73",2026-07-06T10:29:09.397597
31494.39,E428,,S1,,employer_pf,1800.0,2678.61,878.61,fail,high,"ER EPF: expected=550.5, actual=1800.0, diff=1249.5; ER EPS: expected=1249.5, actual=878.61, diff=-370.89",2026-07-06T10:29:09.397838
14919.43,E429,,S8,,employer_pf,1800.0,2287.63,487.63,fail,high,"ER EPF: expected=550.5, actual=1800.0, diff=1249.5; ER EPS: expected=1249.5, actual=487.63, diff=-761.87",2026-07-06T10:29:09.398070
26971.03,E430,,S8,,employer_pf,1800.0,2562.88,762.88,fail,high,"ER EPF: expected=550.5, actual=1800.0, diff=1249.5; ER EPS: expected=1249.5, actual=762.88, diff=-486.62",2026-07-06T10:29:09.398301
18708.62,E431,,S5,,employer_pf,1800.0,2300.31,500.31,fail,high,"ER EPF: expected=550.5, actual=1800.0, diff=1249.5; ER EPS: expected=1249.5, actual=500.31, diff=-749.19",2026-07-06T10:29:09.398639
25100.44,E432,,S4,,employer_pf,1800.0,2556.44,756.44,fail,high,"ER EPF: expected=550.5, actual=1800.0, diff=1249.5; ER EPS: expected=1249.5, actual=756.44, diff=-493.06",2026-07-06T10:29:09.398983
37095.37,E433,,S11,,employer_pf,1800.0,2913.56,1113.56,fail,high,"ER EPF: expected=550.5, actual=1800.0, diff=1249.5; ER EPS: expected=1249.5, actual=1113.56, diff=-135.94",2026-07-06T10:29:09.399277
26900.21,E434,,S2,,employer_pf,1800.0,2629.09,829.09,fail,high,"ER EPF: expected=550.5, actual=1800.0, diff=1249.5; ER EPS: expected=1249.5, actual=829.09, diff=-420.41",2026-07-06T10:29:09.399537
17459.94,E435,,S6,,employer_pf,1724.56,2191.62,467.06,fail,high,"ER EPF: expected=527.43, actual=1724.55, diff=1197.12; ER EPS: expected=1197.13, actual=467.07, diff=-730.06",2026-07-06T10:29:09.399780
20798.44,E436,,S1,,employer_pf,1800.0,2412.78,612.78,fail,high,"ER EPF: expected=550.5, actual=1800.0, diff=1249.5; ER EPS: expected=1249.5, actual=612.78, diff=-636.72",2026-07-06T10:29:09.400037
31891.40000000001,E437,,S12,,employer_pf,1800.0,2789.62,989.62,fail,high,"ER EPF: expected=550.5, actual=1800.0, diff=1249.5; ER EPS: expected=1249.5, actual=989.62, diff=-259.88",2026-07-06T10:29:09.400281
15693.25,E438,,S6,,employer_pf,1755.96,2231.53,475.57,fail,high,"ER EPF: expected=537.03, actual=1755.96, diff=1218.93; ER EPS: expected=1218.93, actual=475.57, diff=-743.36",2026-07-06T10:29:09.400557
33403.75,E439,,S1,,employer_pf,1800.0,2847.92,1047.92,fail,high,"ER EPF: expected=550.5, actual=1800.0, diff=1249.5; ER EPS: expected=1249.5, actual=1047.92, diff=-201.58",2026-07-06T10:29:09.400793
27901.95,E440,,S3,,employer_pf,1800.0,2600.73,800.73,fail,high,"ER EPF: expected=550.5, actual=1800.0, diff=1249.5; ER EPS: expected=1249.5, actual=800.73, diff=-448.77",2026-07-06T10:29:09.401032
23971.73,E441,,S4,,employer_pf,1800.0,2595.51,795.51,fail,high,"ER EPF: expected=550.5, actual=1800.0, diff=1249.5; ER EPS: expected=1249.5, actual=795.51, diff=-453.99",2026-07-06T10:29:09.401276
24474.66,E442,,S11,,employer_pf,1800.0,2532.44,732.44,fail,high,"ER EPF: expected=550.5, actual=1800.0, diff=1249.5; ER EPS: expected=1249.5, actual=732.44, diff=-517.06",2026-07-06T10:29:09.401504
20363.62,E443,,S12,,employer_pf,1800.0,2430.31,630.31,fail,high,"ER EPF: expected=550.5, actual=1800.0, diff=1249.5; ER EPS: expected=1249.5, actual=630.31, diff=-619.19",2026-07-06T10:29:09.401727
15792.96,E444,,S9,,employer_pf,1679.45,2134.3,454.85,fail,high,"ER EPF: expected=513.63, actual=1679.45, diff=1165.82; ER EPS: expected=1165.82, actual=454.85, diff=-710.97",2026-07-06T10:29:09.401965
23958.0,E445,,S5,,employer_pf,1800.0,2472.3,672.3,fail,high,"ER EPF: expected=550.5, actual=1800.0, diff=1249.5; ER EPS: expected=1249.5, actual=672.3, diff=-577.2",2026-07-06T10:29:09.402190
20053.47,E446,,S3,,employer_pf,1800.0,2436.49,636.49,fail,high,"ER EPF: expected=550.5, actual=1800.0, diff=1249.5; ER EPS: expected=1249.5, actual=636.49, diff=-613.01",2026-07-06T10:29:09.402414
23403.12,E447,,S7,,employer_pf,1800.0,2513.83,713.83,fail,high,"ER EPF: expected=550.5, actual=1800.0, diff=1249.5; ER EPS: expected=1249.5, actual=713.83, diff=-535.67",2026-07-06T10:29:09.402762
36235.41,E448,,S10,,employer_pf,1800.0,2941.88,1141.88,fail,high,"ER EPF: expected=550.5, actual=1800.0, diff=1249.5; ER EPS: expected=1249.5, actual=1141.88, diff=-107.62",2026-07-06T10:29:09.403077
23570.93,E449,,S10,,employer_pf,1800.0,2544.47,744.47,fail,high,"ER EPF: expected=550.5, actual=1800.0, diff=1249.5; ER EPS: expected=1249.5, actual=744.47, diff=-505.03",2026-07-06T10:29:09.403347
13503.66,E450,,S5,,employer_pf,1398.55,1777.33,378.78,fail,high,"ER EPF: expected=427.72, actual=1398.55, diff=970.83; ER EPS: expected=970.83, actual=378.78, diff=-592.05",2026-07-06T10:29:09.403620
26628.78,E451,,S5,,employer_pf,1800.0,2592.6,792.6,fail,high,"ER EPF: expected=550.5, actual=1800.0, diff=1249.5; ER EPS: expected=1249.5, actual=792.6, diff=-456.9",2026-07-06T10:29:09.403866
23712.04,E452,,S12,,employer_pf,1800.0,2468.8,668.8,fail,high,"ER EPF: expected=550.5, actual=1800.0, diff=1249.5; ER EPS: expected=1249.5, actual=668.8, diff=-580.7",2026-07-06T10:29:09.404110
26654.24,E453,,S7,,employer_pf,1800.0,2662.92,862.92,fail,high,"ER EPF: expected=550.5, actual=1800.0, diff=1249.5; ER EPS: expected=1249.5, actual=862.92, diff=-386.58",2026-07-06T10:29:09.404337
23771.79,E454,,S1,,employer_pf,1800.0,2446.75,646.75,fail,high,"ER EPF: expected=550.5, actual=1800.0, diff=1249.5; ER EPS: expected=1249.5, actual=646.75, diff=-602.75",2026-07-06T10:29:09.404558
29398.42,E455,,S9,,employer_pf,1800.0,2691.84,891.84,fail,high,"ER EPF: expected=550.5, actual=1800.0, diff=1249.5; ER EPS: expected=1249.5, actual=891.84, diff=-357.66",2026-07-06T10:29:09.404798
22427.09,E456,,S8,,employer_pf,1800.0,2536.94,736.94,fail,high,"ER EPF: expected=550.5, actual=1800.0, diff=1249.5; ER EPS: expected=1249.5, actual=736.94, diff=-512.56",2026-07-06T10:29:09.405036
27995.64,E457,,S1,,employer_pf,1800.0,2638.54,838.54,fail,high,"ER EPF: expected=550.5, actual=1800.0, diff=1249.5; ER EPS: expected=1249.5, actual=838.54, diff=-410.96",2026-07-06T10:29:09.405258
16678.23,E458,,S5,,employer_pf,1800.0,2352.69,552.69,fail,high,"ER EPF: expected=550.5, actual=1800.0, diff=1249.5; ER EPS: expected=1249.5, actual=552.69, diff=-696.81",2026-07-06T10:29:09.405478
26014.8,E459,,S7,,employer_pf,1800.0,2549.87,749.87,fail,high,"ER EPF: expected=550.5, actual=1800.0, diff=1249.5; ER EPS: expected=1249.5, actual=749.87, diff=-499.63",2026-07-06T10:29:09.405693
29221.41,E460,,S8,,employer_pf,1800.0,2743.25,943.25,fail,high,"ER EPF: expected=550.5, actual=1800.0, diff=1249.5; ER EPS: expected=1249.5, actual=943.25, diff=-306.25",2026-07-06T10:29:09.405909
16543.29,E461,,S9,,employer_pf,1800.0,2298.72,498.72,fail,high,"ER EPF: expected=550.5, actual=1800.0, diff=1249.5; ER EPS: expected=1249.5, actual=498.72, diff=-750.78",2026-07-06T10:29:09.406148
28711.43,E462,,S6,,employer_pf,1800.0,2660.14,860.14,fail,high,"ER EPF: expected=550.5, actual=1800.0, diff=1249.5; ER EPS: expected=1249.5, actual=860.14, diff=-389.36",2026-07-06T10:29:09.406381
33842.0,E463,,S11,,employer_pf,1800.0,2814.82,1014.82,fail,high,"ER EPF: expected=550.5, actual=1800.0, diff=1249.5; ER EPS: expected=1249.5, actual=1014.82, diff=-234.68",2026-07-06T10:29:09.406753
29294.18,E464,,S5,,employer_pf,1800.0,2754.18,954.18,fail,high,"ER EPF: expected=550.5, actual=1800.0, diff=1249.5; ER EPS: expected=1249.5, actual=954.18, diff=-295.32",2026-07-06T10:29:09.407064
21599.96,E465,,S9,,employer_pf,1800.0,2372.52,572.52,fail,high,"ER EPF: expected=550.5, actual=1800.0, diff=1249.5; ER EPS: expected=1249.5, actual=572.52, diff=-676.98",2026-07-06T10:29:09.407344
16624.49,E466,,S3,,employer_pf,1766.71,2245.2,478.49,fail,high,"ER EPF: expected=540.32, actual=1766.71, diff=1226.39; ER EPS: expected=1226.39, actual=478.49, diff=-747.9",2026-07-06T10:29:09.407601
27573.76,E467,,S2,,employer_pf,1800.0,2604.22,804.22,fail,high,"ER EPF: expected=550.5, actual=1800.0, diff=1249.5; ER EPS: expected=1249.5, actual=804.22, diff=-445.28",2026-07-06T10:29:09.407844
25156.5,E468,,S10,,employer_pf,1800.0,2540.82,740.82,fail,high,"ER EPF: expected=550.5, actual=1800.0, diff=1249.5; ER EPS: expected=1249.5, actual=740.82, diff=-508.68",2026-07-06T10:29:09.408075
19120.72,E469,,S8,,employer_pf,1800.0,2297.2,497.2,fail,high,"ER EPF: expected=550.5, actual=1800.0, diff=1249.5; ER EPS: expected=1249.5, actual=497.2, diff=-752.3",2026-07-06T10:29:09.408303
16739.89,E470,,S4,,employer_pf,1794.28,2280.23,485.95,fail,high,"ER EPF: expected=548.75, actual=1794.28, diff=1245.53; ER EPS: expected=1245.53, actual=485.95, diff=-759.58",2026-07-06T10:29:09.408526
23091.72,E471,,S2,,employer_pf,1800.0,2434.53,634.53,fail,high,"ER EPF: expected=550.5, actual=1800.0, diff=1249.5; ER EPS: expected=1249.5, actual=634.53, diff=-614.97",2026-07-06T10:29:09.408748
20777.71,E472,,S9,,employer_pf,1800.0,2414.76,614.76,fail,high,"ER EPF: expected=550.5, actual=1800.0, diff=1249.5; ER EPS: expected=1249.5, actual=614.76, diff=-634.74",2026-07-06T10:29:09.408987
28228.5,E473,,S2,,employer_pf,1800.0,2647.8,847.8,fail,high,"ER EPF: expected=550.5, actual=1800.0, diff=1249.5; ER EPS: expected=1249.5, actual=847.8, diff=-401.7",2026-07-06T10:29:09.409221
23078.54,E474,,S9,,employer_pf,1800.0,2504.8,704.8,fail,high,"ER EPF: expected=550.5, actual=1800.0, diff=1249.5; ER EPS: expected=1249.5, actual=704.8, diff=-544.7",2026-07-06T10:29:09.409443
27268.82,E475,,S6,,employer_pf,1800.0,2590.11,790.11,fail,high,"ER EPF: expected=550.5, actual=1800.0, diff=1249.5; ER EPS: expected=1249.5, actual=790.11, diff=-459.39",2026-07-06T10:29:09.409672
24385.0,E476,,S6,,employer_pf,1800.0,2551.48,751.48,fail,high,"ER EPF: expected=550.5, actual=1800.0, diff=1249.5; ER EPS: expected=1249.5, actual=751.48, diff=-498.02",2026-07-06T10:29:09.409906
21985.42,E477,,S8,,employer_pf,1800.0,2489.18,689.18,fail,high,"ER EPF: expected=550.5, actual=1800.0, diff=1249.5; ER EPS: expected=1249.5, actual=689.18, diff=-560.32",2026-07-06T10:29:09.410130
26837.98,E478,,S12,,employer_pf,1800.0,2573.75,773.75,fail,high,"ER EPF: expected=550.5, actual=1800.0, diff=1249.5; ER EPS: expected=1249.5, actual=773.75, diff=-475.75",2026-07-06T10:29:09.410368
17426.13,E479,,S4,,employer_pf,1800.0,2353.47,553.47,fail,high,"ER EPF: expected=550.5, actual=1800.0, diff=1249.5; ER EPS: expected=1249.5, actual=553.47, diff=-696.03",2026-07-06T10:29:09.410754
33348.85,E480,,S1,,employer_pf,1800.0,2800.01,1000.01,fail,high,"ER EPF: expected=550.5, actual=1800.0, diff=1249.5; ER EPS: expected=1249.5, actual=1000.01, diff=-249.49",2026-07-06T10:29:09.411084
25132.29,E481,,S9,,employer_pf,1800.0,2565.08,765.08,fail,high,"ER EPF: expected=550.5, actual=1800.0, diff=1249.5; ER EPS: expected=1249.5, actual=765.08, diff=-484.42",2026-07-06T10:29:09.411381
29934.31,E482,,S10,,employer_pf,1800.0,2700.32,900.32,fail,high,"ER EPF: expected=550.5, actual=1800.0, diff=1249.5; ER EPS: expected=1249.5, actual=900.32, diff=-349.18",2026-07-06T10:29:09.411645
30607.71,E483,,S9,,employer_pf,1800.0,2693.09,893.09,fail,high,"ER EPF: expected=550.5, actual=1800.0, diff=1249.5; ER EPS: expected=1249.5, actual=893.09, diff=-356.41",2026-07-06T10:29:09.411901
24431.77,E484,,S2,,employer_pf,1800.0,2611.69,811.69,fail,high,"ER EPF: expected=550.5, actual=1800.0, diff=1249.5; ER EPS: expected=1249.5, actual=811.69, diff=-437.81",2026-07-06T10:29:09.412164
25747.72,E485,,S3,,employer_pf,1800.0,2612.9,812.9,fail,high,"ER EPF: expected=550.5, actual=1800.0, diff=1249.5; ER EPS: expected=1249.5, actual=812.9, diff=-436.6",2026-07-06T10:29:09.412403
29776.92,E486,,S8,,employer_pf,1800.0,2649.16,849.16,fail,high,"ER EPF: expected=550.5, actual=1800.0, diff=1249.5; ER EPS: expected=1249.5, actual=849.16, diff=-400.34",2026-07-06T10:29:09.412629
28989.83,E487,,S12,,employer_pf,1800.0,2660.09,860.09,fail,high,"ER EPF: expected=550.5, actual=1800.0, diff=1249.5; ER EPS: expected=1249.5, actual=860.09, diff=-389.41",2026-07-06T10:29:09.412851
16122.26,E488,,S1,,employer_pf,1473.05,1872.0,398.95,fail,high,"ER EPF: expected=450.51, actual=1473.05, diff=1022.54; ER EPS: expected=1022.54, actual=398.95, diff=-623.59",2026-07-06T10:29:09.413092
33352.94,E489,,S11,,employer_pf,1800.0,2826.9,1026.9,fail,high,"ER EPF: expected=550.5, actual=1800.0, diff=1249.5; ER EPS: expected=1249.5, actual=1026.9, diff=-222.6",2026-07-06T10:29:09.413334
31128.22,E490,,S11,,employer_pf,1800.0,2741.02,941.02,fail,high,"ER EPF: expected=550.5, actual=1800.0, diff=1249.5; ER EPS: expected=1249.5, actual=941.02, diff=-308.48",2026-07-06T10:29:09.413570
16373.06,E491,,S12,,employer_pf,1640.12,2084.32,444.2,fail,high,"ER EPF: expected=501.6, actual=1640.12, diff=1138.52; ER EPS: expected=1138.52, actual=444.2, diff=-694.32",2026-07-06T10:29:09.413797
26682.39,E492,,S10,,employer_pf,1800.0,2595.3,795.3,fail,high,"ER EPF: expected=550.5, actual=1800.0, diff=1249.5; ER EPS: expected=1249.5, actual=795.3, diff=-454.2",2026-07-06T10:29:09.414017
19481.2,E493,,S1,,employer_pf,1800.0,2370.5,570.5,fail,high,"ER EPF: expected=550.5, actual=1800.0, diff=1249.5; ER EPS: expected=1249.5, actual=570.5, diff=-679.0",2026-07-06T10:29:09.414234
25333.24,E494,,S2,,employer_pf,1800.0,2571.95,771.95,fail,high,"ER EPF: expected=550.5, actual=1800.0, diff=1249.5; ER EPS: expected=1249.5, actual=771.95, diff=-477.55",2026-07-06T10:29:09.414465
27662.94,E495,,S8,,employer_pf,1800.0,2697.26,897.26,fail,high,"ER EPF: expected=550.5, actual=1800.0, diff=1249.5; ER EPS: expected=1249.5, actual=897.26, diff=-352.24",2026-07-06T10:29:09.414999
29401.24,E496,,S12,,employer_pf,1800.0,2760.96,960.96,fail,high,"ER EPF: expected=550.5, actual=1800.0, diff=1249.5; ER EPS: expected=1249.5, actual=960.96, diff=-288.54",2026-07-06T10:29:09.415350
16155.29,E497,,S4,,employer_pf,1740.83,2212.3,471.47,fail,high,"ER EPF: expected=532.4, actual=1740.83, diff=1208.43; ER EPS: expected=1208.43, actual=471.47, diff=-736.96",2026-07-06T10:29:09.415636
25424.8,E498,,S3,,employer_pf,1800.0,2581.5,781.5,fail,high,"ER EPF: expected=550.5, actual=1800.0, diff=1249.5; ER EPS: expected=1249.5, actual=781.5, diff=-468.0",2026-07-06T10:29:09.415886
16933.97,E499,,S10,,employer_pf,1800.0,2354.77,554.77,fail,high,"ER EPF: expected=550.5, actual=1800.0, diff=1249.5; ER EPS: expected=1249.5, actual=554.77, diff=-694.73",2026-07-06T10:29:09.416121
17041.75,E500,,S12,,employer_pf,1800.0,2346.45,546.45,fail,high,"ER EPF: expected=550.5, actual=1800.0, diff=1249.5; ER EPS: expected=1249.5, actual=546.45, diff=-703.05",2026-07-06T10:29:09.416383
