employee_name,employee_id,ip_number,site,validation_type,expected_value,actual_value,difference,percentage_error,status,severity,detail,timestamp
15806.35,,,S9,contribution,132.9,0,-132.9,100.0,fail,high,"Emp: exp=132.9, act=0, Er: exp=575.91, act=0",2026-07-06T10:27:58.356641
17482.9,,,S12,contribution,145.05,0,-145.05,100.0,fail,high,"Emp: exp=145.05, act=0, Er: exp=628.55, act=0",2026-07-06T10:27:58.405723
16339.31,,,S4,contribution,135.99,0,-135.99,100.0,fail,high,"Emp: exp=135.99, act=0, Er: exp=589.27, act=0",2026-07-06T10:27:58.410480
18146.7,,,S1,contribution,150.57,0,-150.57,100.0,fail,high,"Emp: exp=150.57, act=0, Er: exp=652.47, act=0",2026-07-06T10:27:58.422858
17529.04,,,S4,contribution,145.89,0,-145.89,100.0,fail,high,"Emp: exp=145.89, act=0, Er: exp=632.2, act=0",2026-07-06T10:27:58.426925
17925.34,,,S3,contribution,148.83,0,-148.83,100.0,fail,high,"Emp: exp=148.83, act=0, Er: exp=644.92, act=0",2026-07-06T10:27:58.430935
16192.71,,,S1,contribution,135.09,0,-135.09,100.0,fail,high,"Emp: exp=135.09, act=0, Er: exp=585.37, act=0",2026-07-06T10:27:58.449047
16970.89,,,S2,contribution,141.64,0,-141.64,100.0,fail,high,"Emp: exp=141.64, act=0, Er: exp=613.8, act=0",2026-07-06T10:27:58.452354
17159.32,,,S1,contribution,142.25,0,-142.25,100.0,fail,high,"Emp: exp=142.25, act=0, Er: exp=616.44, act=0",2026-07-06T10:27:58.478022
18425.81,,,S10,contribution,152.59,0,-152.59,100.0,fail,high,"Emp: exp=152.59, act=0, Er: exp=661.24, act=0",2026-07-06T10:27:58.494626
18400.2,,,S7,contribution,152.55,0,-152.55,100.0,fail,high,"Emp: exp=152.55, act=0, Er: exp=661.04, act=0",2026-07-06T10:27:58.558663
14019.4,,,S11,contribution,116.91,0,-116.91,100.0,fail,high,"Emp: exp=116.91, act=0, Er: exp=506.59, act=0",2026-07-06T10:27:58.599345
13143.16,,,S7,contribution,110.39,0,-110.39,100.0,fail,high,"Emp: exp=110.39, act=0, Er: exp=478.34, act=0",2026-07-06T10:27:58.607013
18927.76,,,S1,contribution,156.38,0,-156.38,100.0,fail,high,"Emp: exp=156.38, act=0, Er: exp=677.67, act=0",2026-07-06T10:27:58.652696
13378.26,,,S1,contribution,113.08,0,-113.08,100.0,fail,high,"Emp: exp=113.08, act=0, Er: exp=490.03, act=0",2026-07-06T10:27:58.660576
15200.04,,,S3,contribution,128.14,0,-128.14,100.0,fail,high,"Emp: exp=128.14, act=0, Er: exp=555.26, act=0",2026-07-06T10:27:58.665780
17905.47,,,S12,contribution,148.83,0,-148.83,100.0,fail,high,"Emp: exp=148.83, act=0, Er: exp=644.93, act=0",2026-07-06T10:27:58.667010
16184.56,,,S9,contribution,133.81,0,-133.81,100.0,fail,high,"Emp: exp=133.81, act=0, Er: exp=579.86, act=0",2026-07-06T10:27:58.668118
16231.11,,,S8,contribution,136.12,0,-136.12,100.0,fail,high,"Emp: exp=136.12, act=0, Er: exp=589.86, act=0",2026-07-06T10:27:58.669462
14716.74,,,S1,contribution,123.74,0,-123.74,100.0,fail,high,"Emp: exp=123.74, act=0, Er: exp=536.21, act=0",2026-07-06T10:27:58.677108
17965.3,,,S10,contribution,149.11,0,-149.11,100.0,fail,high,"Emp: exp=149.11, act=0, Er: exp=646.15, act=0",2026-07-06T10:27:58.680186
16222.06,,,S6,contribution,135.36,0,-135.36,100.0,fail,high,"Emp: exp=135.36, act=0, Er: exp=586.57, act=0",2026-07-06T10:27:58.684003
18378.79,,,S5,contribution,152.32,0,-152.32,100.0,fail,high,"Emp: exp=152.32, act=0, Er: exp=660.07, act=0",2026-07-06T10:27:58.689730
17590.75,,,S7,contribution,146.35,0,-146.35,100.0,fail,high,"Emp: exp=146.35, act=0, Er: exp=634.19, act=0",2026-07-06T10:27:58.691951
18770.6,,,S3,contribution,155.31,0,-155.31,100.0,fail,high,"Emp: exp=155.31, act=0, Er: exp=673.03, act=0",2026-07-06T10:27:58.698177
16240.47,,,S8,contribution,134.84,0,-134.84,100.0,fail,high,"Emp: exp=134.84, act=0, Er: exp=584.31, act=0",2026-07-06T10:27:58.700496
18302.5,,,S6,contribution,151.67,0,-151.67,100.0,fail,high,"Emp: exp=151.67, act=0, Er: exp=657.23, act=0",2026-07-06T10:27:58.711149
16736.14,,,S12,contribution,138.08,0,-138.08,100.0,fail,high,"Emp: exp=138.08, act=0, Er: exp=598.36, act=0",2026-07-06T10:27:58.713992
18722.73,,,S12,contribution,154.85,0,-154.85,100.0,fail,high,"Emp: exp=154.85, act=0, Er: exp=671.02, act=0",2026-07-06T10:27:58.724502
18914.37,,,S9,contribution,156.32,0,-156.32,100.0,fail,high,"Emp: exp=156.32, act=0, Er: exp=677.38, act=0",2026-07-06T10:27:58.729225
18629.11,,,S2,contribution,154.17,0,-154.17,100.0,fail,high,"Emp: exp=154.17, act=0, Er: exp=668.08, act=0",2026-07-06T10:27:58.730621
17430.56,,,S7,contribution,145.17,0,-145.17,100.0,fail,high,"Emp: exp=145.17, act=0, Er: exp=629.07, act=0",2026-07-06T10:27:58.749170
17859.05,,,S12,contribution,148.48,0,-148.48,100.0,fail,high,"Emp: exp=148.48, act=0, Er: exp=643.4, act=0",2026-07-06T10:27:58.758842
18633.09,,,S3,contribution,154.19,0,-154.19,100.0,fail,high,"Emp: exp=154.19, act=0, Er: exp=668.17, act=0",2026-07-06T10:27:58.766135
18617.51,,,S7,contribution,154.15,0,-154.15,100.0,fail,high,"Emp: exp=154.15, act=0, Er: exp=667.96, act=0",2026-07-06T10:27:58.777369
18722.41,,,S2,contribution,154.89,0,-154.89,100.0,fail,high,"Emp: exp=154.89, act=0, Er: exp=671.19, act=0",2026-07-06T10:27:58.785243
15630.07,,,S10,contribution,131.15,0,-131.15,100.0,fail,high,"Emp: exp=131.15, act=0, Er: exp=568.33, act=0",2026-07-06T10:27:58.791562
17307.88,,,S5,contribution,144.29,0,-144.29,100.0,fail,high,"Emp: exp=144.29, act=0, Er: exp=625.26, act=0",2026-07-06T10:27:58.795900
15642.01,,,S10,contribution,131.58,0,-131.58,100.0,fail,high,"Emp: exp=131.58, act=0, Er: exp=570.18, act=0",2026-07-06T10:27:58.799509
17051.5,,,S7,contribution,142.25,0,-142.25,100.0,fail,high,"Emp: exp=142.25, act=0, Er: exp=616.41, act=0",2026-07-06T10:27:58.803566
14428.0,,,S10,contribution,121.76,0,-121.76,100.0,fail,high,"Emp: exp=121.76, act=0, Er: exp=527.63, act=0",2026-07-06T10:27:58.804288
14606.49,,,S8,contribution,123.09,0,-123.09,100.0,fail,high,"Emp: exp=123.09, act=0, Er: exp=533.4, act=0",2026-07-06T10:27:58.807971
16032.69,,,S4,contribution,133.18,0,-133.18,100.0,fail,high,"Emp: exp=133.18, act=0, Er: exp=577.1, act=0",2026-07-06T10:27:58.812618
17095.46,,,S4,contribution,142.67,0,-142.67,100.0,fail,high,"Emp: exp=142.67, act=0, Er: exp=618.22, act=0",2026-07-06T10:27:58.818183
16027.4,,,S7,contribution,134.62,0,-134.62,100.0,fail,high,"Emp: exp=134.62, act=0, Er: exp=583.34, act=0",2026-07-06T10:27:58.827843
15642.43,,,S11,contribution,131.68,0,-131.68,100.0,fail,high,"Emp: exp=131.68, act=0, Er: exp=570.62, act=0",2026-07-06T10:27:58.828565
12616.89,,,S9,contribution,106.79,0,-106.79,100.0,fail,high,"Emp: exp=106.79, act=0, Er: exp=462.77, act=0",2026-07-06T10:27:58.829887
14860.11,,,S9,contribution,125.83,0,-125.83,100.0,fail,high,"Emp: exp=125.83, act=0, Er: exp=545.28, act=0",2026-07-06T10:27:58.831487
18086.88,,,S8,contribution,150.19,0,-150.19,100.0,fail,high,"Emp: exp=150.19, act=0, Er: exp=650.82, act=0",2026-07-06T10:27:58.832735
17047.22,,,S6,contribution,142.22,0,-142.22,100.0,fail,high,"Emp: exp=142.22, act=0, Er: exp=616.29, act=0",2026-07-06T10:27:58.834708
14492.78,,,S8,contribution,121.88,0,-121.88,100.0,fail,high,"Emp: exp=121.88, act=0, Er: exp=528.16, act=0",2026-07-06T10:27:58.835287
15209.76,,,S3,contribution,126.71,0,-126.71,100.0,fail,high,"Emp: exp=126.71, act=0, Er: exp=549.08, act=0",2026-07-06T10:27:58.838737
16729.0,,,S8,contribution,139.82,0,-139.82,100.0,fail,high,"Emp: exp=139.82, act=0, Er: exp=605.9, act=0",2026-07-06T10:27:58.840464
16050.21,,,S11,contribution,131.56,0,-131.56,100.0,fail,high,"Emp: exp=131.56, act=0, Er: exp=570.09, act=0",2026-07-06T10:27:58.842378
15306.93,,,S5,contribution,129.19,0,-129.19,100.0,fail,high,"Emp: exp=129.19, act=0, Er: exp=559.83, act=0",2026-07-06T10:27:58.843914
17323.7,,,S9,contribution,144.41,0,-144.41,100.0,fail,high,"Emp: exp=144.41, act=0, Er: exp=625.78, act=0",2026-07-06T10:27:58.861647
16377.07,,,S8,contribution,137.2,0,-137.2,100.0,fail,high,"Emp: exp=137.2, act=0, Er: exp=594.53, act=0",2026-07-06T10:27:58.865318
18472.81,,,S3,contribution,153.07,0,-153.07,100.0,fail,high,"Emp: exp=153.07, act=0, Er: exp=663.32, act=0",2026-07-06T10:27:58.868610
18119.71,,,S9,contribution,149.99,0,-149.99,100.0,fail,high,"Emp: exp=149.99, act=0, Er: exp=649.96, act=0",2026-07-06T10:27:58.874804
17430.11,,,S12,contribution,145.26,0,-145.26,100.0,fail,high,"Emp: exp=145.26, act=0, Er: exp=629.45, act=0",2026-07-06T10:27:58.875726
15518.14,,,S3,contribution,130.56,0,-130.56,100.0,fail,high,"Emp: exp=130.56, act=0, Er: exp=565.76, act=0",2026-07-06T10:27:58.880014
18688.44,,,S11,contribution,154.58,0,-154.58,100.0,fail,high,"Emp: exp=154.58, act=0, Er: exp=669.85, act=0",2026-07-06T10:27:58.881226
17510.17,,,S10,contribution,145.8,0,-145.8,100.0,fail,high,"Emp: exp=145.8, act=0, Er: exp=631.79, act=0",2026-07-06T10:27:58.886014
15788.23,,,S3,contribution,132.36,0,-132.36,100.0,fail,high,"Emp: exp=132.36, act=0, Er: exp=573.55, act=0",2026-07-06T10:27:58.887351
16681.05,,,S12,contribution,139.21,0,-139.21,100.0,fail,high,"Emp: exp=139.21, act=0, Er: exp=603.26, act=0",2026-07-06T10:27:58.889325
16643.74,,,S3,contribution,139.26,0,-139.26,100.0,fail,high,"Emp: exp=139.26, act=0, Er: exp=603.47, act=0",2026-07-06T10:27:58.891968
15660.91,,,S11,contribution,131.85,0,-131.85,100.0,fail,high,"Emp: exp=131.85, act=0, Er: exp=571.35, act=0",2026-07-06T10:27:58.892729
18804.9,,,S7,contribution,155.61,0,-155.61,100.0,fail,high,"Emp: exp=155.61, act=0, Er: exp=674.3, act=0",2026-07-06T10:27:58.896513
17472.56,,,S12,contribution,145.51,0,-145.51,100.0,fail,high,"Emp: exp=145.51, act=0, Er: exp=630.54, act=0",2026-07-06T10:27:58.897790
17698.25,,,S2,contribution,147.27,0,-147.27,100.0,fail,high,"Emp: exp=147.27, act=0, Er: exp=638.16, act=0",2026-07-06T10:27:58.900556
14661.78,,,S8,contribution,122.91,0,-122.91,100.0,fail,high,"Emp: exp=122.91, act=0, Er: exp=532.61, act=0",2026-07-06T10:27:58.903854
14632.41,,,S12,contribution,122.71,0,-122.71,100.0,fail,high,"Emp: exp=122.71, act=0, Er: exp=531.74, act=0",2026-07-06T10:27:58.909536
16531.56,,,S11,contribution,138.01,0,-138.01,100.0,fail,high,"Emp: exp=138.01, act=0, Er: exp=598.05, act=0",2026-07-06T10:27:58.916663
18012.76,,,S7,contribution,149.58,0,-149.58,100.0,fail,high,"Emp: exp=149.58, act=0, Er: exp=648.17, act=0",2026-07-06T10:27:58.920312
16642.92,,,S11,contribution,139.2,0,-139.2,100.0,fail,high,"Emp: exp=139.2, act=0, Er: exp=603.2, act=0",2026-07-06T10:27:58.922763
17055.09,,,S2,contribution,142.42,0,-142.42,100.0,fail,high,"Emp: exp=142.42, act=0, Er: exp=617.14, act=0",2026-07-06T10:27:58.927899
16397.34,,,S6,contribution,137.4,0,-137.4,100.0,fail,high,"Emp: exp=137.4, act=0, Er: exp=595.41, act=0",2026-07-06T10:27:58.928486
18735.62,,,S12,contribution,155.07,0,-155.07,100.0,fail,high,"Emp: exp=155.07, act=0, Er: exp=671.95, act=0",2026-07-06T10:27:58.932310
14149.23,,,S4,contribution,119.37,0,-119.37,100.0,fail,high,"Emp: exp=119.37, act=0, Er: exp=517.27, act=0",2026-07-06T10:27:58.937652
18989.11,,,S12,contribution,157.01,0,-157.01,100.0,fail,high,"Emp: exp=157.01, act=0, Er: exp=680.38, act=0",2026-07-06T10:27:58.939479
16610.84,,,S7,contribution,137.56,0,-137.56,100.0,fail,high,"Emp: exp=137.56, act=0, Er: exp=596.09, act=0",2026-07-06T10:27:58.940362
13086.59,,,S8,contribution,110.82,0,-110.82,100.0,fail,high,"Emp: exp=110.82, act=0, Er: exp=480.2, act=0",2026-07-06T10:27:58.953537
15272.61,,,S2,contribution,128.58,0,-128.58,100.0,fail,high,"Emp: exp=128.58, act=0, Er: exp=557.18, act=0",2026-07-06T10:27:58.964107
17151.84,,,S10,contribution,143.11,0,-143.11,100.0,fail,high,"Emp: exp=143.11, act=0, Er: exp=620.15, act=0",2026-07-06T10:27:58.968407
16077.68,,,S2,contribution,134.94,0,-134.94,100.0,fail,high,"Emp: exp=134.94, act=0, Er: exp=584.72, act=0",2026-07-06T10:27:58.970439
14919.43,,,S8,contribution,126.24,0,-126.24,100.0,fail,high,"Emp: exp=126.24, act=0, Er: exp=547.04, act=0",2026-07-06T10:27:58.972691
18708.62,,,S5,contribution,154.68,0,-154.68,100.0,fail,high,"Emp: exp=154.68, act=0, Er: exp=670.28, act=0",2026-07-06T10:27:58.974972
17459.94,,,S6,contribution,144.69,0,-144.69,100.0,fail,high,"Emp: exp=144.69, act=0, Er: exp=627.0, act=0",2026-07-06T10:27:58.977654
15693.25,,,S6,contribution,131.69,0,-131.69,100.0,fail,high,"Emp: exp=131.69, act=0, Er: exp=570.67, act=0",2026-07-06T10:27:58.980027
15792.96,,,S9,contribution,131.83,0,-131.83,100.0,fail,high,"Emp: exp=131.83, act=0, Er: exp=571.26, act=0",2026-07-06T10:27:58.986290
13503.66,,,S5,contribution,112.42,0,-112.42,100.0,fail,high,"Emp: exp=112.42, act=0, Er: exp=487.16, act=0",2026-07-06T10:27:58.996040
16678.23,,,S5,contribution,139.54,0,-139.54,100.0,fail,high,"Emp: exp=139.54, act=0, Er: exp=604.69, act=0",2026-07-06T10:27:59.036028
16543.29,,,S9,contribution,138.44,0,-138.44,100.0,fail,high,"Emp: exp=138.44, act=0, Er: exp=599.9, act=0",2026-07-06T10:27:59.043030
16624.49,,,S3,contribution,138.76,0,-138.76,100.0,fail,high,"Emp: exp=138.76, act=0, Er: exp=601.3, act=0",2026-07-06T10:27:59.048752
16739.89,,,S4,contribution,139.85,0,-139.85,100.0,fail,high,"Emp: exp=139.85, act=0, Er: exp=606.01, act=0",2026-07-06T10:27:59.074017
17426.13,,,S4,contribution,145.15,0,-145.15,100.0,fail,high,"Emp: exp=145.15, act=0, Er: exp=629.0, act=0",2026-07-06T10:27:59.088219
16122.26,,,S1,contribution,132.66,0,-132.66,100.0,fail,high,"Emp: exp=132.66, act=0, Er: exp=574.84, act=0",2026-07-06T10:27:59.095182
16373.06,,,S12,contribution,135.87,0,-135.87,100.0,fail,high,"Emp: exp=135.87, act=0, Er: exp=588.76, act=0",2026-07-06T10:27:59.096713
16155.29,,,S4,contribution,135.04,0,-135.04,100.0,fail,high,"Emp: exp=135.04, act=0, Er: exp=585.16, act=0",2026-07-06T10:27:59.100231
16933.97,,,S10,contribution,141.47,0,-141.47,100.0,fail,high,"Emp: exp=141.47, act=0, Er: exp=613.01, act=0",2026-07-06T10:27:59.101436
17041.75,,,S12,contribution,142.26,0,-142.26,100.0,fail,high,"Emp: exp=142.26, act=0, Er: exp=616.46, act=0",2026-07-06T10:27:59.102205
