site,employee_name,gross_wages,esi_eligibility,expected_employee_esi,actual_employee_esi,employee_esi_diff,expected_employer_esi,actual_employer_esi,employer_esi_diff,status
S7,18400.2,20339.65,Applicable,153,0,-153,661,0,-661,Mismatch
S7,13143.16,14718.04,Applicable,110,0,-110,478,0,-478,Mismatch
S7,17590.75,19513.58,Applicable,146,0,-146,634,0,-634,Mismatch
S7,17430.56,19356.0,Applicable,145,0,-145,629,0,-629,Mismatch
S7,18617.51,20552.73,Applicable,154,0,-154,668,0,-668,Mismatch
S7,17051.5,18966.46,Applicable,142,0,-142,616,0,-616,Mismatch
S7,16027.4,17948.85,Applicable,135,0,-135,583,0,-583,Mismatch
S7,18804.9,20747.58,Applicable,156,0,-156,674,0,-674,Mismatch
S7,18012.76,19943.69,Applicable,150,0,-150,648,0,-648,Mismatch
S7,16610.84,18341.31,Applicable,138,0,-138,596,0,-596,Mismatch
S8,16231.11,18149.46,Applicable,136,0,-136,590,0,-590,Mismatch
S8,16240.47,17978.92,Applicable,135,0,-135,584,0,-584,Mismatch
S8,14606.49,16412.46,Applicable,123,0,-123,533,0,-533,Mismatch
S8,18086.88,20025.23,Applicable,150,0,-150,651,0,-651,Mismatch
S8,14492.78,16251.15,Applicable,122,0,-122,528,0,-528,Mismatch
S8,16729.0,18643.0,Applicable,140,0,-140,606,0,-606,Mismatch
S8,16377.07,18293.27,Applicable,137,0,-137,595,0,-595,Mismatch
S8,14661.78,16388.15,Applicable,123,0,-123,533,0,-533,Mismatch
S8,13086.59,14775.38,Applicable,111,0,-111,480,0,-480,Mismatch
S8,14919.43,16831.96,Applicable,126,0,-126,547,0,-547,Mismatch
S9,15806.35,17720.31,Applicable,133,0,-133,576,0,-576,Mismatch
S9,16184.56,17841.77,Applicable,134,0,-134,580,0,-580,Mismatch
S9,18914.37,20842.5,Applicable,156,0,-156,677,0,-677,Mismatch
S9,12616.89,14239.08,Applicable,107,0,-107,463,0,-463,Mismatch
S9,14860.11,16778.0,Applicable,126,0,-126,545,0,-545,Mismatch
S9,17323.7,19254.92,Applicable,144,0,-144,626,0,-626,Mismatch
S9,18119.71,19998.62,Applicable,150,0,-150,650,0,-650,Mismatch
S9,15792.96,17577.38,Applicable,132,0,-132,571,0,-571,Mismatch
S9,16543.29,18458.38,Applicable,138,0,-138,600,0,-600,Mismatch
S5,18378.79,20309.77,Applicable,152,0,-152,660,0,-660,Mismatch
S5,17307.88,19238.65,Applicable,144,0,-144,625,0,-625,Mismatch
S5,15306.93,17225.58,Applicable,129,0,-129,560,0,-560,Mismatch
S5,18708.62,20624.08,Applicable,155,0,-155,670,0,-670,Mismatch
S5,13503.66,14989.62,Applicable,112,0,-112,487,0,-487,Mismatch
S5,16678.23,18605.77,Applicable,140,0,-140,605,0,-605,Mismatch
S1,18146.7,20076.12,Applicable,151,0,-151,652,0,-652,Mismatch
S1,16192.71,18011.42,Applicable,135,0,-135,585,0,-585,Mismatch
S1,17159.32,18967.31,Applicable,142,0,-142,616,0,-616,Mismatch
S1,18927.76,20851.27,Applicable,156,0,-156,678,0,-678,Mismatch
S1,13378.26,15077.96,Applicable,113,0,-113,490,0,-490,Mismatch
S1,14716.74,16498.92,Applicable,124,0,-124,536,0,-536,Mismatch
S1,16122.26,17687.38,Applicable,133,0,-133,575,0,-575,Mismatch
S11,14019.4,15587.46,Applicable,117,0,-117,507,0,-507,Mismatch
S11,15642.43,17557.46,Applicable,132,0,-132,571,0,-571,Mismatch
S11,16050.21,17541.38,Applicable,132,0,-132,570,0,-570,Mismatch
S11,18688.44,20610.69,Applicable,155,0,-155,670,0,-670,Mismatch
S11,15660.91,17579.92,Applicable,132,0,-132,571,0,-571,Mismatch
S11,16531.56,18401.69,Applicable,138,0,-138,598,0,-598,Mismatch
S11,16642.92,18560.15,Applicable,139,0,-139,603,0,-603,Mismatch
S2,16970.89,18886.0,Applicable,142,0,-142,614,0,-614,Mismatch
S2,18629.11,20556.27,Applicable,154,0,-154,668,0,-668,Mismatch
S2,18722.41,20651.85,Applicable,155,0,-155,671,0,-671,Mismatch
S2,17698.25,19635.58,Applicable,147,0,-147,638,0,-638,Mismatch
S2,17055.09,18988.81,Applicable,142,0,-142,617,0,-617,Mismatch
S2,15272.61,17143.92,Applicable,129,0,-129,557,0,-557,Mismatch
S2,16077.68,17991.35,Applicable,135,0,-135,585,0,-585,Mismatch
S6,16222.06,18048.42,Applicable,135,0,-135,587,0,-587,Mismatch
S6,18302.5,20222.58,Applicable,152,0,-152,657,0,-657,Mismatch
S6,17047.22,18962.92,Applicable,142,0,-142,616,0,-616,Mismatch
S6,16397.34,18320.38,Applicable,137,0,-137,595,0,-595,Mismatch
S6,17459.94,19292.27,Applicable,145,0,-145,627,0,-627,Mismatch
S6,15693.25,17558.96,Applicable,132,0,-132,571,0,-571,Mismatch
S12,17482.9,19340.08,Applicable,145,0,-145,629,0,-629,Mismatch
S12,17905.47,19844.0,Applicable,149,0,-149,645,0,-645,Mismatch
S12,16736.14,18411.12,Applicable,138,0,-138,598,0,-598,Mismatch
S12,18722.73,20646.85,Applicable,155,0,-155,671,0,-671,Mismatch
S12,17859.05,19796.85,Applicable,148,0,-148,643,0,-643,Mismatch
S12,17430.11,19367.65,Applicable,145,0,-145,629,0,-629,Mismatch
S12,16681.05,18561.77,Applicable,139,0,-139,603,0,-603,Mismatch
S12,17472.56,19401.19,Applicable,146,0,-146,631,0,-631,Mismatch
S12,14632.41,16361.35,Applicable,123,0,-123,532,0,-532,Mismatch
S12,18735.62,20675.42,Applicable,155,0,-155,672,0,-672,Mismatch
S12,18989.11,20934.77,Applicable,157,0,-157,680,0,-680,Mismatch
S12,16373.06,18115.69,Applicable,136,0,-136,589,0,-589,Mismatch
S12,17041.75,18967.85,Applicable,142,0,-142,616,0,-616,Mismatch
S3,17925.34,19843.73,Applicable,149,0,-149,645,0,-645,Mismatch
S3,15200.04,17085.0,Applicable,128,0,-128,555,0,-555,Mismatch
S3,18770.6,20708.54,Applicable,155,0,-155,673,0,-673,Mismatch
S3,18633.09,20559.23,Applicable,154,0,-154,668,0,-668,Mismatch
S3,15209.76,16894.92,Applicable,127,0,-127,549,0,-549,Mismatch
S3,18472.81,20409.77,Applicable,153,0,-153,663,0,-663,Mismatch
S3,15518.14,17408.08,Applicable,131,0,-131,566,0,-566,Mismatch
S3,15788.23,17647.65,Applicable,132,0,-132,574,0,-574,Mismatch
S3,16643.74,18568.23,Applicable,139,0,-139,603,0,-603,Mismatch
S3,16624.49,18501.62,Applicable,139,0,-139,601,0,-601,Mismatch
S4,16339.31,18131.38,Applicable,136,0,-136,589,0,-589,Mismatch
S4,17529.04,19452.31,Applicable,146,0,-146,632,0,-632,Mismatch
S4,16032.69,17757.0,Applicable,133,0,-133,577,0,-577,Mismatch
S4,17095.46,19022.08,Applicable,143,0,-143,618,0,-618,Mismatch
S4,14149.23,15916.15,Applicable,119,0,-119,517,0,-517,Mismatch
S4,16739.89,18646.31,Applicable,140,0,-140,606,0,-606,Mismatch
S4,17426.13,19353.85,Applicable,145,0,-145,629,0,-629,Mismatch
S4,16155.29,18004.92,Applicable,135,0,-135,585,0,-585,Mismatch
S10,18425.81,20345.85,Applicable,153,0,-153,661,0,-661,Mismatch
S10,17965.3,19881.62,Applicable,149,0,-149,646,0,-646,Mismatch
S10,15630.07,17487.12,Applicable,131,0,-131,568,0,-568,Mismatch
S10,15642.01,17543.92,Applicable,132,0,-132,570,0,-570,Mismatch
S10,14428.0,16234.77,Applicable,122,0,-122,528,0,-528,Mismatch
S10,17510.17,19439.62,Applicable,146,0,-146,632,0,-632,Mismatch
S10,17151.84,19081.42,Applicable,143,0,-143,620,0,-620,Mismatch
S10,16933.97,18862.0,Applicable,141,0,-141,613,0,-613,Mismatch
