employee_name,employee_id,uan,site,match_type,match_confidence,match_reason,basic_vda,pf_base,expected_employee_pf,actual_employee_pf,employee_pf_diff,risk_score,risk_level,validations_passed,validations_failed,compliance_flag
23722.12,E1,,S7,exact_emp_id,100.0,Employee ID exact match: E500,22906.92,15000.0,1800,1800.0,0.0,10,safe,809,743,review
19247.8,E2,,S8,exact_emp_id,100.0,Employee ID exact match: E500,18309.12,15000.0,1800,1800.0,0.0,10,safe,809,743,review
22990.04,E3,,S9,exact_emp_id,100.0,Employee ID exact match: E500,18836.31,15000.0,1800,1800.0,0.0,10,safe,809,743,review
34025.14,E4,,S5,exact_emp_id,100.0,Employee ID exact match: E500,31247.5,15000.0,1800,1800.0,0.0,10,safe,809,743,review
21070.61,E5,,S1,exact_emp_id,100.0,Employee ID exact match: E500,20668.62,15000.0,1800,1800.0,0.0,10,safe,809,743,review
19500.63,E6,,S5,exact_emp_id,100.0,Employee ID exact match: E500,19607.69,15000.0,1800,1800.0,0.0,10,safe,809,743,review
26383.68,E7,,S1,exact_emp_id,100.0,Employee ID exact match: E500,27581.54,15000.0,1800,1800.0,0.0,10,safe,809,743,review
24415.29,E8,,S5,exact_emp_id,100.0,Employee ID exact match: E500,21377.62,15000.0,1800,1800.0,0.0,10,safe,809,743,review
25830.62,E9,,S11,exact_emp_id,100.0,Employee ID exact match: E500,26195.08,15000.0,1800,1800.0,0.0,10,safe,809,743,review
28370.37,E10,,S2,exact_emp_id,100.0,Employee ID exact match: E500,26611.96,15000.0,1800,1800.0,0.0,10,safe,809,743,review
29249.86,E11,,S6,exact_emp_id,100.0,Employee ID exact match: E500,27486.0,15000.0,1800,1800.0,0.0,10,safe,809,743,review
31390.36,E12,,S5,exact_emp_id,100.0,Employee ID exact match: E500,30320.77,15000.0,1800,1800.0,0.0,10,safe,809,743,review
15806.35,E13,,S9,exact_emp_id,100.0,Employee ID exact match: E500,15194.31,15000.0,1800,1800.0,0.0,10,safe,809,743,review
20692.91,E14,,S2,exact_emp_id,100.0,Employee ID exact match: E500,17879.0,15000.0,1800,1800.0,0.0,10,safe,809,743,review
23924.28,E15,,S12,exact_emp_id,100.0,Employee ID exact match: E500,24208.85,15000.0,1800,1800.0,0.0,10,safe,809,743,review
20033.39,E16,,S3,exact_emp_id,100.0,Employee ID exact match: E500,19378.73,15000.0,1800,1800.0,0.0,10,safe,809,743,review
24137.9,E17,,S12,exact_emp_id,100.0,Employee ID exact match: E500,20310.23,15000.0,1800,1800.0,0.0,10,safe,809,743,review
20305.26,E18,,S7,exact_emp_id,100.0,Employee ID exact match: E500,19657.69,15000.0,1800,1800.0,0.0,10,safe,809,743,review
21975.73,E19,,S6,exact_emp_id,100.0,Employee ID exact match: E500,18486.38,15000.0,1800,1800.0,0.0,10,safe,809,743,review
25484.33,E20,,S11,exact_emp_id,100.0,Employee ID exact match: E500,24150.46,15000.0,1800,1800.0,0.0,10,safe,809,743,review
26202.4,E21,,S8,exact_emp_id,100.0,Employee ID exact match: E500,23844.23,15000.0,1800,1800.0,0.0,10,safe,809,743,review
21973.41,E22,,S12,exact_emp_id,100.0,Employee ID exact match: E500,20556.58,15000.0,1800,1800.0,0.0,10,safe,809,743,review
21392.33,E23,,S7,exact_emp_id,100.0,Employee ID exact match: E500,19658.77,15000.0,1800,1800.0,0.0,10,safe,809,743,review
29510.08,E24,,S2,exact_emp_id,100.0,Employee ID exact match: E500,28292.27,15000.0,1800,1800.0,0.0,10,safe,809,743,review
17482.9,E25,,S12,exact_emp_id,100.0,Employee ID exact match: E500,14566.08,14566.08,1748,1747.93,-0.07,10,safe,809,743,review
16339.31,E26,,S4,exact_emp_id,100.0,Employee ID exact match: E500,14055.38,14055.38,1687,1686.65,-0.35,10,safe,809,743,review
20995.89,E27,,S10,exact_emp_id,100.0,Employee ID exact match: E500,20445.23,15000.0,1800,1800.0,0.0,10,safe,809,743,review
20214.53,E28,,S1,exact_emp_id,100.0,Employee ID exact match: E500,18975.85,15000.0,1800,1800.0,0.0,10,safe,809,743,review
25713.7,E29,,S1,exact_emp_id,100.0,Employee ID exact match: E500,23373.0,15000.0,1800,1800.0,0.0,10,safe,809,743,review
18146.7,E30,,S1,exact_emp_id,100.0,Employee ID exact match: E500,17256.12,15000.0,1800,1800.0,0.0,10,safe,809,743,review
17529.04,E31,,S4,exact_emp_id,100.0,Employee ID exact match: E500,16436.31,15000.0,1800,1800.0,0.0,10,safe,809,743,review
20652.8,E32,,S11,exact_emp_id,100.0,Employee ID exact match: E500,18380.65,15000.0,1800,1800.0,0.0,10,safe,809,743,review
30307.34,E33,,S8,exact_emp_id,100.0,Employee ID exact match: E500,26960.54,15000.0,1800,1800.0,0.0,10,safe,809,743,review
17925.34,E34,,S3,exact_emp_id,100.0,Employee ID exact match: E500,15784.73,15000.0,1800,1800.0,0.0,10,safe,809,743,review
23002.88,E35,,S9,exact_emp_id,100.0,Employee ID exact match: E500,23247.23,15000.0,1800,1800.0,0.0,10,safe,809,743,review
33329.57999999999,E36,,S2,exact_emp_id,100.0,Employee ID exact match: E500,33040.38,15000.0,1800,1800.0,0.0,10,safe,809,743,review
22567.59,E37,,S11,exact_emp_id,100.0,Employee ID exact match: E500,22008.65,15000.0,1800,1800.0,0.0,10,safe,809,743,review
16192.71,E38,,S1,exact_emp_id,100.0,Employee ID exact match: E500,14264.42,14264.42,1712,1711.73,-0.27,10,safe,809,743,review
22675.61,E39,,S11,exact_emp_id,100.0,Employee ID exact match: E500,22760.31,15000.0,1800,1800.0,0.0,10,safe,809,743,review
29319.0,E40,,S10,exact_emp_id,100.0,Employee ID exact match: E500,28512.85,15000.0,1800,1800.0,0.0,10,safe,809,743,review
16970.89,E41,,S2,exact_emp_id,100.0,Employee ID exact match: E500,15348.0,15000.0,1800,1800.0,0.0,10,safe,809,743,review
24558.12,E42,,S12,exact_emp_id,100.0,Employee ID exact match: E500,21972.92,15000.0,1800,1800.0,0.0,10,safe,809,743,review
23166.15,E43,,S8,exact_emp_id,100.0,Employee ID exact match: E500,21549.77,15000.0,1800,1800.0,0.0,10,safe,809,743,review
17159.32,E44,,S1,exact_emp_id,100.0,Employee ID exact match: E500,14180.31,14180.31,1702,1701.64,-0.36,10,safe,809,743,review
23084.79,E45,,S11,exact_emp_id,100.0,Employee ID exact match: E500,19844.62,15000.0,1800,1800.0,0.0,10,safe,809,743,review
25439.16,E46,,S6,exact_emp_id,100.0,Employee ID exact match: E500,23445.0,15000.0,1800,1800.0,0.0,10,safe,809,743,review
26370.53,E47,,S11,exact_emp_id,100.0,Employee ID exact match: E500,23221.69,15000.0,1800,1800.0,0.0,10,safe,809,743,review
32168.17,E48,,S10,exact_emp_id,100.0,Employee ID exact match: E500,31988.08,15000.0,1800,1800.0,0.0,10,safe,809,743,review
24750.29,E49,,S6,exact_emp_id,100.0,Employee ID exact match: E500,25059.23,15000.0,1800,1800.0,0.0,10,safe,809,743,review
23683.4,E50,,S9,exact_emp_id,100.0,Employee ID exact match: E500,22930.38,15000.0,1800,1800.0,0.0,10,safe,809,743,review
18425.81,E51,,S10,exact_emp_id,100.0,Employee ID exact match: E500,16005.85,15000.0,1800,1800.0,0.0,10,safe,809,743,review
35137.91,E52,,S6,exact_emp_id,100.0,Employee ID exact match: E500,32339.46,15000.0,1800,1800.0,0.0,10,safe,809,743,review
23133.13,E53,,S10,exact_emp_id,100.0,Employee ID exact match: E500,21012.73,15000.0,1800,1800.0,0.0,10,safe,809,743,review
29353.62,E54,,S7,exact_emp_id,100.0,Employee ID exact match: E500,26850.0,15000.0,1800,1800.0,0.0,10,safe,809,743,review
20150.55,E55,,S12,exact_emp_id,100.0,Employee ID exact match: E500,19076.62,15000.0,1800,1800.0,0.0,10,safe,809,743,review
21815.54,E56,,S8,exact_emp_id,100.0,Employee ID exact match: E500,19005.08,15000.0,1800,1800.0,0.0,10,safe,809,743,review
19136.36,E57,,S5,exact_emp_id,100.0,Employee ID exact match: E500,19563.08,15000.0,1800,1800.0,0.0,10,safe,809,743,review
24214.68,E58,,S10,exact_emp_id,100.0,Employee ID exact match: E500,22217.31,15000.0,1800,1800.0,0.0,10,safe,809,743,review
27534.17,E59,,S9,exact_emp_id,100.0,Employee ID exact match: E500,24788.08,15000.0,1800,1800.0,0.0,10,safe,809,743,review
24100.0,E60,,S10,exact_emp_id,100.0,Employee ID exact match: E500,22836.27,15000.0,1800,1800.0,0.0,10,safe,809,743,review
30285.83,E61,,S8,exact_emp_id,100.0,Employee ID exact match: E500,27120.23,15000.0,1800,1800.0,0.0,10,safe,809,743,review
32983.44,E62,,S6,exact_emp_id,100.0,Employee ID exact match: E500,29469.46,15000.0,1800,1800.0,0.0,10,safe,809,743,review
26801.64,E63,,S11,exact_emp_id,100.0,Employee ID exact match: E500,25616.77,15000.0,1800,1800.0,0.0,10,safe,809,743,review
22861.72,E64,,S9,exact_emp_id,100.0,Employee ID exact match: E500,19720.62,15000.0,1800,1800.0,0.0,10,safe,809,743,review
20880.25,E65,,S10,exact_emp_id,100.0,Employee ID exact match: E500,17524.69,15000.0,1800,1800.0,0.0,10,safe,809,743,review
23838.02,E66,,S7,exact_emp_id,100.0,Employee ID exact match: E500,20043.35,15000.0,1800,1800.0,0.0,10,safe,809,743,review
23529.41,E67,,S4,exact_emp_id,100.0,Employee ID exact match: E500,23231.65,15000.0,1800,1800.0,0.0,10,safe,809,743,review
20337.86,E68,,S10,exact_emp_id,100.0,Employee ID exact match: E500,19843.69,15000.0,1800,1800.0,0.0,10,safe,809,743,review
18400.2,E69,,S7,exact_emp_id,100.0,Employee ID exact match: E500,18593.65,15000.0,1800,1800.0,0.0,10,safe,809,743,review
33329.11,E70,,S2,exact_emp_id,100.0,Employee ID exact match: E500,32862.58,15000.0,1800,1800.0,0.0,10,safe,809,743,review
26255.47,E71,,S12,exact_emp_id,100.0,Employee ID exact match: E500,24131.46,15000.0,1800,1800.0,0.0,10,safe,809,743,review
19515.52,E72,,S12,exact_emp_id,100.0,Employee ID exact match: E500,20350.15,15000.0,1800,1800.0,0.0,10,safe,809,743,review
24708.36,E73,,S3,exact_emp_id,100.0,Employee ID exact match: E500,23531.85,15000.0,1800,1800.0,0.0,10,safe,809,743,review
37294.92000000001,E74,,S3,exact_emp_id,100.0,Employee ID exact match: E500,33774.23,15000.0,1800,1800.0,0.0,10,safe,809,743,review
23987.62,E75,,S7,exact_emp_id,100.0,Employee ID exact match: E500,20567.88,15000.0,1800,1800.0,0.0,10,safe,809,743,review
22212.25,E76,,S10,exact_emp_id,100.0,Employee ID exact match: E500,22402.27,15000.0,1800,1800.0,0.0,10,safe,809,743,review
21350.42,E77,,S10,exact_emp_id,100.0,Employee ID exact match: E500,21057.35,15000.0,1800,1800.0,0.0,10,safe,809,743,review
20870.34,E78,,S1,exact_emp_id,100.0,Employee ID exact match: E500,20519.23,15000.0,1800,1800.0,0.0,10,safe,809,743,review
30213.59,E79,,S8,exact_emp_id,100.0,Employee ID exact match: E500,27604.62,15000.0,1800,1800.0,0.0,10,safe,809,743,review
14019.4,E80,,S11,exact_emp_id,100.0,Employee ID exact match: E500,12298.46,12298.46,1476,1475.82,-0.18,10,safe,809,743,review
33347.42999999999,E81,,S4,exact_emp_id,100.0,Employee ID exact match: E500,32292.62,15000.0,1800,1800.0,0.0,10,safe,809,743,review
28728.12,E82,,S2,exact_emp_id,100.0,Employee ID exact match: E500,27389.54,15000.0,1800,1800.0,0.0,10,safe,809,743,review
31871.54,E83,,S10,exact_emp_id,100.0,Employee ID exact match: E500,31528.0,15000.0,1800,1800.0,0.0,10,safe,809,743,review
24785.71,E84,,S1,exact_emp_id,100.0,Employee ID exact match: E500,24418.85,15000.0,1800,1800.0,0.0,10,safe,809,743,review
24291.02,E85,,S8,exact_emp_id,100.0,Employee ID exact match: E500,23331.0,15000.0,1800,1800.0,0.0,10,safe,809,743,review
22421.89,E86,,S4,exact_emp_id,100.0,Employee ID exact match: E500,22136.92,15000.0,1800,1800.0,0.0,10,safe,809,743,review
35061.43000000001,E87,,S9,exact_emp_id,100.0,Employee ID exact match: E500,31578.27,15000.0,1800,1800.0,0.0,10,safe,809,743,review
13143.16,E88,,S7,exact_emp_id,100.0,Employee ID exact match: E500,12352.04,12352.04,1482,1482.24,0.24,10,safe,809,743,review
30156.08,E89,,S10,exact_emp_id,100.0,Employee ID exact match: E500,29753.23,15000.0,1800,1800.0,0.0,10,safe,809,743,review
33900.29,E90,,S8,exact_emp_id,100.0,Employee ID exact match: E500,31305.08,15000.0,1800,1800.0,0.0,10,safe,809,743,review
25635.72,E91,,S6,exact_emp_id,100.0,Employee ID exact match: E500,23601.73,15000.0,1800,1800.0,0.0,10,safe,809,743,review
34153.99,E92,,S2,exact_emp_id,100.0,Employee ID exact match: E500,30135.0,15000.0,1800,1800.0,0.0,10,safe,809,743,review
21220.05,E93,,S9,exact_emp_id,100.0,Employee ID exact match: E500,19388.46,15000.0,1800,1800.0,0.0,10,safe,809,743,review
22970.99,E94,,S12,exact_emp_id,100.0,Employee ID exact match: E500,18908.81,15000.0,1800,1800.0,0.0,10,safe,809,743,review
32684.76,E95,,S9,exact_emp_id,100.0,Employee ID exact match: E500,31007.31,15000.0,1800,1800.0,0.0,10,safe,809,743,review
28570.98,E96,,S5,exact_emp_id,100.0,Employee ID exact match: E500,24894.69,15000.0,1800,1800.0,0.0,10,safe,809,743,review
23821.71,E97,,S8,exact_emp_id,100.0,Employee ID exact match: E500,20306.0,15000.0,1800,1800.0,0.0,10,safe,809,743,review
32196.95,E98,,S2,exact_emp_id,100.0,Employee ID exact match: E500,29062.92,15000.0,1800,1800.0,0.0,10,safe,809,743,review
19477.89,E99,,S11,exact_emp_id,100.0,Employee ID exact match: E500,17736.92,15000.0,1800,1800.0,0.0,10,safe,809,743,review
18927.76,E100,,S1,exact_emp_id,100.0,Employee ID exact match: E500,16468.27,15000.0,1800,1800.0,0.0,10,safe,809,743,review
28175.28,E101,,S8,exact_emp_id,100.0,Employee ID exact match: E500,27173.08,15000.0,1800,1800.0,0.0,10,safe,809,743,review
21188.56,E102,,S1,exact_emp_id,100.0,Employee ID exact match: E500,19345.65,15000.0,1800,1800.0,0.0,10,safe,809,743,review
26746.92,E103,,S10,exact_emp_id,100.0,Employee ID exact match: E500,24123.85,15000.0,1800,1800.0,0.0,10,safe,809,743,review
21325.9,E104,,S9,exact_emp_id,100.0,Employee ID exact match: E500,19023.58,15000.0,1800,1800.0,0.0,10,safe,809,743,review
33079.52,E105,,S5,exact_emp_id,100.0,Employee ID exact match: E500,30166.77,15000.0,1800,1800.0,0.0,10,safe,809,743,review
30574.21,E106,,S12,exact_emp_id,100.0,Employee ID exact match: E500,28818.35,15000.0,1800,1800.0,0.0,10,safe,809,743,review
13378.26,E107,,S1,exact_emp_id,100.0,Employee ID exact match: E500,13330.96,13330.96,1600,1599.72,-0.28,10,safe,809,743,review
30188.5,E108,,S5,exact_emp_id,100.0,Employee ID exact match: E500,29050.38,15000.0,1800,1800.0,0.0,10,safe,809,743,review
24828.94,E109,,S10,exact_emp_id,100.0,Employee ID exact match: E500,24419.08,15000.0,1800,1800.0,0.0,10,safe,809,743,review
32974.56,E110,,S5,exact_emp_id,100.0,Employee ID exact match: E500,30726.0,15000.0,1800,1800.0,0.0,10,safe,809,743,review
15200.04,E111,,S3,exact_emp_id,100.0,Employee ID exact match: E500,14784.0,14784.0,1774,1774.08,0.08,10,safe,809,743,review
17905.47,E112,,S12,exact_emp_id,100.0,Employee ID exact match: E500,18470.0,15000.0,1800,1800.0,0.0,10,safe,809,743,review
16184.56,E113,,S9,exact_emp_id,100.0,Employee ID exact match: E500,12997.77,12997.77,1560,1559.73,-0.27,10,safe,809,743,review
16231.11,E114,,S8,exact_emp_id,100.0,Employee ID exact match: E500,15780.46,15000.0,1800,1800.0,0.0,10,safe,809,743,review
22806.47,E115,,S5,exact_emp_id,100.0,Employee ID exact match: E500,19804.0,15000.0,1800,1800.0,0.0,10,safe,809,743,review
19729.96,E116,,S12,exact_emp_id,100.0,Employee ID exact match: E500,19083.08,15000.0,1800,1800.0,0.0,10,safe,809,743,review
27923.38,E117,,S1,exact_emp_id,100.0,Employee ID exact match: E500,25550.0,15000.0,1800,1800.0,0.0,10,safe,809,743,review
31375.44,E118,,S3,exact_emp_id,100.0,Employee ID exact match: E500,27957.12,15000.0,1800,1800.0,0.0,10,safe,809,743,review
32700.14999999999,E119,,S5,exact_emp_id,100.0,Employee ID exact match: E500,29463.12,15000.0,1800,1800.0,0.0,10,safe,809,743,review
14716.74,E120,,S1,exact_emp_id,100.0,Employee ID exact match: E500,13977.92,13977.92,1677,1677.35,0.35,10,safe,809,743,review
21509.58,E121,,S9,exact_emp_id,100.0,Employee ID exact match: E500,20547.69,15000.0,1800,1800.0,0.0,10,safe,809,743,review
26042.15,E122,,S5,exact_emp_id,100.0,Employee ID exact match: E500,25154.81,15000.0,1800,1800.0,0.0,10,safe,809,743,review
23016.01,E123,,S4,exact_emp_id,100.0,Employee ID exact match: E500,19937.54,15000.0,1800,1800.0,0.0,10,safe,809,743,review
17965.3,E124,,S10,exact_emp_id,100.0,Employee ID exact match: E500,15509.62,15000.0,1800,1800.0,0.0,10,safe,809,743,review
25327.07,E125,,S11,exact_emp_id,100.0,Employee ID exact match: E500,23446.92,15000.0,1800,1800.0,0.0,10,safe,809,743,review
22586.1,E126,,S8,exact_emp_id,100.0,Employee ID exact match: E500,22406.15,15000.0,1800,1800.0,0.0,10,safe,809,743,review
23918.57,E127,,S11,exact_emp_id,100.0,Employee ID exact match: E500,22318.96,15000.0,1800,1800.0,0.0,10,safe,809,743,review
20936.23,E128,,S9,exact_emp_id,100.0,Employee ID exact match: E500,20122.15,15000.0,1800,1800.0,0.0,10,safe,809,743,review
16222.06,E129,,S6,exact_emp_id,100.0,Employee ID exact match: E500,14324.42,14324.42,1719,1718.93,-0.07,10,safe,809,743,review
28274.12,E130,,S12,exact_emp_id,100.0,Employee ID exact match: E500,29794.58,15000.0,1800,1800.0,0.0,10,safe,809,743,review
20723.57,E131,,S6,exact_emp_id,100.0,Employee ID exact match: E500,19903.85,15000.0,1800,1800.0,0.0,10,safe,809,743,review
28572.38,E132,,S3,exact_emp_id,100.0,Employee ID exact match: E500,25550.0,15000.0,1800,1800.0,0.0,10,safe,809,743,review
35978.45,E133,,S5,exact_emp_id,100.0,Employee ID exact match: E500,33468.46,15000.0,1800,1800.0,0.0,10,safe,809,743,review
21157.71,E134,,S10,exact_emp_id,100.0,Employee ID exact match: E500,19521.12,15000.0,1800,1800.0,0.0,10,safe,809,743,review
20656.52,E135,,S3,exact_emp_id,100.0,Employee ID exact match: E500,18541.58,15000.0,1800,1800.0,0.0,10,safe,809,743,review
22385.15,E136,,S7,exact_emp_id,100.0,Employee ID exact match: E500,21180.0,15000.0,1800,1800.0,0.0,10,safe,809,743,review
28672.78,E137,,S11,exact_emp_id,100.0,Employee ID exact match: E500,26563.0,15000.0,1800,1800.0,0.0,10,safe,809,743,review
18378.79,E138,,S5,exact_emp_id,100.0,Employee ID exact match: E500,17463.77,15000.0,1800,1800.0,0.0,10,safe,809,743,review
20036.53,E139,,S7,exact_emp_id,100.0,Employee ID exact match: E500,18051.92,15000.0,1800,1800.0,0.0,10,safe,809,743,review
27819.2,E140,,S4,exact_emp_id,100.0,Employee ID exact match: E500,25265.69,15000.0,1800,1800.0,0.0,10,safe,809,743,review
17590.75,E141,,S7,exact_emp_id,100.0,Employee ID exact match: E500,16377.58,15000.0,1800,1800.0,0.0,10,safe,809,743,review
20806.93,E142,,S10,exact_emp_id,100.0,Employee ID exact match: E500,20270.96,15000.0,1800,1800.0,0.0,10,safe,809,743,review
23787.4,E143,,S11,exact_emp_id,100.0,Employee ID exact match: E500,24080.0,15000.0,1800,1800.0,0.0,10,safe,809,743,review
18770.6,E144,,S3,exact_emp_id,100.0,Employee ID exact match: E500,18392.54,15000.0,1800,1800.0,0.0,10,safe,809,743,review
24630.85,E145,,S1,exact_emp_id,100.0,Employee ID exact match: E500,23942.42,15000.0,1800,1800.0,0.0,10,safe,809,743,review
16240.47,E146,,S8,exact_emp_id,100.0,Employee ID exact match: E500,13634.92,13634.92,1636,1636.19,0.19,10,safe,809,743,review
32953.83,E147,,S5,exact_emp_id,100.0,Employee ID exact match: E500,30976.15,15000.0,1800,1800.0,0.0,10,safe,809,743,review
24046.1,E148,,S11,exact_emp_id,100.0,Employee ID exact match: E500,24247.96,15000.0,1800,1800.0,0.0,10,safe,809,743,review
24704.93,E149,,S12,exact_emp_id,100.0,Employee ID exact match: E500,20296.15,15000.0,1800,1800.0,0.0,10,safe,809,743,review
30699.71,E150,,S2,exact_emp_id,100.0,Employee ID exact match: E500,31340.77,15000.0,1800,1800.0,0.0,10,safe,809,743,review
18302.5,E151,,S6,exact_emp_id,100.0,Employee ID exact match: E500,16010.58,15000.0,1800,1800.0,0.0,10,safe,809,743,review
29748.36,E152,,S1,exact_emp_id,100.0,Employee ID exact match: E500,29602.38,15000.0,1800,1800.0,0.0,10,safe,809,743,review
16736.14,E153,,S12,exact_emp_id,100.0,Employee ID exact match: E500,13137.12,13137.12,1576,1576.45,0.45,10,safe,809,743,review
20472.68,E154,,S9,exact_emp_id,100.0,Employee ID exact match: E500,18053.08,15000.0,1800,1800.0,0.0,10,safe,809,743,review
25559.01,E155,,S8,exact_emp_id,100.0,Employee ID exact match: E500,25076.08,15000.0,1800,1800.0,0.0,10,safe,809,743,review
30192.21,E156,,S10,exact_emp_id,100.0,Employee ID exact match: E500,26463.69,15000.0,1800,1800.0,0.0,10,safe,809,743,review
27869.12,E157,,S1,exact_emp_id,100.0,Employee ID exact match: E500,26517.0,15000.0,1800,1800.0,0.0,10,safe,809,743,review
28872.7,E158,,S1,exact_emp_id,100.0,Employee ID exact match: E500,25943.27,15000.0,1800,1800.0,0.0,10,safe,809,743,review
28125.54,E159,,S4,exact_emp_id,100.0,Employee ID exact match: E500,26819.69,15000.0,1800,1800.0,0.0,10,safe,809,743,review
26703.35,E160,,S11,exact_emp_id,100.0,Employee ID exact match: E500,23778.69,15000.0,1800,1800.0,0.0,10,safe,809,743,review
31898.43,E161,,S10,exact_emp_id,100.0,Employee ID exact match: E500,29562.15,15000.0,1800,1800.0,0.0,10,safe,809,743,review
23313.98,E162,,S5,exact_emp_id,100.0,Employee ID exact match: E500,21730.96,15000.0,1800,1800.0,0.0,10,safe,809,743,review
27640.31,E163,,S7,exact_emp_id,100.0,Employee ID exact match: E500,24800.31,15000.0,1800,1800.0,0.0,10,safe,809,743,review
18722.73,E164,,S12,exact_emp_id,100.0,Employee ID exact match: E500,16549.85,15000.0,1800,1800.0,0.0,10,safe,809,743,review
23426.05,E165,,S10,exact_emp_id,100.0,Employee ID exact match: E500,21951.69,15000.0,1800,1800.0,0.0,10,safe,809,743,review
20152.67,E166,,S4,exact_emp_id,100.0,Employee ID exact match: E500,19227.88,15000.0,1800,1800.0,0.0,10,safe,809,743,review
19689.24,E167,,S10,exact_emp_id,100.0,Employee ID exact match: E500,18768.0,15000.0,1800,1800.0,0.0,10,safe,809,743,review
18914.37,E168,,S9,exact_emp_id,100.0,Employee ID exact match: E500,17083.5,15000.0,1800,1800.0,0.0,10,safe,809,743,review
18629.11,E169,,S2,exact_emp_id,100.0,Employee ID exact match: E500,16954.27,15000.0,1800,1800.0,0.0,10,safe,809,743,review
19532.81,E170,,S8,exact_emp_id,100.0,Employee ID exact match: E500,16825.0,15000.0,1800,1800.0,0.0,10,safe,809,743,review
21423.63,E171,,S8,exact_emp_id,100.0,Employee ID exact match: E500,22685.77,15000.0,1800,1800.0,0.0,10,safe,809,743,review
24644.12,E172,,S8,exact_emp_id,100.0,Employee ID exact match: E500,24671.15,15000.0,1800,1800.0,0.0,10,safe,809,743,review
27478.06,E173,,S10,exact_emp_id,100.0,Employee ID exact match: E500,23114.42,15000.0,1800,1800.0,0.0,10,safe,809,743,review
22023.54,E174,,S8,exact_emp_id,100.0,Employee ID exact match: E500,18840.85,15000.0,1800,1800.0,0.0,10,safe,809,743,review
17430.56,E175,,S7,exact_emp_id,100.0,Employee ID exact match: E500,16726.0,15000.0,1800,1800.0,0.0,10,safe,809,743,review
28240.72,E176,,S9,exact_emp_id,100.0,Employee ID exact match: E500,27457.65,15000.0,1800,1800.0,0.0,10,safe,809,743,review
27545.81,E177,,S2,exact_emp_id,100.0,Employee ID exact match: E500,27503.08,15000.0,1800,1800.0,0.0,10,safe,809,743,review
22132.57,E178,,S7,exact_emp_id,100.0,Employee ID exact match: E500,21077.65,15000.0,1800,1800.0,0.0,10,safe,809,743,review
21316.1,E179,,S7,exact_emp_id,100.0,Employee ID exact match: E500,18684.23,15000.0,1800,1800.0,0.0,10,safe,809,743,review
20416.23,E180,,S9,exact_emp_id,100.0,Employee ID exact match: E500,19836.0,15000.0,1800,1800.0,0.0,10,safe,809,743,review
17859.05,E181,,S12,exact_emp_id,100.0,Employee ID exact match: E500,18373.85,15000.0,1800,1800.0,0.0,10,safe,809,743,review
29972.6,E182,,S3,exact_emp_id,100.0,Employee ID exact match: E500,29576.42,15000.0,1800,1800.0,0.0,10,safe,809,743,review
33827.54,E183,,S9,exact_emp_id,100.0,Employee ID exact match: E500,34322.96,15000.0,1800,1800.0,0.0,10,safe,809,743,review
30046.11,E184,,S12,exact_emp_id,100.0,Employee ID exact match: E500,30288.27,15000.0,1800,1800.0,0.0,10,safe,809,743,review
26076.55,E185,,S8,exact_emp_id,100.0,Employee ID exact match: E500,24193.0,15000.0,1800,1800.0,0.0,10,safe,809,743,review
21749.05,E186,,S2,exact_emp_id,100.0,Employee ID exact match: E500,19654.46,15000.0,1800,1800.0,0.0,10,safe,809,743,review
19591.4,E187,,S11,exact_emp_id,100.0,Employee ID exact match: E500,16971.69,15000.0,1800,1800.0,0.0,10,safe,809,743,review
18633.09,E188,,S3,exact_emp_id,100.0,Employee ID exact match: E500,16819.23,15000.0,1800,1800.0,0.0,10,safe,809,743,review
25616.44,E189,,S9,exact_emp_id,100.0,Employee ID exact match: E500,26208.0,15000.0,1800,1800.0,0.0,10,safe,809,743,review
25170.11,E190,,S3,exact_emp_id,100.0,Employee ID exact match: E500,24554.27,15000.0,1800,1800.0,0.0,10,safe,809,743,review
21738.3,E191,,S8,exact_emp_id,100.0,Employee ID exact match: E500,20646.15,15000.0,1800,1800.0,0.0,10,safe,809,743,review
30649.89,E192,,S5,exact_emp_id,100.0,Employee ID exact match: E500,27107.19,15000.0,1800,1800.0,0.0,10,safe,809,743,review
35160.65,E193,,S5,exact_emp_id,100.0,Employee ID exact match: E500,33139.19,15000.0,1800,1800.0,0.0,10,safe,809,743,review
23204.73,E194,,S2,exact_emp_id,100.0,Employee ID exact match: E500,19820.38,15000.0,1800,1800.0,0.0,10,safe,809,743,review
22123.87,E195,,S2,exact_emp_id,100.0,Employee ID exact match: E500,22315.23,15000.0,1800,1800.0,0.0,10,safe,809,743,review
23351.79,E196,,S9,exact_emp_id,100.0,Employee ID exact match: E500,21833.54,15000.0,1800,1800.0,0.0,10,safe,809,743,review
24768.64,E197,,S4,exact_emp_id,100.0,Employee ID exact match: E500,24725.08,15000.0,1800,1800.0,0.0,10,safe,809,743,review
18617.51,E198,,S7,exact_emp_id,100.0,Employee ID exact match: E500,18028.73,15000.0,1800,1800.0,0.0,10,safe,809,743,review
28863.83,E199,,S2,exact_emp_id,100.0,Employee ID exact match: E500,27909.15,15000.0,1800,1800.0,0.0,10,safe,809,743,review
24449.16,E200,,S7,exact_emp_id,100.0,Employee ID exact match: E500,22809.23,15000.0,1800,1800.0,0.0,10,safe,809,743,review
23505.91,E201,,S1,exact_emp_id,100.0,Employee ID exact match: E500,20073.46,15000.0,1800,1800.0,0.0,10,safe,809,743,review
25160.97,E202,,S9,exact_emp_id,100.0,Employee ID exact match: E500,21162.69,15000.0,1800,1800.0,0.0,10,safe,809,743,review
21663.3,E203,,S1,exact_emp_id,100.0,Employee ID exact match: E500,20304.58,15000.0,1800,1800.0,0.0,10,safe,809,743,review
22382.92,E204,,S11,exact_emp_id,100.0,Employee ID exact match: E500,21800.42,15000.0,1800,1800.0,0.0,10,safe,809,743,review
26109.47,E205,,S6,exact_emp_id,100.0,Employee ID exact match: E500,25004.0,15000.0,1800,1800.0,0.0,10,safe,809,743,review
18722.41,E206,,S2,exact_emp_id,100.0,Employee ID exact match: E500,17258.85,15000.0,1800,1800.0,0.0,10,safe,809,743,review
21850.94,E207,,S8,exact_emp_id,100.0,Employee ID exact match: E500,19596.92,15000.0,1800,1800.0,0.0,10,safe,809,743,review
27442.74,E208,,S10,exact_emp_id,100.0,Employee ID exact match: E500,28342.31,15000.0,1800,1800.0,0.0,10,safe,809,743,review
31490.27,E209,,S2,exact_emp_id,100.0,Employee ID exact match: E500,28897.0,15000.0,1800,1800.0,0.0,10,safe,809,743,review
19570.73,E210,,S4,exact_emp_id,100.0,Employee ID exact match: E500,17308.54,15000.0,1800,1800.0,0.0,10,safe,809,743,review
25793.79,E211,,S10,exact_emp_id,100.0,Employee ID exact match: E500,21202.81,15000.0,1800,1800.0,0.0,10,safe,809,743,review
32112.39,E212,,S3,exact_emp_id,100.0,Employee ID exact match: E500,30075.96,15000.0,1800,1800.0,0.0,10,safe,809,743,review
25386.98,E213,,S11,exact_emp_id,100.0,Employee ID exact match: E500,24172.27,15000.0,1800,1800.0,0.0,10,safe,809,743,review
15630.07,E214,,S10,exact_emp_id,100.0,Employee ID exact match: E500,14565.12,14565.12,1748,1747.81,-0.19,10,safe,809,743,review
28125.7,E215,,S2,exact_emp_id,100.0,Employee ID exact match: E500,26917.58,15000.0,1800,1800.0,0.0,10,safe,809,743,review
26123.86,E216,,S11,exact_emp_id,100.0,Employee ID exact match: E500,22562.08,15000.0,1800,1800.0,0.0,10,safe,809,743,review
21579.12,E217,,S8,exact_emp_id,100.0,Employee ID exact match: E500,18942.19,15000.0,1800,1800.0,0.0,10,safe,809,743,review
17307.88,E218,,S5,exact_emp_id,100.0,Employee ID exact match: E500,17435.65,15000.0,1800,1800.0,0.0,10,safe,809,743,review
30084.32,E219,,S4,exact_emp_id,100.0,Employee ID exact match: E500,28690.5,15000.0,1800,1800.0,0.0,10,safe,809,743,review
20735.05,E220,,S3,exact_emp_id,100.0,Employee ID exact match: E500,17346.15,15000.0,1800,1800.0,0.0,10,safe,809,743,review
15642.01,E221,,S10,exact_emp_id,100.0,Employee ID exact match: E500,14916.92,14916.92,1790,1790.03,0.03,10,safe,809,743,review
21551.36,E222,,S4,exact_emp_id,100.0,Employee ID exact match: E500,21563.08,15000.0,1800,1800.0,0.0,10,safe,809,743,review
19895.03,E223,,S10,exact_emp_id,100.0,Employee ID exact match: E500,17801.54,15000.0,1800,1800.0,0.0,10,safe,809,743,review
32292.79,E224,,S3,exact_emp_id,100.0,Employee ID exact match: E500,27483.92,15000.0,1800,1800.0,0.0,10,safe,809,743,review
17051.5,E225,,S7,exact_emp_id,100.0,Employee ID exact match: E500,15328.46,15000.0,1800,1800.0,0.0,10,safe,809,743,review
14428.0,E226,,S10,exact_emp_id,100.0,Employee ID exact match: E500,14170.77,14170.77,1700,1700.49,0.49,10,safe,809,743,review
26071.21,E227,,S8,exact_emp_id,100.0,Employee ID exact match: E500,23889.38,15000.0,1800,1800.0,0.0,10,safe,809,743,review
21682.65,E228,,S3,exact_emp_id,100.0,Employee ID exact match: E500,20548.77,15000.0,1800,1800.0,0.0,10,safe,809,743,review
14606.49,E229,,S8,exact_emp_id,100.0,Employee ID exact match: E500,14164.46,14164.46,1700,1699.74,-0.26,10,safe,809,743,review
19862.05,E230,,S5,exact_emp_id,100.0,Employee ID exact match: E500,19388.46,15000.0,1800,1800.0,0.0,10,safe,809,743,review
20008.38,E231,,S6,exact_emp_id,100.0,Employee ID exact match: E500,19702.15,15000.0,1800,1800.0,0.0,10,safe,809,743,review
20765.12,E232,,S9,exact_emp_id,100.0,Employee ID exact match: E500,19989.04,15000.0,1800,1800.0,0.0,10,safe,809,743,review
16032.69,E233,,S4,exact_emp_id,100.0,Employee ID exact match: E500,13524.0,13524.0,1623,1622.88,-0.12,10,safe,809,743,review
25177.25,E234,,S5,exact_emp_id,100.0,Employee ID exact match: E500,21222.42,15000.0,1800,1800.0,0.0,10,safe,809,743,review
21328.69,E235,,S7,exact_emp_id,100.0,Employee ID exact match: E500,20980.04,15000.0,1800,1800.0,0.0,10,safe,809,743,review
23801.37,E236,,S9,exact_emp_id,100.0,Employee ID exact match: E500,23406.92,15000.0,1800,1800.0,0.0,10,safe,809,743,review
20046.59,E237,,S11,exact_emp_id,100.0,Employee ID exact match: E500,19947.19,15000.0,1800,1800.0,0.0,10,safe,809,743,review
17095.46,E238,,S4,exact_emp_id,100.0,Employee ID exact match: E500,16883.08,15000.0,1800,1800.0,0.0,10,safe,809,743,review
22285.75,E239,,S5,exact_emp_id,100.0,Employee ID exact match: E500,19222.92,15000.0,1800,1800.0,0.0,10,safe,809,743,review
20045.31,E240,,S7,exact_emp_id,100.0,Employee ID exact match: E500,20645.15,15000.0,1800,1800.0,0.0,10,safe,809,743,review
22976.75,E241,,S3,exact_emp_id,100.0,Employee ID exact match: E500,21613.85,15000.0,1800,1800.0,0.0,10,safe,809,743,review
22102.05,E242,,S2,exact_emp_id,100.0,Employee ID exact match: E500,20187.46,15000.0,1800,1800.0,0.0,10,safe,809,743,review
27874.4,E243,,S2,exact_emp_id,100.0,Employee ID exact match: E500,28602.92,15000.0,1800,1800.0,0.0,10,safe,809,743,review
24541.6,E244,,S10,exact_emp_id,100.0,Employee ID exact match: E500,22688.77,15000.0,1800,1800.0,0.0,10,safe,809,743,review
30119.07,E245,,S9,exact_emp_id,100.0,Employee ID exact match: E500,27312.92,15000.0,1800,1800.0,0.0,10,safe,809,743,review
24160.92,E246,,S7,exact_emp_id,100.0,Employee ID exact match: E500,21041.73,15000.0,1800,1800.0,0.0,10,safe,809,743,review
26178.6,E247,,S12,exact_emp_id,100.0,Employee ID exact match: E500,23531.08,15000.0,1800,1800.0,0.0,10,safe,809,743,review
16027.4,E248,,S7,exact_emp_id,100.0,Employee ID exact match: E500,16193.85,15000.0,1800,1800.0,0.0,10,safe,809,743,review
15642.43,E249,,S11,exact_emp_id,100.0,Employee ID exact match: E500,15337.46,15000.0,1800,1800.0,0.0,10,safe,809,743,review
12616.89,E250,,S9,exact_emp_id,100.0,Employee ID exact match: E500,12723.08,12723.08,1527,1526.77,-0.23,10,safe,809,743,review
23321.74,E251,,S2,exact_emp_id,100.0,Employee ID exact match: E500,21998.73,15000.0,1800,1800.0,0.0,10,safe,809,743,review
14860.11,E252,,S9,exact_emp_id,100.0,Employee ID exact match: E500,15719.0,15000.0,1800,1800.0,0.0,10,safe,809,743,review
28159.26,E253,,S9,exact_emp_id,100.0,Employee ID exact match: E500,25615.38,15000.0,1800,1800.0,0.0,10,safe,809,743,review
18086.88,E254,,S8,exact_emp_id,100.0,Employee ID exact match: E500,18447.23,15000.0,1800,1800.0,0.0,10,safe,809,743,review
21345.12,E255,,S5,exact_emp_id,100.0,Employee ID exact match: E500,21378.46,15000.0,1800,1800.0,0.0,10,safe,809,743,review
17047.22,E256,,S6,exact_emp_id,100.0,Employee ID exact match: E500,15426.92,15000.0,1800,1800.0,0.0,10,safe,809,743,review
14492.78,E257,,S8,exact_emp_id,100.0,Employee ID exact match: E500,13791.15,13791.15,1655,1654.94,-0.06,10,safe,809,743,review
20323.25,E258,,S4,exact_emp_id,100.0,Employee ID exact match: E500,17110.58,15000.0,1800,1800.0,0.0,10,safe,809,743,review
21855.21,E259,,S8,exact_emp_id,100.0,Employee ID exact match: E500,19033.96,15000.0,1800,1800.0,0.0,10,safe,809,743,review
26383.09,E260,,S9,exact_emp_id,100.0,Employee ID exact match: E500,25429.81,15000.0,1800,1800.0,0.0,10,safe,809,743,review
25272.09,E261,,S3,exact_emp_id,100.0,Employee ID exact match: E500,21772.38,15000.0,1800,1800.0,0.0,10,safe,809,743,review
15209.76,E262,,S3,exact_emp_id,100.0,Employee ID exact match: E500,13216.92,13216.92,1586,1586.03,0.03,10,safe,809,743,review
19476.55,E263,,S1,exact_emp_id,100.0,Employee ID exact match: E500,16670.58,15000.0,1800,1800.0,0.0,10,safe,809,743,review
35369.43,E264,,S3,exact_emp_id,100.0,Employee ID exact match: E500,34588.85,15000.0,1800,1800.0,0.0,10,safe,809,743,review
16729.0,E265,,S8,exact_emp_id,100.0,Employee ID exact match: E500,15200.0,15000.0,1800,1800.0,0.0,10,safe,809,743,review
22351.65,E266,,S10,exact_emp_id,100.0,Employee ID exact match: E500,20866.15,15000.0,1800,1800.0,0.0,10,safe,809,743,review
16050.21,E267,,S11,exact_emp_id,100.0,Employee ID exact match: E500,11695.38,11695.38,1403,1403.45,0.45,10,safe,809,743,review
22712.41,E268,,S10,exact_emp_id,100.0,Employee ID exact match: E500,21961.12,15000.0,1800,1800.0,0.0,10,safe,809,743,review
29473.26,E269,,S10,exact_emp_id,100.0,Employee ID exact match: E500,26145.35,15000.0,1800,1800.0,0.0,10,safe,809,743,review
15306.93,E270,,S5,exact_emp_id,100.0,Employee ID exact match: E500,15819.58,15000.0,1800,1800.0,0.0,10,safe,809,743,review
31370.52,E271,,S5,exact_emp_id,100.0,Employee ID exact match: E500,28919.42,15000.0,1800,1800.0,0.0,10,safe,809,743,review
27926.82,E272,,S3,exact_emp_id,100.0,Employee ID exact match: E500,26732.31,15000.0,1800,1800.0,0.0,10,safe,809,743,review
31525.39,E273,,S8,exact_emp_id,100.0,Employee ID exact match: E500,31364.62,15000.0,1800,1800.0,0.0,10,safe,809,743,review
19149.07,E274,,S5,exact_emp_id,100.0,Employee ID exact match: E500,16391.0,15000.0,1800,1800.0,0.0,10,safe,809,743,review
22380.89,E275,,S12,exact_emp_id,100.0,Employee ID exact match: E500,19922.31,15000.0,1800,1800.0,0.0,10,safe,809,743,review
22590.58,E276,,S6,exact_emp_id,100.0,Employee ID exact match: E500,20661.54,15000.0,1800,1800.0,0.0,10,safe,809,743,review
24543.51,E277,,S1,exact_emp_id,100.0,Employee ID exact match: E500,21029.23,15000.0,1800,1800.0,0.0,10,safe,809,743,review
30784.34999999999,E278,,S7,exact_emp_id,100.0,Employee ID exact match: E500,27984.23,15000.0,1800,1800.0,0.0,10,safe,809,743,review
27506.48,E279,,S10,exact_emp_id,100.0,Employee ID exact match: E500,24941.54,15000.0,1800,1800.0,0.0,10,safe,809,743,review
22159.94,E280,,S8,exact_emp_id,100.0,Employee ID exact match: E500,23294.65,15000.0,1800,1800.0,0.0,10,safe,809,743,review
28453.28,E281,,S3,exact_emp_id,100.0,Employee ID exact match: E500,28004.31,15000.0,1800,1800.0,0.0,10,safe,809,743,review
29842.09,E282,,S9,exact_emp_id,100.0,Employee ID exact match: E500,27279.69,15000.0,1800,1800.0,0.0,10,safe,809,743,review
30324.11,E283,,S4,exact_emp_id,100.0,Employee ID exact match: E500,28641.92,15000.0,1800,1800.0,0.0,10,safe,809,743,review
27522.35,E284,,S7,exact_emp_id,100.0,Employee ID exact match: E500,25369.62,15000.0,1800,1800.0,0.0,10,safe,809,743,review
21408.19,E285,,S10,exact_emp_id,100.0,Employee ID exact match: E500,20647.04,15000.0,1800,1800.0,0.0,10,safe,809,743,review
23590.83,E286,,S3,exact_emp_id,100.0,Employee ID exact match: E500,23633.08,15000.0,1800,1800.0,0.0,10,safe,809,743,review
26064.37,E287,,S2,exact_emp_id,100.0,Employee ID exact match: E500,23006.92,15000.0,1800,1800.0,0.0,10,safe,809,743,review
24569.15,E288,,S7,exact_emp_id,100.0,Employee ID exact match: E500,22902.92,15000.0,1800,1800.0,0.0,10,safe,809,743,review
22249.8,E289,,S2,exact_emp_id,100.0,Employee ID exact match: E500,20509.62,15000.0,1800,1800.0,0.0,10,safe,809,743,review
33349.7,E290,,S12,exact_emp_id,100.0,Employee ID exact match: E500,30429.92,15000.0,1800,1800.0,0.0,10,safe,809,743,review
25098.65,E291,,S4,exact_emp_id,100.0,Employee ID exact match: E500,22415.77,15000.0,1800,1800.0,0.0,10,safe,809,743,review
21870.19,E292,,S11,exact_emp_id,100.0,Employee ID exact match: E500,21339.23,15000.0,1800,1800.0,0.0,10,safe,809,743,review
22471.32,E293,,S5,exact_emp_id,100.0,Employee ID exact match: E500,20234.08,15000.0,1800,1800.0,0.0,10,safe,809,743,review
22545.7,E294,,S5,exact_emp_id,100.0,Employee ID exact match: E500,22808.77,15000.0,1800,1800.0,0.0,10,safe,809,743,review
24769.66,E295,,S9,exact_emp_id,100.0,Employee ID exact match: E500,24322.08,15000.0,1800,1800.0,0.0,10,safe,809,743,review
26479.89,E296,,S8,exact_emp_id,100.0,Employee ID exact match: E500,23968.65,15000.0,1800,1800.0,0.0,10,safe,809,743,review
30606.23,E297,,S5,exact_emp_id,100.0,Employee ID exact match: E500,29466.23,15000.0,1800,1800.0,0.0,10,safe,809,743,review
26485.74,E298,,S6,exact_emp_id,100.0,Employee ID exact match: E500,25731.73,15000.0,1800,1800.0,0.0,10,safe,809,743,review
17323.7,E299,,S9,exact_emp_id,100.0,Employee ID exact match: E500,17495.92,15000.0,1800,1800.0,0.0,10,safe,809,743,review
23676.66,E300,,S9,exact_emp_id,100.0,Employee ID exact match: E500,23270.19,15000.0,1800,1800.0,0.0,10,safe,809,743,review
20570.93,E301,,S11,exact_emp_id,100.0,Employee ID exact match: E500,19784.31,15000.0,1800,1800.0,0.0,10,safe,809,743,review
22137.89,E302,,S8,exact_emp_id,100.0,Employee ID exact match: E500,22465.38,15000.0,1800,1800.0,0.0,10,safe,809,743,review
31503.41,E303,,S4,exact_emp_id,100.0,Employee ID exact match: E500,29843.23,15000.0,1800,1800.0,0.0,10,safe,809,743,review
16377.07,E304,,S8,exact_emp_id,100.0,Employee ID exact match: E500,15493.27,15000.0,1800,1800.0,0.0,10,safe,809,743,review
20825.78,E305,,S5,exact_emp_id,100.0,Employee ID exact match: E500,16387.69,15000.0,1800,1800.0,0.0,10,safe,809,743,review
27521.98,E306,,S9,exact_emp_id,100.0,Employee ID exact match: E500,26044.31,15000.0,1800,1800.0,0.0,10,safe,809,743,review
20342.73,E307,,S9,exact_emp_id,100.0,Employee ID exact match: E500,18952.88,15000.0,1800,1800.0,0.0,10,safe,809,743,review
26145.76,E308,,S12,exact_emp_id,100.0,Employee ID exact match: E500,22443.08,15000.0,1800,1800.0,0.0,10,safe,809,743,review
18472.81,E309,,S3,exact_emp_id,100.0,Employee ID exact match: E500,18260.77,15000.0,1800,1800.0,0.0,10,safe,809,743,review
28774.15,E310,,S6,exact_emp_id,100.0,Employee ID exact match: E500,27440.96,15000.0,1800,1800.0,0.0,10,safe,809,743,review
27455.62,E311,,S7,exact_emp_id,100.0,Employee ID exact match: E500,24071.15,15000.0,1800,1800.0,0.0,10,safe,809,743,review
23714.62,E312,,S5,exact_emp_id,100.0,Employee ID exact match: E500,20239.42,15000.0,1800,1800.0,0.0,10,safe,809,743,review
27623.26,E313,,S6,exact_emp_id,100.0,Employee ID exact match: E500,24457.69,15000.0,1800,1800.0,0.0,10,safe,809,743,review
29684.49,E314,,S10,exact_emp_id,100.0,Employee ID exact match: E500,28201.0,15000.0,1800,1800.0,0.0,10,safe,809,743,review
27257.54,E315,,S3,exact_emp_id,100.0,Employee ID exact match: E500,25139.08,15000.0,1800,1800.0,0.0,10,safe,809,743,review
20482.39,E316,,S10,exact_emp_id,100.0,Employee ID exact match: E500,18953.54,15000.0,1800,1800.0,0.0,10,safe,809,743,review
18119.71,E317,,S9,exact_emp_id,100.0,Employee ID exact match: E500,14736.62,14736.62,1768,1768.39,0.39,10,safe,809,743,review
17430.11,E318,,S12,exact_emp_id,100.0,Employee ID exact match: E500,18338.65,15000.0,1800,1800.0,0.0,10,safe,809,743,review
32474.48999999999,E319,,S12,exact_emp_id,100.0,Employee ID exact match: E500,28831.73,15000.0,1800,1800.0,0.0,10,safe,809,743,review
26837.99,E320,,S6,exact_emp_id,100.0,Employee ID exact match: E500,24002.0,15000.0,1800,1800.0,0.0,10,safe,809,743,review
20285.45,E321,,S5,exact_emp_id,100.0,Employee ID exact match: E500,17612.54,15000.0,1800,1800.0,0.0,10,safe,809,743,review
20763.3,E322,,S8,exact_emp_id,100.0,Employee ID exact match: E500,19088.46,15000.0,1800,1800.0,0.0,10,safe,809,743,review
15518.14,E323,,S3,exact_emp_id,100.0,Employee ID exact match: E500,14823.08,14823.08,1779,1778.77,-0.23,10,safe,809,743,review
18688.44,E324,,S11,exact_emp_id,100.0,Employee ID exact match: E500,16299.69,15000.0,1800,1800.0,0.0,10,safe,809,743,review
32254.52,E325,,S3,exact_emp_id,100.0,Employee ID exact match: E500,31172.31,15000.0,1800,1800.0,0.0,10,safe,809,743,review
20517.66,E326,,S6,exact_emp_id,100.0,Employee ID exact match: E500,19378.0,15000.0,1800,1800.0,0.0,10,safe,809,743,review
21977.19,E327,,S6,exact_emp_id,100.0,Employee ID exact match: E500,20324.62,15000.0,1800,1800.0,0.0,10,safe,809,743,review
19465.11,E328,,S4,exact_emp_id,100.0,Employee ID exact match: E500,17210.19,15000.0,1800,1800.0,0.0,10,safe,809,743,review
17510.17,E329,,S10,exact_emp_id,100.0,Employee ID exact match: E500,17259.62,15000.0,1800,1800.0,0.0,10,safe,809,743,review
22323.37,E330,,S2,exact_emp_id,100.0,Employee ID exact match: E500,21018.0,15000.0,1800,1800.0,0.0,10,safe,809,743,review
15788.23,E331,,S3,exact_emp_id,100.0,Employee ID exact match: E500,14583.65,14583.65,1750,1750.04,0.04,10,safe,809,743,review
24751.02,E332,,S4,exact_emp_id,100.0,Employee ID exact match: E500,21397.5,15000.0,1800,1800.0,0.0,10,safe,809,743,review
27129.72,E333,,S4,exact_emp_id,100.0,Employee ID exact match: E500,24806.77,15000.0,1800,1800.0,0.0,10,safe,809,743,review
16681.05,E334,,S12,exact_emp_id,100.0,Employee ID exact match: E500,14750.77,14750.77,1770,1770.09,0.09,10,safe,809,743,review
24041.06,E335,,S4,exact_emp_id,100.0,Employee ID exact match: E500,22423.23,15000.0,1800,1800.0,0.0,10,safe,809,743,review
27568.45,E336,,S6,exact_emp_id,100.0,Employee ID exact match: E500,27551.08,15000.0,1800,1800.0,0.0,10,safe,809,743,review
16643.74,E337,,S3,exact_emp_id,100.0,Employee ID exact match: E500,16599.23,15000.0,1800,1800.0,0.0,10,safe,809,743,review
15660.91,E338,,S11,exact_emp_id,100.0,Employee ID exact match: E500,15867.92,15000.0,1800,1800.0,0.0,10,safe,809,743,review
20362.85,E339,,S11,exact_emp_id,100.0,Employee ID exact match: E500,19948.46,15000.0,1800,1800.0,0.0,10,safe,809,743,review
26869.23,E340,,S5,exact_emp_id,100.0,Employee ID exact match: E500,23625.42,15000.0,1800,1800.0,0.0,10,safe,809,743,review
36755.11,E341,,S8,exact_emp_id,100.0,Employee ID exact match: E500,34768.88,15000.0,1800,1800.0,0.0,10,safe,809,743,review
21829.27,E342,,S7,exact_emp_id,100.0,Employee ID exact match: E500,19594.23,15000.0,1800,1800.0,0.0,10,safe,809,743,review
18804.9,E343,,S7,exact_emp_id,100.0,Employee ID exact match: E500,19023.58,15000.0,1800,1800.0,0.0,10,safe,809,743,review
17472.56,E344,,S12,exact_emp_id,100.0,Employee ID exact match: E500,17150.19,15000.0,1800,1800.0,0.0,10,safe,809,743,review
29402.52,E345,,S4,exact_emp_id,100.0,Employee ID exact match: E500,26347.12,15000.0,1800,1800.0,0.0,10,safe,809,743,review
28867.61,E346,,S3,exact_emp_id,100.0,Employee ID exact match: E500,28431.85,15000.0,1800,1800.0,0.0,10,safe,809,743,review
34640.39,E347,,S10,exact_emp_id,100.0,Employee ID exact match: E500,33722.31,15000.0,1800,1800.0,0.0,10,safe,809,743,review
17698.25,E348,,S2,exact_emp_id,100.0,Employee ID exact match: E500,18310.58,15000.0,1800,1800.0,0.0,10,safe,809,743,review
24406.14,E349,,S8,exact_emp_id,100.0,Employee ID exact match: E500,24392.08,15000.0,1800,1800.0,0.0,10,safe,809,743,review
25947.91,E350,,S7,exact_emp_id,100.0,Employee ID exact match: E500,26698.15,15000.0,1800,1800.0,0.0,10,safe,809,743,review
20165.67,E351,,S12,exact_emp_id,100.0,Employee ID exact match: E500,17274.23,15000.0,1800,1800.0,0.0,10,safe,809,743,review
14661.78,E352,,S8,exact_emp_id,100.0,Employee ID exact match: E500,13540.15,13540.15,1625,1624.82,-0.18,10,safe,809,743,review
27784.13,E353,,S8,exact_emp_id,100.0,Employee ID exact match: E500,25007.69,15000.0,1800,1800.0,0.0,10,safe,809,743,review
24314.2,E354,,S9,exact_emp_id,100.0,Employee ID exact match: E500,20023.38,15000.0,1800,1800.0,0.0,10,safe,809,743,review
20071.44,E355,,S5,exact_emp_id,100.0,Employee ID exact match: E500,16475.0,15000.0,1800,1800.0,0.0,10,safe,809,743,review
19293.04,E356,,S7,exact_emp_id,100.0,Employee ID exact match: E500,18645.88,15000.0,1800,1800.0,0.0,10,safe,809,743,review
23869.61,E357,,S1,exact_emp_id,100.0,Employee ID exact match: E500,23385.0,15000.0,1800,1800.0,0.0,10,safe,809,743,review
30754.59999999999,E358,,S6,exact_emp_id,100.0,Employee ID exact match: E500,32002.62,15000.0,1800,1800.0,0.0,10,safe,809,743,review
31682.81,E359,,S9,exact_emp_id,100.0,Employee ID exact match: E500,29651.19,15000.0,1800,1800.0,0.0,10,safe,809,743,review
14632.41,E360,,S12,exact_emp_id,100.0,Employee ID exact match: E500,13560.35,13560.35,1627,1627.24,0.24,10,safe,809,743,review
22204.75,E361,,S8,exact_emp_id,100.0,Employee ID exact match: E500,21269.27,15000.0,1800,1800.0,0.0,10,safe,809,743,review
24261.8,E362,,S3,exact_emp_id,100.0,Employee ID exact match: E500,21728.77,15000.0,1800,1800.0,0.0,10,safe,809,743,review
27065.63,E363,,S4,exact_emp_id,100.0,Employee ID exact match: E500,25699.38,15000.0,1800,1800.0,0.0,10,safe,809,743,review
25370.49,E364,,S1,exact_emp_id,100.0,Employee ID exact match: E500,23402.0,15000.0,1800,1800.0,0.0,10,safe,809,743,review
30975.31,E365,,S8,exact_emp_id,100.0,Employee ID exact match: E500,31805.85,15000.0,1800,1800.0,0.0,10,safe,809,743,review
22963.47,E366,,S3,exact_emp_id,100.0,Employee ID exact match: E500,22398.46,15000.0,1800,1800.0,0.0,10,safe,809,743,review
24186.51,E367,,S4,exact_emp_id,100.0,Employee ID exact match: E500,23265.0,15000.0,1800,1800.0,0.0,10,safe,809,743,review
22902.81,E368,,S8,exact_emp_id,100.0,Employee ID exact match: E500,23322.73,15000.0,1800,1800.0,0.0,10,safe,809,743,review
25318.5,E369,,S9,exact_emp_id,100.0,Employee ID exact match: E500,24816.62,15000.0,1800,1800.0,0.0,10,safe,809,743,review
23792.18,E370,,S3,exact_emp_id,100.0,Employee ID exact match: E500,22792.12,15000.0,1800,1800.0,0.0,10,safe,809,743,review
30685.26,E371,,S1,exact_emp_id,100.0,Employee ID exact match: E500,29965.0,15000.0,1800,1800.0,0.0,10,safe,809,743,review
31303.4,E372,,S7,exact_emp_id,100.0,Employee ID exact match: E500,29013.0,15000.0,1800,1800.0,0.0,10,safe,809,743,review
16531.56,E373,,S11,exact_emp_id,100.0,Employee ID exact match: E500,14667.69,14667.69,1760,1760.12,0.12,10,safe,809,743,review
25780.25,E374,,S1,exact_emp_id,100.0,Employee ID exact match: E500,22961.46,15000.0,1800,1800.0,0.0,10,safe,809,743,review
24365.96,E375,,S8,exact_emp_id,100.0,Employee ID exact match: E500,25579.81,15000.0,1800,1800.0,0.0,10,safe,809,743,review
21309.71,E376,,S7,exact_emp_id,100.0,Employee ID exact match: E500,18813.81,15000.0,1800,1800.0,0.0,10,safe,809,743,review
25763.86,E377,,S6,exact_emp_id,100.0,Employee ID exact match: E500,23254.27,15000.0,1800,1800.0,0.0,10,safe,809,743,review
26466.07,E378,,S2,exact_emp_id,100.0,Employee ID exact match: E500,22657.0,15000.0,1800,1800.0,0.0,10,safe,809,743,review
18012.76,E379,,S7,exact_emp_id,100.0,Employee ID exact match: E500,17457.69,15000.0,1800,1800.0,0.0,10,safe,809,743,review
25257.46,E380,,S7,exact_emp_id,100.0,Employee ID exact match: E500,23052.35,15000.0,1800,1800.0,0.0,10,safe,809,743,review
27158.04,E381,,S7,exact_emp_id,100.0,Employee ID exact match: E500,23666.54,15000.0,1800,1800.0,0.0,10,safe,809,743,review
16642.92,E382,,S11,exact_emp_id,100.0,Employee ID exact match: E500,15631.15,15000.0,1800,1800.0,0.0,10,safe,809,743,review
22110.0,E383,,S6,exact_emp_id,100.0,Employee ID exact match: E500,18660.96,15000.0,1800,1800.0,0.0,10,safe,809,743,review
34942.34,E384,,S10,exact_emp_id,100.0,Employee ID exact match: E500,31708.15,15000.0,1800,1800.0,0.0,10,safe,809,743,review
26272.06,E385,,S10,exact_emp_id,100.0,Employee ID exact match: E500,25920.46,15000.0,1800,1800.0,0.0,10,safe,809,743,review
20462.24,E386,,S6,exact_emp_id,100.0,Employee ID exact match: E500,17511.58,15000.0,1800,1800.0,0.0,10,safe,809,743,review
21741.64,E387,,S2,exact_emp_id,100.0,Employee ID exact match: E500,20222.31,15000.0,1800,1800.0,0.0,10,safe,809,743,review
33644.12,E388,,S5,exact_emp_id,100.0,Employee ID exact match: E500,30906.92,15000.0,1800,1800.0,0.0,10,safe,809,743,review
25931.07,E389,,S7,exact_emp_id,100.0,Employee ID exact match: E500,26396.04,15000.0,1800,1800.0,0.0,10,safe,809,743,review
17055.09,E390,,S2,exact_emp_id,100.0,Employee ID exact match: E500,17829.81,15000.0,1800,1800.0,0.0,10,safe,809,743,review
16397.34,E391,,S6,exact_emp_id,100.0,Employee ID exact match: E500,16405.38,15000.0,1800,1800.0,0.0,10,safe,809,743,review
24379.08,E392,,S5,exact_emp_id,100.0,Employee ID exact match: E500,24619.73,15000.0,1800,1800.0,0.0,10,safe,809,743,review
24699.24,E393,,S5,exact_emp_id,100.0,Employee ID exact match: E500,24495.96,15000.0,1800,1800.0,0.0,10,safe,809,743,review
22328.96,E394,,S1,exact_emp_id,100.0,Employee ID exact match: E500,20897.69,15000.0,1800,1800.0,0.0,10,safe,809,743,review
18735.62,E395,,S12,exact_emp_id,100.0,Employee ID exact match: E500,18639.42,15000.0,1800,1800.0,0.0,10,safe,809,743,review
20934.12,E396,,S6,exact_emp_id,100.0,Employee ID exact match: E500,20470.65,15000.0,1800,1800.0,0.0,10,safe,809,743,review
23193.79,E397,,S6,exact_emp_id,100.0,Employee ID exact match: E500,21083.92,15000.0,1800,1800.0,0.0,10,safe,809,743,review
27320.67,E398,,S1,exact_emp_id,100.0,Employee ID exact match: E500,25833.42,15000.0,1800,1800.0,0.0,10,safe,809,743,review
25283.49,E399,,S2,exact_emp_id,100.0,Employee ID exact match: E500,22684.62,15000.0,1800,1800.0,0.0,10,safe,809,743,review
14149.23,E400,,S4,exact_emp_id,100.0,Employee ID exact match: E500,13858.15,13858.15,1663,1662.98,-0.02,10,safe,809,743,review
31886.78,E401,,S7,exact_emp_id,100.0,Employee ID exact match: E500,29951.42,15000.0,1800,1800.0,0.0,10,safe,809,743,review
18989.11,E402,,S12,exact_emp_id,100.0,Employee ID exact match: E500,19420.77,15000.0,1800,1800.0,0.0,10,safe,809,743,review
16610.84,E403,,S7,exact_emp_id,100.0,Employee ID exact match: E500,13572.31,13572.31,1629,1628.68,-0.32,10,safe,809,743,review
20315.31,E404,,S3,exact_emp_id,100.0,Employee ID exact match: E500,18384.19,15000.0,1800,1800.0,0.0,10,safe,809,743,review
29476.05,E405,,S12,exact_emp_id,100.0,Employee ID exact match: E500,26731.54,15000.0,1800,1800.0,0.0,10,safe,809,743,review
24434.56,E406,,S6,exact_emp_id,100.0,Employee ID exact match: E500,20141.62,15000.0,1800,1800.0,0.0,10,safe,809,743,review
22981.47,E407,,S12,exact_emp_id,100.0,Employee ID exact match: E500,20609.04,15000.0,1800,1800.0,0.0,10,safe,809,743,review
29028.11,E408,,S1,exact_emp_id,100.0,Employee ID exact match: E500,27863.08,15000.0,1800,1800.0,0.0,10,safe,809,743,review
13086.59,E409,,S8,exact_emp_id,100.0,Employee ID exact match: E500,13245.38,13245.38,1589,1589.45,0.45,10,safe,809,743,review
22549.55,E410,,S4,exact_emp_id,100.0,Employee ID exact match: E500,21854.46,15000.0,1800,1800.0,0.0,10,safe,809,743,review
20536.35,E411,,S7,exact_emp_id,100.0,Employee ID exact match: E500,20137.38,15000.0,1800,1800.0,0.0,10,safe,809,743,review
19168.81,E412,,S8,exact_emp_id,100.0,Employee ID exact match: E500,16075.38,15000.0,1800,1800.0,0.0,10,safe,809,743,review
26183.9,E413,,S9,exact_emp_id,100.0,Employee ID exact match: E500,24444.23,15000.0,1800,1800.0,0.0,10,safe,809,743,review
20615.95,E414,,S1,exact_emp_id,100.0,Employee ID exact match: E500,18422.12,15000.0,1800,1800.0,0.0,10,safe,809,743,review
22466.13,E415,,S11,exact_emp_id,100.0,Employee ID exact match: E500,19860.08,15000.0,1800,1800.0,0.0,10,safe,809,743,review
34640.9,E416,,S6,exact_emp_id,100.0,Employee ID exact match: E500,31526.35,15000.0,1800,1800.0,0.0,10,safe,809,743,review
25806.53,E417,,S10,exact_emp_id,100.0,Employee ID exact match: E500,25545.12,15000.0,1800,1800.0,0.0,10,safe,809,743,review
15272.61,E418,,S2,exact_emp_id,100.0,Employee ID exact match: E500,14676.92,14676.92,1761,1761.23,0.23,10,safe,809,743,review
24749.06,E419,,S11,exact_emp_id,100.0,Employee ID exact match: E500,23336.08,15000.0,1800,1800.0,0.0,10,safe,809,743,review
31313.16,E420,,S10,exact_emp_id,100.0,Employee ID exact match: E500,28101.92,15000.0,1800,1800.0,0.0,10,safe,809,743,review
20023.95,E421,,S11,exact_emp_id,100.0,Employee ID exact match: E500,20417.08,15000.0,1800,1800.0,0.0,10,safe,809,743,review
22219.46,E422,,S2,exact_emp_id,100.0,Employee ID exact match: E500,19821.12,15000.0,1800,1800.0,0.0,10,safe,809,743,review
17151.84,E423,,S10,exact_emp_id,100.0,Employee ID exact match: E500,17277.42,15000.0,1800,1800.0,0.0,10,safe,809,743,review
26908.99,E424,,S7,exact_emp_id,100.0,Employee ID exact match: E500,25899.23,15000.0,1800,1800.0,0.0,10,safe,809,743,review
16077.68,E425,,S2,exact_emp_id,100.0,Employee ID exact match: E500,15156.35,15000.0,1800,1800.0,0.0,10,safe,809,743,review
34945.66,E426,,S9,exact_emp_id,100.0,Employee ID exact match: E500,32594.12,15000.0,1800,1800.0,0.0,10,safe,809,743,review
24137.36,E427,,S9,exact_emp_id,100.0,Employee ID exact match: E500,21223.54,15000.0,1800,1800.0,0.0,10,safe,809,743,review
31494.39,E428,,S1,exact_emp_id,100.0,Employee ID exact match: E500,27034.15,15000.0,1800,1800.0,0.0,10,safe,809,743,review
14919.43,E429,,S8,exact_emp_id,100.0,Employee ID exact match: E500,15003.96,15000.0,1800,1800.0,0.0,10,safe,809,743,review
26971.03,E430,,S8,exact_emp_id,100.0,Employee ID exact match: E500,23473.08,15000.0,1800,1800.0,0.0,10,safe,809,743,review
18708.62,E431,,S5,exact_emp_id,100.0,Employee ID exact match: E500,15394.08,15000.0,1800,1800.0,0.0,10,safe,809,743,review
25100.44,E432,,S4,exact_emp_id,100.0,Employee ID exact match: E500,23275.0,15000.0,1800,1800.0,0.0,10,safe,809,743,review
37095.37,E433,,S11,exact_emp_id,100.0,Employee ID exact match: E500,34263.35,15000.0,1800,1800.0,0.0,10,safe,809,743,review
26900.21,E434,,S2,exact_emp_id,100.0,Employee ID exact match: E500,25510.54,15000.0,1800,1800.0,0.0,10,safe,809,743,review
17459.94,E435,,S6,exact_emp_id,100.0,Employee ID exact match: E500,14371.27,14371.27,1725,1724.55,-0.45,10,safe,809,743,review
20798.44,E436,,S1,exact_emp_id,100.0,Employee ID exact match: E500,18854.85,15000.0,1800,1800.0,0.0,10,safe,809,743,review
31891.40000000001,E437,,S12,exact_emp_id,100.0,Employee ID exact match: E500,30449.77,15000.0,1800,1800.0,0.0,10,safe,809,743,review
15693.25,E438,,S6,exact_emp_id,100.0,Employee ID exact match: E500,14632.96,14632.96,1756,1755.96,-0.04,10,safe,809,743,review
33403.75,E439,,S1,exact_emp_id,100.0,Employee ID exact match: E500,32243.58,15000.0,1800,1800.0,0.0,10,safe,809,743,review
27901.95,E440,,S3,exact_emp_id,100.0,Employee ID exact match: E500,24637.73,15000.0,1800,1800.0,0.0,10,safe,809,743,review
23971.73,E441,,S4,exact_emp_id,100.0,Employee ID exact match: E500,24477.31,15000.0,1800,1800.0,0.0,10,safe,809,743,review
24474.66,E442,,S11,exact_emp_id,100.0,Employee ID exact match: E500,22536.69,15000.0,1800,1800.0,0.0,10,safe,809,743,review
20363.62,E443,,S12,exact_emp_id,100.0,Employee ID exact match: E500,19394.08,15000.0,1800,1800.0,0.0,10,safe,809,743,review
15792.96,E444,,S9,exact_emp_id,100.0,Employee ID exact match: E500,13995.38,13995.38,1679,1679.45,0.45,10,safe,809,743,review
23958.0,E445,,S5,exact_emp_id,100.0,Employee ID exact match: E500,20686.15,15000.0,1800,1800.0,0.0,10,safe,809,743,review
20053.47,E446,,S3,exact_emp_id,100.0,Employee ID exact match: E500,19584.35,15000.0,1800,1800.0,0.0,10,safe,809,743,review
23403.12,E447,,S7,exact_emp_id,100.0,Employee ID exact match: E500,21963.85,15000.0,1800,1800.0,0.0,10,safe,809,743,review
36235.41,E448,,S10,exact_emp_id,100.0,Employee ID exact match: E500,35134.92,15000.0,1800,1800.0,0.0,10,safe,809,743,review
23570.93,E449,,S10,exact_emp_id,100.0,Employee ID exact match: E500,22906.73,15000.0,1800,1800.0,0.0,10,safe,809,743,review
13503.66,E450,,S5,exact_emp_id,100.0,Employee ID exact match: E500,11654.62,11654.62,1399,1398.55,-0.45,10,safe,809,743,review
26628.78,E451,,S5,exact_emp_id,100.0,Employee ID exact match: E500,24387.69,15000.0,1800,1800.0,0.0,10,safe,809,743,review
23712.04,E452,,S12,exact_emp_id,100.0,Employee ID exact match: E500,20578.38,15000.0,1800,1800.0,0.0,10,safe,809,743,review
26654.24,E453,,S7,exact_emp_id,100.0,Employee ID exact match: E500,26551.38,15000.0,1800,1800.0,0.0,10,safe,809,743,review
23771.79,E454,,S1,exact_emp_id,100.0,Employee ID exact match: E500,19900.04,15000.0,1800,1800.0,0.0,10,safe,809,743,review
29398.42,E455,,S9,exact_emp_id,100.0,Employee ID exact match: E500,27441.23,15000.0,1800,1800.0,0.0,10,safe,809,743,review
22427.09,E456,,S8,exact_emp_id,100.0,Employee ID exact match: E500,22675.15,15000.0,1800,1800.0,0.0,10,safe,809,743,review
27995.64,E457,,S1,exact_emp_id,100.0,Employee ID exact match: E500,25801.15,15000.0,1800,1800.0,0.0,10,safe,809,743,review
16678.23,E458,,S5,exact_emp_id,100.0,Employee ID exact match: E500,17005.77,15000.0,1800,1800.0,0.0,10,safe,809,743,review
26014.8,E459,,S7,exact_emp_id,100.0,Employee ID exact match: E500,23072.85,15000.0,1800,1800.0,0.0,10,safe,809,743,review
29221.41,E460,,S8,exact_emp_id,100.0,Employee ID exact match: E500,29023.08,15000.0,1800,1800.0,0.0,10,safe,809,743,review
16543.29,E461,,S9,exact_emp_id,100.0,Employee ID exact match: E500,15345.38,15000.0,1800,1800.0,0.0,10,safe,809,743,review
28711.43,E462,,S6,exact_emp_id,100.0,Employee ID exact match: E500,26465.92,15000.0,1800,1800.0,0.0,10,safe,809,743,review
33842.0,E463,,S11,exact_emp_id,100.0,Employee ID exact match: E500,31225.19,15000.0,1800,1800.0,0.0,10,safe,809,743,review
29294.18,E464,,S5,exact_emp_id,100.0,Employee ID exact match: E500,29359.38,15000.0,1800,1800.0,0.0,10,safe,809,743,review
21599.96,E465,,S9,exact_emp_id,100.0,Employee ID exact match: E500,17616.08,15000.0,1800,1800.0,0.0,10,safe,809,743,review
16624.49,E466,,S3,exact_emp_id,100.0,Employee ID exact match: E500,14722.62,14722.62,1767,1766.71,-0.29,10,safe,809,743,review
27573.76,E467,,S2,exact_emp_id,100.0,Employee ID exact match: E500,24745.35,15000.0,1800,1800.0,0.0,10,safe,809,743,review
25156.5,E468,,S10,exact_emp_id,100.0,Employee ID exact match: E500,22794.46,15000.0,1800,1800.0,0.0,10,safe,809,743,review
19120.72,E469,,S8,exact_emp_id,100.0,Employee ID exact match: E500,15298.46,15000.0,1800,1800.0,0.0,10,safe,809,743,review
16739.89,E470,,S4,exact_emp_id,100.0,Employee ID exact match: E500,14952.31,14952.31,1794,1794.28,0.28,10,safe,809,743,review
23091.72,E471,,S2,exact_emp_id,100.0,Employee ID exact match: E500,19524.15,15000.0,1800,1800.0,0.0,10,safe,809,743,review
20777.71,E472,,S9,exact_emp_id,100.0,Employee ID exact match: E500,18915.58,15000.0,1800,1800.0,0.0,10,safe,809,743,review
28228.5,E473,,S2,exact_emp_id,100.0,Employee ID exact match: E500,26086.15,15000.0,1800,1800.0,0.0,10,safe,809,743,review
23078.54,E474,,S9,exact_emp_id,100.0,Employee ID exact match: E500,21686.19,15000.0,1800,1800.0,0.0,10,safe,809,743,review
27268.82,E475,,S6,exact_emp_id,100.0,Employee ID exact match: E500,24311.15,15000.0,1800,1800.0,0.0,10,safe,809,743,review
24385.0,E476,,S6,exact_emp_id,100.0,Employee ID exact match: E500,23122.42,15000.0,1800,1800.0,0.0,10,safe,809,743,review
21985.42,E477,,S8,exact_emp_id,100.0,Employee ID exact match: E500,21205.46,15000.0,1800,1800.0,0.0,10,safe,809,743,review
26837.98,E478,,S12,exact_emp_id,100.0,Employee ID exact match: E500,23807.54,15000.0,1800,1800.0,0.0,10,safe,809,743,review
17426.13,E479,,S4,exact_emp_id,100.0,Employee ID exact match: E500,17029.85,15000.0,1800,1800.0,0.0,10,safe,809,743,review
33348.85,E480,,S1,exact_emp_id,100.0,Employee ID exact match: E500,30769.62,15000.0,1800,1800.0,0.0,10,safe,809,743,review
25132.29,E481,,S9,exact_emp_id,100.0,Employee ID exact match: E500,23540.85,15000.0,1800,1800.0,0.0,10,safe,809,743,review
29934.31,E482,,S10,exact_emp_id,100.0,Employee ID exact match: E500,27702.08,15000.0,1800,1800.0,0.0,10,safe,809,743,review
30607.71,E483,,S9,exact_emp_id,100.0,Employee ID exact match: E500,27479.81,15000.0,1800,1800.0,0.0,10,safe,809,743,review
24431.77,E484,,S2,exact_emp_id,100.0,Employee ID exact match: E500,24975.08,15000.0,1800,1800.0,0.0,10,safe,809,743,review
25747.72,E485,,S3,exact_emp_id,100.0,Employee ID exact match: E500,25012.31,15000.0,1800,1800.0,0.0,10,safe,809,743,review
29776.92,E486,,S8,exact_emp_id,100.0,Employee ID exact match: E500,26127.88,15000.0,1800,1800.0,0.0,10,safe,809,743,review
28989.83,E487,,S12,exact_emp_id,100.0,Employee ID exact match: E500,26464.31,15000.0,1800,1800.0,0.0,10,safe,809,743,review
16122.26,E488,,S1,exact_emp_id,100.0,Employee ID exact match: E500,12275.38,12275.38,1473,1473.05,0.05,10,safe,809,743,review
33352.94,E489,,S11,exact_emp_id,100.0,Employee ID exact match: E500,31596.92,15000.0,1800,1800.0,0.0,10,safe,809,743,review
31128.22,E490,,S11,exact_emp_id,100.0,Employee ID exact match: E500,28954.38,15000.0,1800,1800.0,0.0,10,safe,809,743,review
16373.06,E491,,S12,exact_emp_id,100.0,Employee ID exact match: E500,13667.69,13667.69,1640,1640.12,0.12,10,safe,809,743,review
26682.39,E492,,S10,exact_emp_id,100.0,Employee ID exact match: E500,24470.92,15000.0,1800,1800.0,0.0,10,safe,809,743,review
19481.2,E493,,S1,exact_emp_id,100.0,Employee ID exact match: E500,17553.85,15000.0,1800,1800.0,0.0,10,safe,809,743,review
25333.24,E494,,S2,exact_emp_id,100.0,Employee ID exact match: E500,23752.38,15000.0,1800,1800.0,0.0,10,safe,809,743,review
27662.94,E495,,S8,exact_emp_id,100.0,Employee ID exact match: E500,27608.0,15000.0,1800,1800.0,0.0,10,safe,809,743,review
29401.24,E496,,S12,exact_emp_id,100.0,Employee ID exact match: E500,29568.0,15000.0,1800,1800.0,0.0,10,safe,809,743,review
16155.29,E497,,S4,exact_emp_id,100.0,Employee ID exact match: E500,14506.92,14506.92,1741,1740.83,-0.17,10,safe,809,743,review
25424.8,E498,,S3,exact_emp_id,100.0,Employee ID exact match: E500,24046.15,15000.0,1800,1800.0,0.0,10,safe,809,743,review
16933.97,E499,,S10,exact_emp_id,100.0,Employee ID exact match: E500,17070.0,15000.0,1800,1800.0,0.0,10,safe,809,743,review
17041.75,E500,,S12,exact_emp_id,100.0,Employee ID exact match: E500,16813.85,15000.0,1800,1800.0,0.0,10,safe,809,743,review
