Asset_Name,Asset_Type,Opening_Value,Rate,Depreciation,Closing_Value
PG LALIT KALA ACADEMY,air_conditioner,514481.25,1500.0,7717218.75,-7202737.5
SBI OD A/C- 6791,office_equipment,1225000.0,1500.0,18375000.0,-17150000.0
SARASWATI ENTERPRISES,office_equipment,4012.0,1500.0,60180.0,-56168.0
KENT RO SYSTEMS LIMITED,office_equipment,8895.0,1500.0,133425.0,-124530.0
CONVEYANCE EXPENSES,office_equipment,3020.0,1500.0,45300.0,-42280.0
PG QGC,office_equipment,211058.0,1500.0,3165870.0,-2954812.0
PG QGC,office_equipment,629270.0,1500.0,9439050.0,-8809780.0
PRINTING AND STATIONARY,office_equipment,4625.0,1500.0,69375.0,-64750.0
Miscellaneous,office_equipment,8895.0,1500.0,133425.0,-124530.0
Vehicle Hire Charges,office_equipment,49000.0,1500.0,735000.0,-686000.0
CONVEYANCE EXPENSES,office_equipment,1736.0,1500.0,26040.0,-24304.0
CONVEYANCE EXPENSES,office_equipment,1736.0,1500.0,26040.0,-24304.0
CONVEYANCE EXPENSES,office_equipment,2232.0,1500.0,33480.0,-31248.0
CONVEYANCE EXPENSES,office_equipment,420.0,1500.0,6300.0,-5880.0
COL  SUNIL DALAL (PROPRIETOR),office_equipment,125000.0,1500.0,1875000.0,-1750000.0
ROHIT TIWARI,office_equipment,47510.0,1500.0,712650.0,-665140.0
KENT RO SYSTEMS LIMITED,office_equipment,8895.0,1500.0,133425.0,-124530.0
CONVEYANCE EXPENSES,office_equipment,1750.0,1500.0,26250.0,-24500.0
COL  SUNIL DALAL (PROPRIETOR),office_equipment,50000.0,1500.0,750000.0,-700000.0
Miscellaneous,office_equipment,7538.14,1500.0,113072.1,-105533.96
Common Other Misc. Services,office_equipment,8772.0,1500.0,131580.0,-122808.0
Bharat Sanchar Nigam Limited,office_equipment,1220122.0,1500.0,18301830.0,-17081708.0
COL  SUNIL DALAL (PROPRIETOR),office_equipment,940000.0,1500.0,14100000.0,-13160000.0
CONVEYANCE EXPENSES,office_equipment,3376.0,1500.0,50640.0,-47264.0
CONVEYANCE EXPENSES,office_equipment,1040.0,1500.0,15600.0,-14560.0
COL  SUNIL DALAL (PROPRIETOR),office_equipment,380000.0,1500.0,5700000.0,-5320000.0
CONVEYANCE EXPENSES,office_equipment,2485.0,1500.0,37275.0,-34790.0
DEPARTMENT OF SPACE,air_conditioner,374056.0,1500.0,5610840.0,-5236784.0
COMPUTER,computer,2500.0,4000.0,100000.0,-97500.0
COL  SUNIL DALAL (PROPRIETOR),office_equipment,430000.0,1500.0,6450000.0,-6020000.0
COL  SUNIL DALAL (PROPRIETOR),office_equipment,3720000.0,1500.0,55800000.0,-52080000.0
QUTAB GOLF COURSE,office_equipment,140400.0,1500.0,2106000.0,-1965600.0
QUTAB GOLF COURSE,office_equipment,290653.0,1500.0,4359795.0,-4069142.0
Dwarka Project  Division 1,office_equipment,3719832.0,1500.0,55797480.0,-52077648.0
CONVEYANCE EXPENSES,office_equipment,3276.0,1500.0,49140.0,-45864.0
SBI OD A/C- 6791,office_equipment,1650000.0,1500.0,24750000.0,-23100000.0
PF PAYABLE,office_equipment,1471342.0,1500.0,22070130.0,-20598788.0
Esic Payable,office_equipment,69594.0,1500.0,1043910.0,-974316.0
MUSKAN ENTERPRISE,office_equipment,1475.0,1500.0,22125.0,-20650.0
RAJA PROPERTIES & CONSTRUCTION,office_equipment,63000.0,1500.0,945000.0,-882000.0
CONVEYANCE EXPENSES,office_equipment,2057.0,1500.0,30855.0,-28798.0
COL  SUNIL DALAL (PROPRIETOR),office_equipment,100000.0,1500.0,1500000.0,-1400000.0
STATIONERY FOR OFFICE,office_equipment,1250.0,1500.0,18750.0,-17500.0
"EXECUTIVE ENGR, HCD 10",office_equipment,226654.0,1500.0,3399810.0,-3173156.0
Ex Engineer NPD 8,office_equipment,95423.0,1500.0,1431345.0,-1335922.0
MASTER RUBER WORKSS,office_equipment,19848.0,1500.0,297720.0,-277872.0
ASIAR SOLUTIONS PVT LTD DELHI 2025-26,office_equipment,66080.0,1500.0,991200.0,-925120.0
COL  SUNIL DALAL (PROPRIETOR),office_equipment,50000.0,1500.0,750000.0,-700000.0
ASIAR SOLUTIONS PVT LTD DELHI 2025-26,office_equipment,66080.0,1500.0,991200.0,-925120.0
Common Other Misc. Services,office_equipment,25000.0,1500.0,375000.0,-350000.0
COL  SUNIL DALAL (PROPRIETOR),office_equipment,1630000.0,1500.0,24450000.0,-22820000.0
LTS ROAD SAFETY,office_equipment,1263.0,1500.0,18945.0,-17682.0
Sub Regional Office Esic,office_equipment,769885.0,1500.0,11548275.0,-10778390.0
Bharat Sanchar Nigam Limited,office_equipment,1220122.0,1500.0,18301830.0,-17081708.0
Office  Equipments,office_equipment,1070.0,1500.0,16050.0,-14980.0
Other Expenses,office_equipment,6000.0,1500.0,90000.0,-84000.0
UPI-The Dinners Club,office_equipment,1066.0,1500.0,15990.0,-14924.0
Miscellaneous,office_equipment,274.0,1500.0,4110.0,-3836.0
Other Expenses,office_equipment,518.0,1500.0,7770.0,-7252.0
Miscellaneous,office_equipment,1066.0,1500.0,15990.0,-14924.0
IT SYSTEMS,office_equipment,10200.0,1500.0,153000.0,-142800.0
A.K. TECH,office_equipment,2950.0,1500.0,44250.0,-41300.0
Fisheries Animal Husbandry and Dairying,office_equipment,122452.0,1500.0,1836780.0,-1714328.0
PRINTING AND STATIONARY,office_equipment,10200.0,1500.0,153000.0,-142800.0
A.K.R.K. STEEL,office_equipment,4500.0,1500.0,67500.0,-63000.0
ELEGANT APPARELS,office_equipment,37852.0,1500.0,567780.0,-529928.0
PRINTING AND STATIONARY,office_equipment,125.0,1500.0,1875.0,-1750.0
Office  Equipments,office_equipment,4017.86,1500.0,60267.9,-56250.04
COL  SUNIL DALAL (PROPRIETOR),office_equipment,2635000.0,1500.0,39525000.0,-36890000.0
Ex Engineer NPD 8,office_equipment,665959.0,1500.0,9989385.0,-9323426.0
EX. ENGR  NPD 6,office_equipment,4003199.0,1500.0,60047985.0,-56044786.0
COL  SUNIL DALAL (PROPRIETOR),office_equipment,50000.0,1500.0,750000.0,-700000.0
TDS Receivable @ 2%,office_equipment,72097.0,1500.0,1081455.0,-1009358.0
COL  SUNIL DALAL (PROPRIETOR),office_equipment,4480000.0,1500.0,67200000.0,-62720000.0
FDR Interest,office_equipment,14095.0,1500.0,211425.0,-197330.0
"Dy. Director, Hort 5",office_equipment,214370.0,1500.0,3215550.0,-3001180.0
"Dy. Director, Hort 5",office_equipment,318240.0,1500.0,4773600.0,-4455360.0
"Dy. Director, Hort 5",office_equipment,90893.0,1500.0,1363395.0,-1272502.0
"Dy. Director, Hort 5",office_equipment,648302.0,1500.0,9724530.0,-9076228.0
HORT DIV  9,office_equipment,384593.0,1500.0,5768895.0,-5384302.0
DY DIRECTOR(HOR) DIV 6,office_equipment,132750.0,1500.0,1991250.0,-1858500.0
HORT DIV  9,office_equipment,630038.0,1500.0,9450570.0,-8820532.0
HORT DIV  9,office_equipment,1974879.0,1500.0,29623185.0,-27648306.0
CONVEYANCE EXPENSES,office_equipment,1680.0,1500.0,25200.0,-23520.0
CONVEYANCE EXPENSES,office_equipment,1680.0,1500.0,25200.0,-23520.0
SBI OD A/C- 6791,office_equipment,250000.0,1500.0,3750000.0,-3500000.0
ELEGANT APPARELS,office_equipment,15937.0,1500.0,239055.0,-223118.0
PG Sukhdev College,office_equipment,247561.0,1500.0,3713415.0,-3465854.0
QUTAB GOLF COURSE,office_equipment,1723736.0,1500.0,25856040.0,-24132304.0
TDS Receivable @ 2%,office_equipment,37884.0,1500.0,568260.0,-530376.0
COL  SUNIL DALAL (PROPRIETOR),office_equipment,1470000.0,1500.0,22050000.0,-20580000.0
COL  SUNIL DALAL (PROPRIETOR),office_equipment,348000.0,1500.0,5220000.0,-4872000.0
CONVEYANCE EXPENSES,office_equipment,1684.0,1500.0,25260.0,-23576.0
Interest,office_equipment,5126.0,1500.0,76890.0,-71764.0
QUTAB GOLF COURSE,office_equipment,340959.0,1500.0,5114385.0,-4773426.0
THE RIGHT CHOICE,office_equipment,5873.0,1500.0,88095.0,-82222.0
PF Employer Contribution,office_equipment,676945.0,1500.0,10154175.0,-9477230.0
ESIC Employers Contribution,office_equipment,47632.52,1500.0,714487.8,-666855.28
OUTPUT CGST@9%,office_equipment,452186.66,1500.0,6782799.9,-6330613.24
TDS Credit CGST,office_equipment,130255.0,1500.0,1953825.0,-1823570.0
SBI OD A/C- 6791,office_equipment,7350000.0,1500.0,110250000.0,-102900000.0
Miscellaneous,office_equipment,14160.0,1500.0,212400.0,-198240.0
COL  SUNIL DALAL (PROPRIETOR),office_equipment,250000.0,1500.0,3750000.0,-3500000.0
Vehicle Hire Charges,office_equipment,49000.0,1500.0,735000.0,-686000.0
EX. ENGR  NPD 6,office_equipment,4397931.31,1500.0,65968969.65,-61571038.34
Dwarka Project  Division 1,office_equipment,2366910.24,1500.0,35503653.6,-33136743.36
Hort DWK,office_equipment,2870685.12,1500.0,43060276.8,-40189591.68
QUTAB GOLF COURSE,office_equipment,2224289.98,1500.0,33364349.7,-31140059.72
Sub Regional Office Esic,office_equipment,814749.04,1500.0,12221235.6,-11406486.56
Bharat Sanchar Nigam Limited,office_equipment,1271912.66,1500.0,19078689.9,-17806777.24
DEPARTMENT OF SPACE,air_conditioner,385435.94,1500.0,5781539.1,-5396103.16
Fisheries Animal Husbandry and Dairying,office_equipment,134022.83,1500.0,2010342.45,-1876319.62
"DEPUTY DIRECTOR, HORT . DIVN 8",office_equipment,2184216.72,1500.0,32763250.8,-30579034.08
DY.DIRECTOR  HR   DIV  7,office_equipment,2482059.2,1500.0,37230888.0,-34748828.8
HORT DIV  9,office_equipment,1533015.18,1500.0,22995227.7,-21462212.52
DY DIRECTOR(HOR) DIV 6,office_equipment,2039757.44,1500.0,30596361.6,-28556604.16
SBI OD A/C- 6791,office_equipment,1900000.0,1500.0,28500000.0,-26600000.0
Miscellaneous,office_equipment,5000.0,1500.0,75000.0,-70000.0
Bharat Sanchar Nigam Limited,office_equipment,1271912.66,1500.0,19078689.9,-17806777.24
SARASWATI ENTERPRISES,office_equipment,5458.0,1500.0,81870.0,-76412.0
ROHIT TIWARI,office_equipment,42927.0,1500.0,643905.0,-600978.0
THE RIGHT CHOICE,office_equipment,5873.0,1500.0,88095.0,-82222.0
Miscellaneous,office_equipment,2500.0,1500.0,37500.0,-35000.0
COL  SUNIL DALAL (PROPRIETOR),office_equipment,50000.0,1500.0,750000.0,-700000.0
CONVEYANCE EXPENSES,office_equipment,10675.0,1500.0,160125.0,-149450.0
SAMPURAN FURNITURE,office_equipment,9200.0,1500.0,138000.0,-128800.0
GOVERNMENT MARKETPLACE (GEM),air_conditioner,92055.91,1500.0,1380838.65,-1288782.74
GOVERNMENT MARKETPLACE (GEM),air_conditioner,33932.25,1500.0,508983.75,-475051.5
"PAO, DDA",office_equipment,23720.0,1500.0,355800.0,-332080.0
COL  SUNIL DALAL (PROPRIETOR),office_equipment,50000.0,1500.0,750000.0,-700000.0
COL  SUNIL DALAL (PROPRIETOR),office_equipment,100000.0,1500.0,1500000.0,-1400000.0
SAMPURAN FURNITURE,office_equipment,9200.0,1500.0,138000.0,-128800.0
Licenses,office_equipment,18500.0,1500.0,277500.0,-259000.0
Annual Maintainance Charge,office_equipment,23600.0,1500.0,354000.0,-330400.0
Other Expenses,office_equipment,2769.0,1500.0,41535.0,-38766.0
COL  SUNIL DALAL (PROPRIETOR),office_equipment,900000.0,1500.0,13500000.0,-12600000.0
Dwarka Project  Division 1,office_equipment,379452.0,1500.0,5691780.0,-5312328.0
PG NCLAT,office_equipment,887270.0,1500.0,13309050.0,-12421780.0
CONVEYANCE EXPENSES,office_equipment,1144.0,1500.0,17160.0,-16016.0
CONVEYANCE EXPENSES,office_equipment,2148.0,1500.0,32220.0,-30072.0
COL  SUNIL DALAL (PROPRIETOR),office_equipment,60000.0,1500.0,900000.0,-840000.0
Hort DWK,office_equipment,437901.0,1500.0,6568515.0,-6130614.0
Hort DWK,office_equipment,437901.0,1500.0,6568515.0,-6130614.0
Hort DWK,office_equipment,206489.0,1500.0,3097335.0,-2890846.0
Hort DWK,office_equipment,207639.0,1500.0,3114585.0,-2906946.0
Hort DWK,office_equipment,102989.0,1500.0,1544835.0,-1441846.0
Hort DWK,office_equipment,206489.0,1500.0,3097335.0,-2890846.0
Hort DWK,office_equipment,222540.0,1500.0,3338100.0,-3115560.0
"EXECUTIVE ENGR, HCD 10",office_equipment,833062.0,1500.0,12495930.0,-11662868.0
Hort DWK,office_equipment,2247482.0,1500.0,33712230.0,-31464748.0
Miscellaneous,office_equipment,26116.0,1500.0,391740.0,-365624.0
TECH ARMY ENVIRONMENTA,office_equipment,8483.0,1500.0,127245.0,-118762.0
CONVEYANCE EXPENSES,office_equipment,2170.0,1500.0,32550.0,-30380.0
CONVEYANCE EXPENSES,office_equipment,2528.0,1500.0,37920.0,-35392.0
COL  SUNIL DALAL (PROPRIETOR),office_equipment,50000.0,1500.0,750000.0,-700000.0
DIVYA ENTERPRISES,office_equipment,4900.0,1500.0,73500.0,-68600.0
ELEGANT APPARELS,office_equipment,40000.0,1500.0,600000.0,-560000.0
COL  SUNIL DALAL (PROPRIETOR),office_equipment,50000.0,1500.0,750000.0,-700000.0
SBI OD A/C- 6791,office_equipment,2000000.0,1500.0,30000000.0,-28000000.0
Esic Payable,office_equipment,66735.0,1500.0,1001025.0,-934290.0
PF PAYABLE,office_equipment,1410302.0,1500.0,21154530.0,-19744228.0
Common Other Misc. Services,office_equipment,17700.0,1500.0,265500.0,-247800.0
Common Other Misc. Services,office_equipment,3540.0,1500.0,53100.0,-49560.0
CONVEYANCE EXPENSES,office_equipment,620.0,1500.0,9300.0,-8680.0
CONVEYANCE EXPENSES,office_equipment,3552.0,1500.0,53280.0,-49728.0
CONVEYANCE EXPENSES,office_equipment,2660.0,1500.0,39900.0,-37240.0
Sub Regional Office Esic,office_equipment,771622.0,1500.0,11574330.0,-10802708.0
ADVERTISMENT AND PUBLICITY,office_equipment,500.0,1500.0,7500.0,-7000.0
RAJA PROPERTIES & CONSTRUCTION,office_equipment,63000.0,1500.0,945000.0,-882000.0
Other Expenses,office_equipment,7700.0,1500.0,115500.0,-107800.0
COL  SUNIL DALAL (PROPRIETOR),office_equipment,70000.0,1500.0,1050000.0,-980000.0
QUTAB GOLF COURSE,office_equipment,156815.0,1500.0,2352225.0,-2195410.0
"DEPUTY DIRECTOR, HORT . DIVN 8",office_equipment,225136.0,1500.0,3377040.0,-3151904.0
EX. ENGR  NPD 6,office_equipment,346409.0,1500.0,5196135.0,-4849726.0
DY.DIRECTOR  HR   DIV  7,office_equipment,201222.0,1500.0,3018330.0,-2817108.0
HORT DIV  9,office_equipment,151466.0,1500.0,2271990.0,-2120524.0
Hort DWK,office_equipment,228273.0,1500.0,3424095.0,-3195822.0
DY DIRECTOR(HOR) DIV 6,office_equipment,215908.0,1500.0,3238620.0,-3022712.0
Dwarka Project  Division 1,office_equipment,221852.0,1500.0,3327780.0,-3105928.0
COL  SUNIL DALAL (PROPRIETOR),office_equipment,20000.0,1500.0,300000.0,-280000.0
Fisheries Animal Husbandry and Dairying,office_equipment,129479.0,1500.0,1942185.0,-1812706.0
CONVEYANCE EXPENSES,office_equipment,9568.0,1500.0,143520.0,-133952.0
Other Expenses,office_equipment,500.0,1500.0,7500.0,-7000.0
DEPARTMENT OF SPACE,air_conditioner,372371.0,1500.0,5585565.0,-5213194.0
HORT DIV  9,office_equipment,1214719.0,1500.0,18220785.0,-17006066.0
HORT DIV  9,office_equipment,812374.0,1500.0,12185610.0,-11373236.0
DY.DIRECTOR  HR   DIV  7,office_equipment,1966715.0,1500.0,29500725.0,-27534010.0
DY.DIRECTOR  HR   DIV  7,office_equipment,381397.0,1500.0,5720955.0,-5339558.0
DY.DIRECTOR  HR   DIV  7,office_equipment,173792.0,1500.0,2606880.0,-2433088.0
HORT DIV  9,office_equipment,154816.0,1500.0,2322240.0,-2167424.0
Security Deposit,office_equipment,495450.0,1500.0,7431750.0,-6936300.0
TRAINING SERVICES,office_equipment,600.0,1500.0,9000.0,-8400.0
ADVERTISMENT AND PUBLICITY,office_equipment,122148.0,1500.0,1832220.0,-1710072.0
ADONIS CREATIONS  PVT LTD,office_equipment,128256.0,1500.0,1923840.0,-1795584.0
COL  SUNIL DALAL (PROPRIETOR),office_equipment,100000.0,1500.0,1500000.0,-1400000.0
Bharat Sanchar Nigam Limited,office_equipment,1245021.84,1500.0,18675327.6,-17430305.76
STATIONERY FOR OFFICE,office_equipment,3968.0,1500.0,59520.0,-55552.0
ADVERTISMENT AND PUBLICITY,office_equipment,10000.0,1500.0,150000.0,-140000.0
DATA XGEN TECHNOLOGIES PVT LTD,office_equipment,295.0,1500.0,4425.0,-4130.0
COL  SUNIL DALAL (PROPRIETOR),office_equipment,25000.0,1500.0,375000.0,-350000.0
A.B.S.A. TRADERS PRIVATE LIMITED,office_equipment,5380.0,1500.0,80700.0,-75320.0
Software,software,250.0,4000.0,10000.0,-9750.0
Office  Equipments,office_equipment,4867.86,1500.0,73017.9,-68150.04
COL  SUNIL DALAL (PROPRIETOR),office_equipment,1953000.0,1500.0,29295000.0,-27342000.0
ELEGANT APPARELS,office_equipment,19387.25,1500.0,290808.75,-271421.5
MASTER RUBER WORKSS,office_equipment,18043.0,1500.0,270645.0,-252602.0
COL  SUNIL DALAL (PROPRIETOR),office_equipment,1065000.0,1500.0,15975000.0,-14910000.0
COL  SUNIL DALAL (PROPRIETOR),office_equipment,20000.0,1500.0,300000.0,-280000.0
PG MTNL,office_equipment,927046.0,1500.0,13905690.0,-12978644.0
QUTAB GOLF COURSE,office_equipment,140400.0,1500.0,2106000.0,-1965600.0
Miscellaneous,office_equipment,3000.0,1500.0,45000.0,-42000.0
R.S. ELECTRIC COMPANY,office_equipment,2950.0,1500.0,44250.0,-41300.0
ADVERTISMENT AND PUBLICITY,office_equipment,1654.49,1500.0,24817.35,-23162.86
Interest,office_equipment,35103.0,1500.0,526545.0,-491442.0
Office  Equipments,office_equipment,2400.0,1500.0,36000.0,-33600.0
PF Employer Contribution,office_equipment,743408.0,1500.0,11151120.0,-10407712.0
ESIC Employers Contribution,office_equipment,58804.24,1500.0,882063.6,-823259.36
OUTPUT CGST@9%,office_equipment,1634725.9,1500.0,24520888.5,-22886162.6
TDS Credit CGST,office_equipment,86807.0,1500.0,1302105.0,-1215298.0
CONVEYANCE EXPENSES,office_equipment,4500.0,1500.0,67500.0,-63000.0
Office Petty Expenses,office_equipment,274.0,1500.0,4110.0,-3836.0
CONVEYANCE EXPENSES,office_equipment,400.0,1500.0,6000.0,-5600.0
CONVEYANCE EXPENSES,office_equipment,400.0,1500.0,6000.0,-5600.0
Hort DWK,office_equipment,206489.0,1500.0,3097335.0,-2890846.0
"DEPUTY DIRECTOR, HORT . DIVN 8",office_equipment,169324.0,1500.0,2539860.0,-2370536.0
"DEPUTY DIRECTOR, HORT . DIVN 8",office_equipment,322261.0,1500.0,4833915.0,-4511654.0
"DEPUTY DIRECTOR, HORT . DIVN 8",office_equipment,1722712.0,1500.0,25840680.0,-24117968.0
DY DIRECTOR(HOR) DIV 6,office_equipment,1637389.0,1500.0,24560835.0,-22923446.0
"DEPUTY DIRECTOR, HORT . DIVN 8",office_equipment,187192.0,1500.0,2807880.0,-2620688.0
DY DIRECTOR(HOR) DIV 6,office_equipment,474255.0,1500.0,7113825.0,-6639570.0
Hort DWK,office_equipment,423544.0,1500.0,6353160.0,-5929616.0
Dwarka Project  Division 1,office_equipment,2227505.0,1500.0,33412575.0,-31185070.0
TDS Receivable @ 2%,office_equipment,37021.0,1500.0,555315.0,-518294.0
Vehicle Hire Charges,office_equipment,49000.0,1500.0,735000.0,-686000.0
Licenses,office_equipment,600.0,1500.0,9000.0,-8400.0
Airtech Private Limited,office_equipment,13917.0,1500.0,208755.0,-194838.0
Office Petty Expenses,office_equipment,2118.0,1500.0,31770.0,-29652.0
Office Petty Expenses,office_equipment,432.0,1500.0,6480.0,-6048.0
Other Expenses,office_equipment,1000.0,1500.0,15000.0,-14000.0
OFFICE  MAINTENANCE,office_equipment,2400.0,1500.0,36000.0,-33600.0
CONVEYANCE EXPENSES,office_equipment,140.0,1500.0,2100.0,-1960.0
COL  SUNIL DALAL (PROPRIETOR),office_equipment,1000000.0,1500.0,15000000.0,-14000000.0
Airtech Private Limited,office_equipment,15000.0,1500.0,225000.0,-210000.0
SBI OD A/C- 6791,office_equipment,1200000.0,1500.0,18000000.0,-16800000.0
CONVEYANCE EXPENSES,office_equipment,8100.0,1500.0,121500.0,-113400.0
National Company Law Appellate Tribunal,office_equipment,425658.08,1500.0,6384871.2,-5959213.12
"EXECUTIVE ENGR, HCD 10",office_equipment,1077467.41,1500.0,16162011.15,-15084543.74
QUTAB GOLF COURSE,office_equipment,2298432.97,1500.0,34476494.55,-32178061.58
Sub Regional Office Esic,office_equipment,814749.04,1500.0,12221235.6,-11406486.56
Bharat Sanchar Nigam Limited,office_equipment,1245021.84,1500.0,18675327.6,-17430305.76
DEPARTMENT OF SPACE,air_conditioner,398283.74,1500.0,5974256.1,-5575972.36
Fisheries Animal Husbandry and Dairying,office_equipment,138490.26,1500.0,2077353.9,-1938863.64
DY DIRECTOR(HOR) DIV 6,office_equipment,1374619.76,1500.0,20619296.4,-19244676.64
ROHIT TIWARI,office_equipment,50127.0,1500.0,751905.0,-701778.0
AAZAD ALUMINIUM & HARDWARE,office_equipment,2124.0,1500.0,31860.0,-29736.0
Pragmatic Educational Society,office_equipment,1416.0,1500.0,21240.0,-19824.0
CONVEYANCE EXPENSES,office_equipment,920.0,1500.0,13800.0,-12880.0
CONVEYANCE EXPENSES,office_equipment,1452.0,1500.0,21780.0,-20328.0
Software,software,3840.0,4000.0,153600.0,-149760.0
COL  SUNIL DALAL (PROPRIETOR),office_equipment,100000.0,1500.0,1500000.0,-1400000.0
COL  SUNIL DALAL (PROPRIETOR),office_equipment,200000.0,1500.0,3000000.0,-2800000.0
EX. ENGR  NPD 6,office_equipment,4138900.0,1500.0,62083500.0,-57944600.0
EX. ENGR  NPD 6,office_equipment,834050.0,1500.0,12510750.0,-11676700.0
Office  Equipments,office_equipment,1800.0,1500.0,27000.0,-25200.0
TDS Receivable @ 2%,office_equipment,74571.0,1500.0,1118565.0,-1043994.0
COL  SUNIL DALAL (PROPRIETOR),office_equipment,3738000.0,1500.0,56070000.0,-52332000.0
AMAZON.IN,office_equipment,828.82,1500.0,12432.3,-11603.48
SUSPESE ACCOUNT,air_conditioner,449.1,1500.0,6736.5,-6287.4
ELEGANT APPARELS,office_equipment,4134.0,1500.0,62010.0,-57876.0
THE RIGHT CHOICE,office_equipment,3968.0,1500.0,59520.0,-55552.0
COL  SUNIL DALAL (PROPRIETOR),office_equipment,800000.0,1500.0,12000000.0,-11200000.0
AMAZON.IN,office_equipment,529.0,1500.0,7935.0,-7406.0
Sub Regional Office Esic,office_equipment,788621.0,1500.0,11829315.0,-11040694.0
QUTAB GOLF COURSE,office_equipment,140400.0,1500.0,2106000.0,-1965600.0
QUTAB GOLF COURSE,office_equipment,1715342.0,1500.0,25730130.0,-24014788.0
QUTAB GOLF COURSE,office_equipment,307963.0,1500.0,4619445.0,-4311482.0
TDS Receivable @ 2%,office_equipment,37700.0,1500.0,565500.0,-527800.0
COL  SUNIL DALAL (PROPRIETOR),office_equipment,2230000.0,1500.0,33450000.0,-31220000.0
COL  SUNIL DALAL (PROPRIETOR),office_equipment,680000.0,1500.0,10200000.0,-9520000.0
CONVEYANCE EXPENSES,office_equipment,3247.0,1500.0,48705.0,-45458.0
CONVEYANCE EXPENSES,office_equipment,1620.0,1500.0,24300.0,-22680.0
COL  SUNIL DALAL (PROPRIETOR),office_equipment,50000.0,1500.0,750000.0,-700000.0
MASTER RUBER WORKSS,office_equipment,14435.0,1500.0,216525.0,-202090.0
CONVEYANCE EXPENSES,office_equipment,2000.0,1500.0,30000.0,-28000.0
CONVEYANCE EXPENSES,office_equipment,1780.0,1500.0,26700.0,-24920.0
MASTER RUBER WORKSS,office_equipment,14435.0,1500.0,216525.0,-202090.0
THE RIGHT CHOICE,office_equipment,1143.0,1500.0,17145.0,-16002.0
STATIONERY FOR OFFICE,office_equipment,3080.0,1500.0,46200.0,-43120.0
PRINTING AND STATIONARY,office_equipment,980.0,1500.0,14700.0,-13720.0
PRINTING AND STATIONARY,office_equipment,1652.54,1500.0,24788.1,-23135.56
SBI OD A/C- 6791,office_equipment,200000.0,1500.0,3000000.0,-2800000.0
OLIVE HERITAGE FOUNDATION,office_equipment,11800.0,1500.0,177000.0,-165200.0
NITIN ASSOCIATES,office_equipment,8500.0,1500.0,127500.0,-119000.0
IT SYSTEMS,office_equipment,1950.0,1500.0,29250.0,-27300.0
PF PAYABLE,office_equipment,1548768.0,1500.0,23231520.0,-21682752.0
Esic Payable,office_equipment,72796.0,1500.0,1091940.0,-1019144.0
CONVEYANCE EXPENSES,office_equipment,533.0,1500.0,7995.0,-7462.0
CONVEYANCE EXPENSES,office_equipment,200.0,1500.0,3000.0,-2800.0
CONVEYANCE EXPENSES,office_equipment,368.0,1500.0,5520.0,-5152.0
CONVEYANCE EXPENSES,office_equipment,1058.0,1500.0,15870.0,-14812.0
CONVEYANCE EXPENSES,office_equipment,1460.0,1500.0,21900.0,-20440.0
COL  SUNIL DALAL (PROPRIETOR),office_equipment,50000.0,1500.0,750000.0,-700000.0
COL  SUNIL DALAL (PROPRIETOR),office_equipment,40000.0,1500.0,600000.0,-560000.0
COL  SUNIL DALAL (PROPRIETOR),office_equipment,1543000.0,1500.0,23145000.0,-21602000.0
CONVEYANCE EXPENSES,office_equipment,1736.0,1500.0,26040.0,-24304.0
CONVEYANCE EXPENSES,office_equipment,1960.0,1500.0,29400.0,-27440.0
QUTAB GOLF COURSE,office_equipment,154684.0,1500.0,2320260.0,-2165576.0
"EXECUTIVE ENGR, HCD 10",office_equipment,92077.0,1500.0,1381155.0,-1289078.0
DY DIRECTOR(HOR) DIV 6,office_equipment,108414.0,1500.0,1626210.0,-1517796.0
RAJA PROPERTIES & CONSTRUCTION,office_equipment,63000.0,1500.0,945000.0,-882000.0
Other Expenses,office_equipment,8000.0,1500.0,120000.0,-112000.0
Other Expenses,office_equipment,1845.0,1500.0,27675.0,-25830.0
Other Expenses,office_equipment,4000.0,1500.0,60000.0,-56000.0
Bharat Sanchar Nigam Limited,office_equipment,1220122.0,1500.0,18301830.0,-17081708.0
DEPARTMENT OF SPACE,air_conditioner,384017.0,1500.0,5760255.0,-5376238.0
DY DIRECTOR(HOR) DIV 6,office_equipment,1118334.0,1500.0,16775010.0,-15656676.0
"DEPUTY DIRECTOR, HORT . DIVN 8",office_equipment,1647114.26,1500.0,24706713.9,-23059599.64
AGNI HUNTEX PRIVATE LIMITED,office_equipment,22656.0,1500.0,339840.0,-317184.0
COL  SUNIL DALAL (PROPRIETOR),office_equipment,50000.0,1500.0,750000.0,-700000.0
SBI OD A/C- 6791,office_equipment,300000.0,1500.0,4500000.0,-4200000.0
Security Deposit,office_equipment,61932.0,1500.0,928980.0,-867048.0
Office  Equipments,office_equipment,19200.0,1500.0,288000.0,-268800.0
STATIONERY FOR OFFICE,office_equipment,4223.0,1500.0,63345.0,-59122.0
Singhla Steel,office_equipment,1000.0,1500.0,15000.0,-14000.0
Office  Equipments,office_equipment,847.5,1500.0,12712.5,-11865.0
THE RIGHT CHOICE,office_equipment,4223.0,1500.0,63345.0,-59122.0
Fisheries Animal Husbandry and Dairying,office_equipment,133794.0,1500.0,2006910.0,-1873116.0
CONVEYANCE EXPENSES,office_equipment,3120.0,1500.0,46800.0,-43680.0
CONVEYANCE EXPENSES,office_equipment,3536.0,1500.0,53040.0,-49504.0
CONVEYANCE EXPENSES,office_equipment,2608.0,1500.0,39120.0,-36512.0
DOMAIN NAME PURCHASE,office_equipment,449.1,1500.0,6736.5,-6287.4
CONVEYANCE EXPENSES,office_equipment,3587.0,1500.0,53805.0,-50218.0
CONVEYANCE EXPENSES,office_equipment,3040.0,1500.0,45600.0,-42560.0
CONVEYANCE EXPENSES,office_equipment,100.0,1500.0,1500.0,-1400.0
CONVEYANCE EXPENSES,office_equipment,320.0,1500.0,4800.0,-4480.0
Interest,office_equipment,2705.0,1500.0,40575.0,-37870.0
PF Employer Contribution,office_equipment,755570.0,1500.0,11333550.0,-10577980.0
ESIC Employers Contribution,office_equipment,64405.92,1500.0,966088.8,-901682.88
OUTPUT CGST@9%,office_equipment,651121.9,1500.0,9766828.5,-9115706.6
TDS Credit CGST,office_equipment,132152.0,1500.0,1982280.0,-1850128.0
CONVEYANCE EXPENSES,office_equipment,660.0,1500.0,9900.0,-9240.0
CONVEYANCE EXPENSES,office_equipment,2060.0,1500.0,30900.0,-28840.0
SBI OD A/C- 6791,office_equipment,7500000.0,1500.0,112500000.0,-105000000.0
SBI OD A/C- 6791,office_equipment,300000.0,1500.0,4500000.0,-4200000.0
"DEPUTY DIRECTOR, HORT . DIVN 8",office_equipment,1300131.0,1500.0,19501965.0,-18201834.0
TDS Receivable @ 2%,office_equipment,27917.0,1500.0,418755.0,-390838.0
Miscellaneous,office_equipment,2000.0,1500.0,30000.0,-28000.0
COL  SUNIL DALAL (PROPRIETOR),office_equipment,600000.0,1500.0,9000000.0,-8400000.0
REPAIRS AND MAINTENANCE,office_equipment,1050.0,1500.0,15750.0,-14700.0
National Company Law Appellate Tribunal,office_equipment,411228.0,1500.0,6168420.0,-5757192.0
EX. ENGR  NPD 6,office_equipment,4397931.31,1500.0,65968969.65,-61571038.34
DY DIRECTOR(HOR) DIV 6,office_equipment,1330276.54,1500.0,19954148.1,-18623871.56
DY.DIRECTOR  HR   DIV  7,office_equipment,2482059.2,1500.0,37230888.0,-34748828.8
HORT DIV  9,office_equipment,2032911.43,1500.0,30493671.45,-28460760.02
Dwarka Project  Division 1,office_equipment,2366910.24,1500.0,35503653.6,-33136743.36
National Company Law Appellate Tribunal,office_equipment,751161.29,1500.0,11267419.35,-10516258.06
QUTAB GOLF COURSE,office_equipment,2224289.98,1500.0,33364349.7,-31140059.72
Sub Regional Office Esic,office_equipment,814749.04,1500.0,12221235.6,-11406486.56
Bharat Sanchar Nigam Limited,office_equipment,1245021.84,1500.0,18675327.6,-17430305.76
DEPARTMENT OF SPACE,air_conditioner,385435.88,1500.0,5781538.2,-5396102.32
Fisheries Animal Husbandry and Dairying,office_equipment,134022.83,1500.0,2010342.45,-1876319.62
Hort DWK,office_equipment,2870685.12,1500.0,43060276.8,-40189591.68
Ex Engineer NPD 8,office_equipment,652972.88,1500.0,9794593.2,-9141620.32
Bharat Sanchar Nigam Limited,office_equipment,80626.23,1500.0,1209393.45,-1128767.22
R.S. ELECTRIC COMPANY,office_equipment,7198.0,1500.0,107970.0,-100772.0
CONVEYANCE EXPENSES,office_equipment,2720.0,1500.0,40800.0,-38080.0
CONVEYANCE EXPENSES,office_equipment,3010.0,1500.0,45150.0,-42140.0
CONVEYANCE EXPENSES,office_equipment,600.0,1500.0,9000.0,-8400.0
Office  Equipments,office_equipment,250.0,1500.0,3750.0,-3500.0
Office  Equipments,office_equipment,6000.0,1500.0,90000.0,-84000.0
STATIONERY FOR OFFICE,office_equipment,2321.0,1500.0,34815.0,-32494.0
STATIONERY FOR OFFICE,office_equipment,2475.0,1500.0,37125.0,-34650.0
Vehicle Hire Charges,office_equipment,49000.0,1500.0,735000.0,-686000.0
ROHIT TIWARI,office_equipment,38700.0,1500.0,580500.0,-541800.0
ELEGANT APPARELS,office_equipment,19230.0,1500.0,288450.0,-269220.0
CONVEYANCE EXPENSES,office_equipment,3375.0,1500.0,50625.0,-47250.0
Miscellaneous,office_equipment,1770.0,1500.0,26550.0,-24780.0
Miscellaneous,office_equipment,7100.0,1500.0,106500.0,-99400.0
CONVEYANCE EXPENSES,office_equipment,5700.0,1500.0,85500.0,-79800.0
Miscellaneous,office_equipment,6384.0,1500.0,95760.0,-89376.0
Other Expenses,office_equipment,1000.0,1500.0,15000.0,-14000.0
CONVEYANCE EXPENSES,office_equipment,140.0,1500.0,2100.0,-1960.0
CONVEYANCE EXPENSES,office_equipment,200.0,1500.0,3000.0,-2800.0
CONVEYANCE EXPENSES,office_equipment,700.0,1500.0,10500.0,-9800.0
COL  SUNIL DALAL (PROPRIETOR),office_equipment,100000.0,1500.0,1500000.0,-1400000.0
CONVEYANCE EXPENSES,office_equipment,1400.0,1500.0,21000.0,-19600.0
CONVEYANCE EXPENSES,office_equipment,1960.0,1500.0,29400.0,-27440.0
Sub Regional Office Esic,office_equipment,788621.0,1500.0,11829315.0,-11040694.0
ADVERTISMENT AND PUBLICITY,office_equipment,10000.0,1500.0,150000.0,-140000.0
IT SYSTEMS,office_equipment,5500.0,1500.0,82500.0,-77000.0
SBI OD A/C- 6791,office_equipment,1200000.0,1500.0,18000000.0,-16800000.0
MASTER RUBER WORKSS,office_equipment,25862.0,1500.0,387930.0,-362068.0
Bawa Canvas Sore,office_equipment,7403.0,1500.0,111045.0,-103642.0
THE RIGHT CHOICE,office_equipment,4796.0,1500.0,71940.0,-67144.0
PF PAYABLE,office_equipment,1574104.0,1500.0,23611560.0,-22037456.0
Esic Payable,office_equipment,79217.0,1500.0,1188255.0,-1109038.0
ESSAR ASSOCIATES,office_equipment,2688.0,1500.0,40320.0,-37632.0
Office  Equipments,office_equipment,2148.0,1500.0,32220.0,-30072.0
CONVEYANCE EXPENSES,office_equipment,300.0,1500.0,4500.0,-4200.0
Office  Equipments,office_equipment,2400.0,1500.0,36000.0,-33600.0
Office  Equipments,office_equipment,7050.0,1500.0,105750.0,-98700.0
QUTAB GOLF COURSE,office_equipment,158089.0,1500.0,2371335.0,-2213246.0
EX. ENGR  NPD 6,office_equipment,348340.0,1500.0,5225100.0,-4876760.0
DY.DIRECTOR  HR   DIV  7,office_equipment,206977.0,1500.0,3104655.0,-2897678.0
HORT DIV  9,office_equipment,148804.0,1500.0,2232060.0,-2083256.0
Hort DWK,office_equipment,235801.0,1500.0,3537015.0,-3301214.0
DY DIRECTOR(HOR) DIV 6,office_equipment,107383.0,1500.0,1610745.0,-1503362.0
Dwarka Project  Division 1,office_equipment,230053.0,1500.0,3450795.0,-3220742.0
Common Other Misc. Services,office_equipment,16200.0,1500.0,243000.0,-226800.0
DEPARTMENT OF SPACE,air_conditioner,372372.0,1500.0,5585580.0,-5213208.0
QUTAB GOLF COURSE,office_equipment,340959.0,1500.0,5114385.0,-4773426.0
QUTAB GOLF COURSE,office_equipment,1772521.0,1500.0,26587815.0,-24815294.0
QUTAB GOLF COURSE,office_equipment,140400.0,1500.0,2106000.0,-1965600.0
QUTAB GOLF COURSE,office_equipment,339298.0,1500.0,5089470.0,-4750172.0
TDS Receivable @ 2%,office_equipment,38957.0,1500.0,584355.0,-545398.0
COL  SUNIL DALAL (PROPRIETOR),office_equipment,120000.0,1500.0,1800000.0,-1680000.0
EX. ENGR  NPD 6,office_equipment,1405872.06,1500.0,21088080.9,-19682208.84
"DEPUTY DIRECTOR, HORT . DIVN 8",office_equipment,1074204.96,1500.0,16113074.4,-15038869.44
"DEPUTY DIRECTOR, HORT . DIVN 8",office_equipment,227453.0,1500.0,3411795.0,-3184342.0
RAJA PROPERTIES & CONSTRUCTION,office_equipment,63000.0,1500.0,945000.0,-882000.0
IT SYSTEMS,office_equipment,5500.0,1500.0,82500.0,-77000.0
DY.DIRECTOR  HR   DIV  7,office_equipment,1966717.0,1500.0,29500755.0,-27534038.0
"Dy. Director, Hort 5",office_equipment,40194.0,1500.0,602910.0,-562716.0
DY DIRECTOR(HOR) DIV 6,office_equipment,1082259.0,1500.0,16233885.0,-15151626.0
Sunshine Engineers,office_equipment,75000.0,1500.0,1125000.0,-1050000.0
IT SYSTEMS,office_equipment,10500.0,1500.0,157500.0,-147000.0
COL  SUNIL DALAL (PROPRIETOR),office_equipment,75000.0,1500.0,1125000.0,-1050000.0
TRAINING SERVICES,office_equipment,3600.0,1500.0,54000.0,-50400.0
PRINTING AND STATIONARY,office_equipment,8898.36,1500.0,133475.4,-124577.04
Dwarka Project  Division 1,office_equipment,297440.0,1500.0,4461600.0,-4164160.0
R.S. ELECTRIC COMPANY,office_equipment,3658.0,1500.0,54870.0,-51212.0
Bharat Sanchar Nigam Limited,office_equipment,1220122.0,1500.0,18301830.0,-17081708.0
Office  Equipments,office_equipment,3000.0,1500.0,45000.0,-42000.0
Chintpurni Overseas Private Limited,office_equipment,51233.14,1500.0,768497.1,-717263.96
Pragmatic Educational Society,office_equipment,4248.0,1500.0,63720.0,-59472.0
Karnataka BHAWAN,office_equipment,238728.0,1500.0,3580920.0,-3342192.0
COL  SUNIL DALAL (PROPRIETOR),office_equipment,300000.0,1500.0,4500000.0,-4200000.0
FDR Interest,office_equipment,14096.0,1500.0,211440.0,-197344.0
STATIONERY FOR OFFICE,office_equipment,2625.0,1500.0,39375.0,-36750.0
STATIONERY FOR OFFICE,office_equipment,1328.0,1500.0,19920.0,-18592.0
National Company Law Appellate Tribunal,office_equipment,725697.0,1500.0,10885455.0,-10159758.0
Fisheries Animal Husbandry and Dairying,office_equipment,129479.0,1500.0,1942185.0,-1812706.0
COL  SUNIL DALAL (PROPRIETOR),office_equipment,2858000.0,1500.0,42870000.0,-40012000.0
EX. ENGR  NPD 6,office_equipment,4232627.0,1500.0,63489405.0,-59256778.0
Software,software,4500.0,4000.0,180000.0,-175500.0
OUTPUT CGST@9%,office_equipment,1607830.0,1500.0,24117450.0,-22509620.0
ANU INTERNATIONAL,office_equipment,5310.0,1500.0,79650.0,-74340.0
Interest,office_equipment,43230.0,1500.0,648450.0,-605220.0
PF Employer Contribution,office_equipment,753774.0,1500.0,11306610.0,-10552836.0
ESIC Employers Contribution,office_equipment,65128.4,1500.0,976926.0,-911797.6
Hort DWK,office_equipment,2870685.12,1500.0,43060276.8,-40189591.68
Ex Engineer NPD 8,office_equipment,743809.0,1500.0,11157135.0,-10413326.0
STATIONERY FOR OFFICE,office_equipment,2428.0,1500.0,36420.0,-33992.0
STATIONERY FOR OFFICE,office_equipment,793.0,1500.0,11895.0,-11102.0
TRAVELLING EXPENSES,office_equipment,13010.91,1500.0,195163.65,-182152.74
Other Expenses,office_equipment,350.0,1500.0,5250.0,-4900.0
Other Expenses,office_equipment,2652.65,1500.0,39789.75,-37137.1
CONVEYANCE EXPENSES,office_equipment,2270.0,1500.0,34050.0,-31780.0
Other Expenses,office_equipment,2602.2,1500.0,39033.0,-36430.8
Vehicle Hire Charges,office_equipment,49000.0,1500.0,735000.0,-686000.0
COL  SUNIL DALAL (PROPRIETOR),office_equipment,876000.0,1500.0,13140000.0,-12264000.0
SBI OD A/C- 6791,office_equipment,8200000.0,1500.0,123000000.0,-114800000.0
NITIN ASSOCIATES,office_equipment,47500.0,1500.0,712500.0,-665000.0
ROHIT TIWARI,office_equipment,40595.0,1500.0,608925.0,-568330.0
COL  SUNIL DALAL (PROPRIETOR),office_equipment,250000.0,1500.0,3750000.0,-3500000.0
National Company Law Appellate Tribunal,office_equipment,776200.02,1500.0,11643000.3,-10866800.28
QUTAB GOLF COURSE,office_equipment,2298432.97,1500.0,34476494.55,-32178061.58
Sub Regional Office Esic,office_equipment,814748.99,1500.0,12221234.85,-11406485.86
Bharat Sanchar Nigam Limited,office_equipment,1122960.87,1500.0,16844413.05,-15721452.18
DEPARTMENT OF SPACE,air_conditioner,394741.81,1500.0,5921127.15,-5526385.34
Fisheries Animal Husbandry and Dairying,office_equipment,138490.26,1500.0,2077353.9,-1938863.64
Bharat Sanchar Nigam Limited,office_equipment,24240.57,1500.0,363608.55,-339367.98
Hort DWK,office_equipment,2870685.12,1500.0,43060276.8,-40189591.68
SBI OD A/C- 6791,office_equipment,1500000.0,1500.0,22500000.0,-21000000.0
Security Deposit,office_equipment,265839.0,1500.0,3987585.0,-3721746.0
HORT DIV  9,office_equipment,1628994.0,1500.0,24434910.0,-22805916.0
"DEPUTY DIRECTOR, HORT . DIVN 8",office_equipment,207776.0,1500.0,3116640.0,-2908864.0
"DEPUTY DIRECTOR, HORT . DIVN 8",office_equipment,851169.0,1500.0,12767535.0,-11916366.0
"EXECUTIVE ENGR, HCD 10",office_equipment,2487703.0,1500.0,37315545.0,-34827842.0
HORT DIV  9,office_equipment,151467.0,1500.0,2272005.0,-2120538.0
TDS Receivable @ 2%,office_equipment,18207.0,1500.0,273105.0,-254898.0
Miscellaneous,office_equipment,100.0,1500.0,1500.0,-1400.0
Miscellaneous,office_equipment,16900.0,1500.0,253500.0,-236600.0
THE RIGHT CHOICE,office_equipment,7174.0,1500.0,107610.0,-100436.0
COL  SUNIL DALAL (PROPRIETOR),office_equipment,100000.0,1500.0,1500000.0,-1400000.0
QUTAB GOLF COURSE,office_equipment,1715342.0,1500.0,25730130.0,-24014788.0
TDS Receivable @ 2%,office_equipment,37700.0,1500.0,565500.0,-527800.0
Raitel Corporation of India Limited,office_equipment,2950.0,1500.0,44250.0,-41300.0
TRAVELLING EXPENSES,office_equipment,9238.54,1500.0,138578.1,-129339.56
Miscellaneous,office_equipment,1290.36,1500.0,19355.4,-18065.04
Miscellaneous,office_equipment,2490.0,1500.0,37350.0,-34860.0
Software,software,2500.0,4000.0,100000.0,-97500.0
CONVEYANCE EXPENSES,office_equipment,3507.0,1500.0,52605.0,-49098.0
CONVEYANCE EXPENSES,office_equipment,10152.0,1500.0,152280.0,-142128.0
Hort DWK,office_equipment,1929477.0,1500.0,28942155.0,-27012678.0
CONVEYANCE EXPENSES,office_equipment,696.0,1500.0,10440.0,-9744.0
CONVEYANCE EXPENSES,office_equipment,660.0,1500.0,9900.0,-9240.0
ELEGANT APPARELS,office_equipment,30000.0,1500.0,450000.0,-420000.0
MASTER RUBER WORKSS,office_equipment,16239.0,1500.0,243585.0,-227346.0
IT SYSTEMS,office_equipment,3900.0,1500.0,58500.0,-54600.0
NITIN ASSOCIATES,office_equipment,8500.0,1500.0,127500.0,-119000.0
CONVEYANCE EXPENSES,office_equipment,2905.0,1500.0,43575.0,-40670.0
COL  SUNIL DALAL (PROPRIETOR),office_equipment,75000.0,1500.0,1125000.0,-1050000.0
PRINTING AND STATIONARY,office_equipment,3305.08,1500.0,49576.2,-46271.12
SBI OD A/C- 6791,office_equipment,1200000.0,1500.0,18000000.0,-16800000.0
PF PAYABLE,office_equipment,1570362.0,1500.0,23555430.0,-21985068.0
Esic Payable,office_equipment,85329.0,1500.0,1279935.0,-1194606.0
CONVEYANCE EXPENSES,office_equipment,1736.0,1500.0,26040.0,-24304.0
CONVEYANCE EXPENSES,office_equipment,1904.0,1500.0,28560.0,-26656.0
CONVEYANCE EXPENSES,office_equipment,3040.0,1500.0,45600.0,-42560.0
Office Petty Expenses,office_equipment,5000.0,1500.0,75000.0,-70000.0
QUTAB GOLF COURSE,office_equipment,350608.0,1500.0,5259120.0,-4908512.0
QUTAB GOLF COURSE,office_equipment,140400.0,1500.0,2106000.0,-1965600.0
QUTAB GOLF COURSE,office_equipment,162045.0,1500.0,2430675.0,-2268630.0
RAJA PROPERTIES & CONSTRUCTION,office_equipment,63000.0,1500.0,945000.0,-882000.0
COL  SUNIL DALAL (PROPRIETOR),office_equipment,50000.0,1500.0,750000.0,-700000.0
"EXECUTIVE ENGR, HCD 10",office_equipment,185519.0,1500.0,2782785.0,-2597266.0
SBI OD A/C- 6791,office_equipment,1700000.0,1500.0,25500000.0,-23800000.0
Bharat Sanchar Nigam Limited,office_equipment,1195222.0,1500.0,17928330.0,-16733108.0
"DEPUTY DIRECTOR, HORT . DIVN 8",office_equipment,1181625.43,1500.0,17724381.45,-16542756.02
"DEPUTY DIRECTOR, HORT . DIVN 8",office_equipment,433366.8,1500.0,6500502.0,-6067135.2
Hort DWK,office_equipment,789339.76,1500.0,11840096.4,-11050756.64
Chintpurni Overseas Private Limited,office_equipment,51233.0,1500.0,768495.0,-717262.0
Miscellaneous,office_equipment,4000.0,1500.0,60000.0,-56000.0
Common Other Misc. Services,office_equipment,17700.0,1500.0,265500.0,-247800.0
Sub Regional Office Esic,office_equipment,794034.0,1500.0,11910510.0,-11116476.0
DEPARTMENT OF SPACE,air_conditioner,381361.0,1500.0,5720415.0,-5339054.0
Fisheries Animal Husbandry and Dairying,office_equipment,133794.0,1500.0,2006910.0,-1873116.0
Dwarka Project  Division 1,office_equipment,2227503.0,1500.0,33412545.0,-31185042.0
Vehicle Maintenance Charges,office_equipment,32613.6,1500.0,489204.0,-456590.4
Vehicle Maintenance Charges,office_equipment,30250.0,1500.0,453750.0,-423500.0
Liftech India Private Limited,office_equipment,35695.0,1500.0,535425.0,-499730.0
Liftech India Private Limited,office_equipment,38484.0,1500.0,577260.0,-538776.0
COL  SUNIL DALAL (PROPRIETOR),office_equipment,70000.0,1500.0,1050000.0,-980000.0
ADVERTISMENT AND PUBLICITY,office_equipment,10000.0,1500.0,150000.0,-140000.0
STATIONERY FOR OFFICE,office_equipment,2576.0,1500.0,38640.0,-36064.0
Ex Engineer NPD 8,office_equipment,652972.88,1500.0,9794593.2,-9141620.32
Apartment of Owners Welfare,office_equipment,29500.0,1500.0,442500.0,-413000.0
Ex Engineer NPD 8,office_equipment,646651.31,1500.0,9699769.65,-9053118.34
Ex Engineer NPD 8,office_equipment,64287.0,1500.0,964305.0,-900018.0
SBI OD A/C- 6791,office_equipment,1400000.0,1500.0,21000000.0,-19600000.0
ELEGANT APPARELS,office_equipment,28820.0,1500.0,432300.0,-403480.0
Miscellaneous,office_equipment,400.0,1500.0,6000.0,-5600.0
CONVEYANCE EXPENSES,office_equipment,1220.0,1500.0,18300.0,-17080.0
CONVEYANCE EXPENSES,office_equipment,2398.0,1500.0,35970.0,-33572.0
Office Petty Expenses,office_equipment,50.0,1500.0,750.0,-700.0
COL  SUNIL DALAL (PROPRIETOR),office_equipment,30000.0,1500.0,450000.0,-420000.0
DY.DIRECTOR  HR   DIV  7,office_equipment,378619.0,1500.0,5679285.0,-5300666.0
DY DIRECTOR(HOR) DIV 6,office_equipment,196725.0,1500.0,2950875.0,-2754150.0
DY.DIRECTOR  HR   DIV  7,office_equipment,270540.0,1500.0,4058100.0,-3787560.0
EX. ENGR  NPD 6,office_equipment,1143761.0,1500.0,17156415.0,-16012654.0
Security Deposit,office_equipment,200000.0,1500.0,3000000.0,-2800000.0
SBI OD A/C- 6791,office_equipment,30000.0,1500.0,450000.0,-420000.0
STATIONERY FOR OFFICE,office_equipment,789.0,1500.0,11835.0,-11046.0
STATIONERY FOR OFFICE,office_equipment,2697.0,1500.0,40455.0,-37758.0
Miscellaneous,office_equipment,1618.0,1500.0,24270.0,-22652.0
National Company Law Appellate Tribunal,office_equipment,749888.0,1500.0,11248320.0,-10498432.0
COL  SUNIL DALAL (PROPRIETOR),office_equipment,20000.0,1500.0,300000.0,-280000.0
Chintpurni Overseas Private Limited,office_equipment,62211.68,1500.0,933175.2,-870963.52
Miscellaneous,office_equipment,1215.0,1500.0,18225.0,-17010.0
Interest,office_equipment,21177.0,1500.0,317655.0,-296478.0
PF Employer Contribution,office_equipment,672425.0,1500.0,10086375.0,-9413950.0
ESIC Employers Contribution,office_equipment,58216.82,1500.0,873252.3,-815035.48
OUTPUT CGST@9%,office_equipment,946838.0,1500.0,14202570.0,-13255732.0
TDS Credit CGST,office_equipment,125716.0,1500.0,1885740.0,-1760024.0
CONVEYANCE EXPENSES,office_equipment,3488.0,1500.0,52320.0,-48832.0
CONVEYANCE EXPENSES,office_equipment,9700.0,1500.0,145500.0,-135800.0
Vehicle Hire Charges,office_equipment,49000.0,1500.0,735000.0,-686000.0
EX. ENGR  NPD 6,office_equipment,4470028.54,1500.0,67050428.1,-62580399.56
DY DIRECTOR(HOR) DIV 6,office_equipment,2749238.34,1500.0,41238575.1,-38489336.76
DY DIRECTOR(HOR) DIV 6,office_equipment,574381.52,1500.0,8615722.8,-8041341.28
DY.DIRECTOR  HR   DIV  7,office_equipment,2522749.14,1500.0,37841237.1,-35318487.96
DY.DIRECTOR  HR   DIV  7,office_equipment,685513.92,1500.0,10282708.8,-9597194.88
HORT DIV  9,office_equipment,2066237.83,1500.0,30993567.45,-28927329.62
HORT DIV  9,office_equipment,452235.0,1500.0,6783525.0,-6331290.0
EX. ENGR  NPD 6,office_equipment,362978.0,1500.0,5444670.0,-5081692.0
DY.DIRECTOR  HR   DIV  7,office_equipment,212674.0,1500.0,3190110.0,-2977436.0
COL  SUNIL DALAL (PROPRIETOR),office_equipment,1000000.0,1500.0,15000000.0,-14000000.0
Miscellaneous,office_equipment,7000.0,1500.0,105000.0,-98000.0
"DEPUTY DIRECTOR, HORT . DIVN 8",office_equipment,333186.0,1500.0,4997790.0,-4664604.0
"DEPUTY DIRECTOR, HORT . DIVN 8",office_equipment,208282.0,1500.0,3124230.0,-2915948.0
"DEPUTY DIRECTOR, HORT . DIVN 8",office_equipment,251254.0,1500.0,3768810.0,-3517556.0
Hort DWK,office_equipment,437901.0,1500.0,6568515.0,-6130614.0
SBI OD A/C- 6791,office_equipment,7200000.0,1500.0,108000000.0,-100800000.0
ROHIT TIWARI,office_equipment,42419.0,1500.0,636285.0,-593866.0
COL  SUNIL DALAL (PROPRIETOR),office_equipment,225000.0,1500.0,3375000.0,-3150000.0
National Company Law Appellate Tribunal,office_equipment,776200.02,1500.0,11643000.3,-10866800.28
QUTAB GOLF COURSE,office_equipment,2298432.97,1500.0,34476494.55,-32178061.58
Sub Regional Office Esic,office_equipment,814748.99,1500.0,12221234.85,-11406485.86
Bharat Sanchar Nigam Limited,office_equipment,1147215.0,1500.0,17208225.0,-16061010.0
Dwarka Project  Division 1,office_equipment,2385839.64,1500.0,35787594.6,-33401754.96
DEPARTMENT OF SPACE,air_conditioner,397491.7,1500.0,5962375.5,-5564883.8
Fisheries Animal Husbandry and Dairying,office_equipment,138490.26,1500.0,2077353.9,-1938863.64
Chintpurni Overseas Private Limited,office_equipment,62211.68,1500.0,933175.2,-870963.52
CONVEYANCE EXPENSES,office_equipment,1472.0,1500.0,22080.0,-20608.0
COL  SUNIL DALAL (PROPRIETOR),office_equipment,60000.0,1500.0,900000.0,-840000.0
SBI OD A/C- 6791,office_equipment,500000.0,1500.0,7500000.0,-7000000.0
FDR,office_equipment,657887.0,1500.0,9868305.0,-9210418.0
COL  SUNIL DALAL (PROPRIETOR),office_equipment,265000.0,1500.0,3975000.0,-3710000.0
THE RIGHT CHOICE,office_equipment,6062.0,1500.0,90930.0,-84868.0
Soft Fab India,office_equipment,11100.0,1500.0,166500.0,-155400.0
TRAINING SERVICES,office_equipment,6000.0,1500.0,90000.0,-84000.0
STATIONERY FOR OFFICE,office_equipment,2572.0,1500.0,38580.0,-36008.0
CONVEYANCE EXPENSES,office_equipment,8740.0,1500.0,131100.0,-122360.0
Hort DWK,office_equipment,2262652.0,1500.0,33939780.0,-31677128.0
Liftech India Private Limited,office_equipment,29074.0,1500.0,436110.0,-407036.0
Vehicle Maintenance Charges,office_equipment,24639.0,1500.0,369585.0,-344946.0
SBI OD A/C- 6791,office_equipment,1500000.0,1500.0,22500000.0,-21000000.0
PF PAYABLE,office_equipment,1401235.0,1500.0,21018525.0,-19617290.0
PF PAYABLE,office_equipment,3750.0,1500.0,56250.0,-52500.0
PF PAYABLE,office_equipment,7500.0,1500.0,112500.0,-105000.0
Esic Payable,office_equipment,75165.0,1500.0,1127475.0,-1052310.0
QUTAB GOLF COURSE,office_equipment,147431.0,1500.0,2211465.0,-2064034.0
"DEPUTY DIRECTOR, HORT . DIVN 8",office_equipment,189534.0,1500.0,2843010.0,-2653476.0
HORT DIV  9,office_equipment,151967.0,1500.0,2279505.0,-2127538.0
Hort DWK,office_equipment,169764.0,1500.0,2546460.0,-2376696.0
DY DIRECTOR(HOR) DIV 6,office_equipment,224178.0,1500.0,3362670.0,-3138492.0
Dwarka Project  Division 1,office_equipment,230666.0,1500.0,3459990.0,-3229324.0
RAJA PROPERTIES & CONSTRUCTION,office_equipment,63000.0,1500.0,945000.0,-882000.0
CONVEYANCE EXPENSES,office_equipment,1560.0,1500.0,23400.0,-21840.0
COL  SUNIL DALAL (PROPRIETOR),office_equipment,50000.0,1500.0,750000.0,-700000.0
COL  SUNIL DALAL (PROPRIETOR),office_equipment,15000.0,1500.0,225000.0,-210000.0
Bharat Sanchar Nigam Limited,office_equipment,1220122.0,1500.0,18301830.0,-17081708.0
Ex Engineer NPD 8,office_equipment,70228.0,1500.0,1053420.0,-983192.0
DEPARTMENT OF SPACE,air_conditioner,384019.0,1500.0,5760285.0,-5376266.0
CONVEYANCE EXPENSES,office_equipment,4643.0,1500.0,69645.0,-65002.0
Sub Regional Office Esic,office_equipment,792240.0,1500.0,11883600.0,-11091360.0
QUTAB GOLF COURSE,office_equipment,339298.0,1500.0,5089470.0,-4750172.0
Dwarka Project  Division 1,office_equipment,221852.0,1500.0,3327780.0,-3105928.0
Dwarka Project  Division 1,office_equipment,230053.0,1500.0,3450795.0,-3220742.0
Fisheries Animal Husbandry and Dairying,office_equipment,133794.0,1500.0,2006910.0,-1873116.0
EX. ENGR  NPD 6,office_equipment,4318502.0,1500.0,64777530.0,-60459028.0
COL  SUNIL DALAL (PROPRIETOR),office_equipment,215000.0,1500.0,3225000.0,-3010000.0
COL  SUNIL DALAL (PROPRIETOR),office_equipment,750000.0,1500.0,11250000.0,-10500000.0
National Company Law Appellate Tribunal,office_equipment,749880.0,1500.0,11248200.0,-10498320.0
SBI OD A/C- 6791,office_equipment,50000.0,1500.0,750000.0,-700000.0
SBI OD A/C- 6791,office_equipment,200000.0,1500.0,3000000.0,-2800000.0
GOVERNMENT MARKETPLACE (GEM),air_conditioner,132375.17,1500.0,1985627.55,-1853252.38
Chintpurni Overseas Private Limited,office_equipment,62000.0,1500.0,930000.0,-868000.0
QUTAB GOLF COURSE,office_equipment,78000.0,1500.0,1170000.0,-1092000.0
ELEGANT APPARELS,office_equipment,25206.0,1500.0,378090.0,-352884.0
CONVEYANCE EXPENSES,office_equipment,5248.0,1500.0,78720.0,-73472.0
COL  SUNIL DALAL (PROPRIETOR),office_equipment,50000.0,1500.0,750000.0,-700000.0
Interest,office_equipment,24557.0,1500.0,368355.0,-343798.0
ESIC Employers Contribution,office_equipment,53227.44,1500.0,798411.6,-745184.16
PF Employer Contribution,office_equipment,497751.0,1500.0,7466265.0,-6968514.0
OUTPUT CGST@9%,office_equipment,1609263.32,1500.0,24138949.8,-22529686.48
TDS Credit CGST,office_equipment,86444.0,1500.0,1296660.0,-1210216.0
Cash,office_equipment,19794.0,1500.0,296910.0,-277116.0
CONVEYANCE EXPENSES,office_equipment,3600.0,1500.0,54000.0,-50400.0
QUTAB GOLF COURSE,office_equipment,987962.0,1500.0,14819430.0,-13831468.0
QUTAB GOLF COURSE,office_equipment,987962.0,1500.0,14819430.0,-13831468.0
DY.DIRECTOR  HR   DIV  7,office_equipment,1998958.0,1500.0,29984370.0,-27985412.0
DY.DIRECTOR  HR   DIV  7,office_equipment,557708.0,1500.0,8365620.0,-7807912.0
TDS Receivable @ 2%,office_equipment,21713.0,1500.0,325695.0,-303982.0
TDS Receivable @ 2%,office_equipment,21713.0,1500.0,325695.0,-303982.0
COL  SUNIL DALAL (PROPRIETOR),office_equipment,4400000.0,1500.0,66000000.0,-61600000.0
Vehicle Hire Charges,office_equipment,49000.0,1500.0,735000.0,-686000.0
SBI OD A/C- 6791,office_equipment,2000000.0,1500.0,30000000.0,-28000000.0
PG CWC,office_equipment,1901942.0,1500.0,28529130.0,-26627188.0
PG Hort-7,office_equipment,674840.0,1500.0,10122600.0,-9447760.0
PG Hort-7,office_equipment,53682.0,1500.0,805230.0,-751548.0
Miscellaneous,office_equipment,17656.0,1500.0,264840.0,-247184.0
Miscellaneous,office_equipment,100.0,1500.0,1500.0,-1400.0
COL  SUNIL DALAL (PROPRIETOR),office_equipment,50000.0,1500.0,750000.0,-700000.0
STATIONERY FOR OFFICE,office_equipment,2466.0,1500.0,36990.0,-34524.0
ROHIT TIWARI,office_equipment,40510.0,1500.0,607650.0,-567140.0
COL  SUNIL DALAL (PROPRIETOR),office_equipment,25000.0,1500.0,375000.0,-350000.0
COL  SUNIL DALAL (PROPRIETOR),office_equipment,75000.0,1500.0,1125000.0,-1050000.0
SBI OD A/C- 6791,office_equipment,5200000.0,1500.0,78000000.0,-72800000.0
SBI OD A/C- 6791,office_equipment,520000.0,1500.0,7800000.0,-7280000.0
MASTER RUBER WORKSS,office_equipment,8458.0,1500.0,126870.0,-118412.0
Dwarka Project  Division 1,office_equipment,2385839.64,1500.0,35787594.6,-33401754.96
QUTAB GOLF COURSE,office_equipment,2224289.98,1500.0,33364349.7,-31140059.72
Sub Regional Office Esic,office_equipment,814748.99,1500.0,12221234.85,-11406485.86
Bharat Sanchar Nigam Limited,office_equipment,1271913.0,1500.0,19078695.0,-17806782.0
DEPARTMENT OF SPACE,air_conditioner,385435.87,1500.0,5781538.05,-5396102.18
Fisheries Animal Husbandry and Dairying,office_equipment,134022.83,1500.0,2010342.45,-1876319.62
Dwarka Project  Division 1,office_equipment,3559830.12,1500.0,53397451.8,-49837621.68
"EXECUTIVE ENGR, HCD 10",office_equipment,1984188.6,1500.0,29762829.0,-27778640.4
"EXECUTIVE ENGR, HCD 10",office_equipment,124034.52,1500.0,1860517.8,-1736483.28
ELEGANT APPARELS,office_equipment,21968.0,1500.0,329520.0,-307552.0
CONVEYANCE EXPENSES,office_equipment,6504.0,1500.0,97560.0,-91056.0
CONVEYANCE EXPENSES,office_equipment,2700.0,1500.0,40500.0,-37800.0
COL  SUNIL DALAL (PROPRIETOR),office_equipment,200000.0,1500.0,3000000.0,-2800000.0
PRINTING AND STATIONARY,office_equipment,10550.9,1500.0,158263.5,-147712.6
COL  SUNIL DALAL (PROPRIETOR),office_equipment,4700000.0,1500.0,70500000.0,-65800000.0
STATIONERY FOR OFFICE,office_equipment,1517.0,1500.0,22755.0,-21238.0
Dwarka Project  Division 1,office_equipment,116066.0,1500.0,1740990.0,-1624924.0
Soft Fab India,office_equipment,10000.0,1500.0,150000.0,-140000.0
CONVEYANCE EXPENSES,office_equipment,2737.0,1500.0,41055.0,-38318.0
QUTAB GOLF COURSE,office_equipment,78000.0,1500.0,1170000.0,-1092000.0
COL  SUNIL DALAL (PROPRIETOR),office_equipment,1400000.0,1500.0,21000000.0,-19600000.0
Esic Payable,office_equipment,63997.0,1500.0,959955.0,-895958.0
COL  SUNIL DALAL (PROPRIETOR),office_equipment,4000000.0,1500.0,60000000.0,-56000000.0
EX. ENGR  NPD 6,office_equipment,657887.0,1500.0,9868305.0,-9210418.0
EX. ENGR  NPD 6,office_equipment,282800.0,1500.0,4242000.0,-3959200.0
QUTAB GOLF COURSE,office_equipment,147978.0,1500.0,2219670.0,-2071692.0
SBI OD A/C- 6791,office_equipment,100000.0,1500.0,1500000.0,-1400000.0
PF PAYABLE,office_equipment,61576.0,1500.0,923640.0,-862064.0
Miscellaneous,office_equipment,910.0,1500.0,13650.0,-12740.0
CONVEYANCE EXPENSES,office_equipment,5000.0,1500.0,75000.0,-70000.0
CONVEYANCE EXPENSES,office_equipment,1526.0,1500.0,22890.0,-21364.0
Sub Regional Office Esic,office_equipment,790427.0,1500.0,11856405.0,-11065978.0
DEPARTMENT OF SPACE,air_conditioner,372371.0,1500.0,5585565.0,-5213194.0
DELHI DEVELOPMENT AUTHORITY,office_equipment,360290.0,1500.0,5404350.0,-5044060.0
THE RIGHT CHOICE,office_equipment,6555.0,1500.0,98325.0,-91770.0
IT SYSTEMS,office_equipment,12450.0,1500.0,186750.0,-174300.0
RAJA PROPERTIES & CONSTRUCTION,office_equipment,63000.0,1500.0,945000.0,-882000.0
ELEGANT APPARELS,office_equipment,60000.0,1500.0,900000.0,-840000.0
COL  SUNIL DALAL (PROPRIETOR),office_equipment,3500000.0,1500.0,52500000.0,-49000000.0
COL  SUNIL DALAL (PROPRIETOR),office_equipment,2251000.0,1500.0,33765000.0,-31514000.0
HORT DIV  9,office_equipment,1681008.0,1500.0,25215120.0,-23534112.0
PG Hort-9,office_equipment,557413.0,1500.0,8361195.0,-7803782.0
DY DIRECTOR(HOR) DIV 6,office_equipment,2236668.0,1500.0,33550020.0,-31313352.0
PG Hort-9,office_equipment,41983.0,1500.0,629745.0,-587762.0
COL  SUNIL DALAL (PROPRIETOR),office_equipment,200000.0,1500.0,3000000.0,-2800000.0
Miscellaneous,office_equipment,700.0,1500.0,10500.0,-9800.0
Miscellaneous,office_equipment,8350.0,1500.0,125250.0,-116900.0
Fisheries Animal Husbandry and Dairying,office_equipment,129479.0,1500.0,1942185.0,-1812706.0
FDR Interest,office_equipment,29500.0,1500.0,442500.0,-413000.0
Chintpurni Overseas Private Limited,office_equipment,62212.0,1500.0,933180.0,-870968.0
National Company Law Appellate Tribunal,office_equipment,725699.0,1500.0,10885485.0,-10159786.0
ADVERTISMENT AND PUBLICITY,office_equipment,16200.0,1500.0,243000.0,-226800.0
FDR Interest,office_equipment,14096.0,1500.0,211440.0,-197344.0
SBI OD A/C- 6791,office_equipment,4000000.0,1500.0,60000000.0,-56000000.0
MASTER RUBER WORKSS,office_equipment,112770.0,1500.0,1691550.0,-1578780.0
ADONIS CREATIONS  PVT LTD,office_equipment,17010.0,1500.0,255150.0,-238140.0
PG HORT-X,office_equipment,4719573.0,1500.0,70793595.0,-66074022.0
COL  SUNIL DALAL (PROPRIETOR),office_equipment,100000.0,1500.0,1500000.0,-1400000.0
PG Hort-6,office_equipment,573848.0,1500.0,8607720.0,-8033872.0
PG Hort-6,office_equipment,47626.0,1500.0,714390.0,-666764.0
ELEGANT APPARELS,office_equipment,50000.0,1500.0,750000.0,-700000.0
COL  SUNIL DALAL (PROPRIETOR),office_equipment,100000.0,1500.0,1500000.0,-1400000.0
MASTER RUBER WORKSS,office_equipment,28193.0,1500.0,422895.0,-394702.0
Interest,office_equipment,18482.0,1500.0,277230.0,-258748.0
PF Employer Contribution,office_equipment,503851.0,1500.0,7557765.0,-7053914.0
ESIC Employers Contribution,office_equipment,56481.88,1500.0,847228.2,-790746.32
OUTPUT CGST@9%,office_equipment,1207974.52,1500.0,18119617.8,-16911643.28
TDS Credit CGST,office_equipment,135292.0,1500.0,2029380.0,-1894088.0
Office Petty Expenses,office_equipment,8431.0,1500.0,126465.0,-118034.0
"DEPUTY DIRECTOR, HORT . DIVN 8",office_equipment,936288.0,1500.0,14044320.0,-13108032.0
"DEPUTY DIRECTOR, HORT . DIVN 8",office_equipment,163914.0,1500.0,2458710.0,-2294796.0
Security Deposit,office_equipment,293661.0,1500.0,4404915.0,-4111254.0
DY DIRECTOR(HOR) DIV 6,office_equipment,311149.0,1500.0,4667235.0,-4356086.0
TDS Receivable @ 2%,office_equipment,20027.0,1500.0,300405.0,-280378.0
ELEGANT APPARELS,office_equipment,107284.0,1500.0,1609260.0,-1501976.0
The Aggarwal Hardware Mill Store,office_equipment,15300.0,1500.0,229500.0,-214200.0
COL  SUNIL DALAL (PROPRIETOR),office_equipment,160000.0,1500.0,2400000.0,-2240000.0
Office  Equipments,office_equipment,12966.0,1500.0,194490.0,-181524.0
Vehicle Hire Charges,office_equipment,49000.0,1500.0,735000.0,-686000.0
DIVYA ENTERPRISES,office_equipment,2160.0,1500.0,32400.0,-30240.0
Light Gallery,office_equipment,27000.0,1500.0,405000.0,-378000.0
Office  Equipments,office_equipment,22881.0,1500.0,343215.0,-320334.0
Security Deposit,office_equipment,691657.0,1500.0,10374855.0,-9683198.0
QUTAB GOLF COURSE,office_equipment,956091.0,1500.0,14341365.0,-13385274.0
TDS Receivable @ 2%,office_equipment,21013.0,1500.0,315195.0,-294182.0
SHREE SHYAAM TRADING CO.,office_equipment,7222.0,1500.0,108330.0,-101108.0
COL  SUNIL DALAL (PROPRIETOR),office_equipment,50000.0,1500.0,750000.0,-700000.0
FURNITURE  AND FIXTURES,office_equipment,7222.0,1500.0,108330.0,-101108.0
COL  SUNIL DALAL (PROPRIETOR),office_equipment,600000.0,1500.0,9000000.0,-8400000.0
PG Hort-DWK,office_equipment,791496.0,1500.0,11872440.0,-11080944.0
PG Hort-DWK,office_equipment,63655.0,1500.0,954825.0,-891170.0
STATIONERY FOR OFFICE,office_equipment,9333.0,1500.0,139995.0,-130662.0
Cash,office_equipment,10000.0,1500.0,150000.0,-140000.0
CONVEYANCE EXPENSES,office_equipment,1736.0,1500.0,26040.0,-24304.0
CONVEYANCE EXPENSES,office_equipment,854.0,1500.0,12810.0,-11956.0
PRINTING AND STATIONARY,office_equipment,610.0,1500.0,9150.0,-8540.0
Other Expenses,office_equipment,500.0,1500.0,7500.0,-7000.0
Liftech India Private Limited,office_equipment,9927.0,1500.0,148905.0,-138978.0
Rskrish Technology & Services Pvt. Ltd.,office_equipment,950.0,1500.0,14250.0,-13300.0
COL  SUNIL DALAL (PROPRIETOR),office_equipment,100000.0,1500.0,1500000.0,-1400000.0
Vehicle Maintenance Charges,office_equipment,8412.88,1500.0,126193.2,-117780.32
COMPUTER,computer,805.09,4000.0,32203.6,-31398.51
SBI OD A/C- 6791,office_equipment,6000000.0,1500.0,90000000.0,-84000000.0
ROHIT TIWARI,office_equipment,37556.64,1500.0,563349.6,-525792.96
CONVEYANCE EXPENSES,office_equipment,6500.0,1500.0,97500.0,-91000.0
COL  SUNIL DALAL (PROPRIETOR),office_equipment,250000.0,1500.0,3750000.0,-3500000.0
STATIONERY FOR OFFICE,office_equipment,7161.0,1500.0,107415.0,-100254.0
STATIONERY FOR OFFICE,office_equipment,333.0,1500.0,4995.0,-4662.0
ALOK AND CO LLP,office_equipment,108000.0,1500.0,1620000.0,-1512000.0
ELEGANT APPARELS,office_equipment,148433.0,1500.0,2226495.0,-2078062.0
Sub Regional Office Esic,office_equipment,794034.0,1500.0,11910510.0,-11116476.0
Chintpurni Overseas Private Limited,office_equipment,49403.4,1500.0,741051.0,-691647.6
National Company Law Appellate Tribunal,office_equipment,776200.02,1500.0,11643000.3,-10866800.28
QUTAB GOLF COURSE,office_equipment,2296002.05,1500.0,34440030.75,-32144028.7
Sub Regional Office Esic,office_equipment,814748.99,1500.0,12221234.85,-11406485.86
Bharat Sanchar Nigam Limited,office_equipment,1271913.0,1500.0,19078695.0,-17806782.0
DEPARTMENT OF SPACE,air_conditioner,397492.0,1500.0,5962380.0,-5564888.0
Fisheries Animal Husbandry and Dairying,office_equipment,138490.26,1500.0,2077353.9,-1938863.64
Central Warehousing Corporation (InterState),office_equipment,230515.81,1500.0,3457737.15,-3227221.34
Central Warehousing Corporation,office_equipment,230515.8,1500.0,3457737.0,-3227221.2
Central Warehousing Corporation (InterState),office_equipment,153677.23,1500.0,2305158.45,-2151481.22
Central Warehousing Corporation (InterState),office_equipment,134522.38,1500.0,2017835.7,-1883313.32
SBI OD A/C- 6791,office_equipment,800000.0,1500.0,12000000.0,-11200000.0
PF PAYABLE,office_equipment,1049690.0,1500.0,15745350.0,-14695660.0
Esic Payable,office_equipment,71952.0,1500.0,1079280.0,-1007328.0
QUTAB GOLF COURSE,office_equipment,149072.0,1500.0,2236080.0,-2087008.0
Cash,office_equipment,10000.0,1500.0,150000.0,-140000.0
CONVEYANCE EXPENSES,office_equipment,8680.0,1500.0,130200.0,-121520.0
RAJA PROPERTIES & CONSTRUCTION,office_equipment,63000.0,1500.0,945000.0,-882000.0
COL  SUNIL DALAL (PROPRIETOR),office_equipment,100000.0,1500.0,1500000.0,-1400000.0
Hort DWK,office_equipment,1528864.0,1500.0,22932960.0,-21404096.0
Hort DWK,office_equipment,642175.0,1500.0,9632625.0,-8990450.0
Ex Engineer NPD 8,office_equipment,604620.0,1500.0,9069300.0,-8464680.0
SBI OD A/C- 6791,office_equipment,500000.0,1500.0,7500000.0,-7000000.0
DY.DIRECTOR  HR   DIV  7,office_equipment,351000.0,1500.0,5265000.0,-4914000.0
Bharat Sanchar Nigam Limited,office_equipment,2277264.0,1500.0,34158960.0,-31881696.0
QUTAB GOLF COURSE,office_equipment,78000.0,1500.0,1170000.0,-1092000.0
Cash,office_equipment,10000.0,1500.0,150000.0,-140000.0
CONVEYANCE EXPENSES,office_equipment,2500.0,1500.0,37500.0,-35000.0
CONVEYANCE EXPENSES,office_equipment,1690.0,1500.0,25350.0,-23660.0
CONVEYANCE EXPENSES,office_equipment,2750.0,1500.0,41250.0,-38500.0
ELEGANT APPARELS,office_equipment,28254.4,1500.0,423816.0,-395561.6
ADVERTISMENT AND PUBLICITY,office_equipment,22680.0,1500.0,340200.0,-317520.0
COL  SUNIL DALAL (PROPRIETOR),office_equipment,100000.0,1500.0,1500000.0,-1400000.0
"EXECUTIVE ENGR, HCD 10",office_equipment,928735.0,1500.0,13931025.0,-13002290.0
Cash,office_equipment,5000.0,1500.0,75000.0,-70000.0
REPAIRS AND MAINTENANCE,office_equipment,1500.0,1500.0,22500.0,-21000.0
RAVLEEN ENTERPRISES,office_equipment,5300.0,1500.0,79500.0,-74200.0
CONVEYANCE EXPENSES,office_equipment,1920.0,1500.0,28800.0,-26880.0
DEPARTMENT OF SPACE,air_conditioner,384017.0,1500.0,5760255.0,-5376238.0
Vehicle Maintenance Charges,office_equipment,4461.02,1500.0,66915.3,-62454.28
STATIONERY FOR OFFICE,office_equipment,2655.0,1500.0,39825.0,-37170.0
ADONIS CREATIONS  PVT LTD,office_equipment,23814.0,1500.0,357210.0,-333396.0
Licenses,office_equipment,1340.9,1500.0,20113.5,-18772.6
Karnataka BHAWAN,office_equipment,238728.0,1500.0,3580920.0,-3342192.0
National Company Law Appellate Tribunal,office_equipment,749888.0,1500.0,11248320.0,-10498432.0
CONVEYANCE EXPENSES,office_equipment,200.0,1500.0,3000.0,-2800.0
REPAIRS AND MAINTENANCE,office_equipment,500.0,1500.0,7500.0,-7000.0
Interest,office_equipment,28860.0,1500.0,432900.0,-404040.0
ESIC Employers Contribution,office_equipment,48461.0,1500.0,726915.0,-678454.0
PF Employer Contribution,office_equipment,806453.0,1500.0,12096795.0,-11290342.0
OUTPUT CGST@9%,office_equipment,412839.05,1500.0,6192585.75,-5779746.7
Cash,office_equipment,5000.0,1500.0,75000.0,-70000.0
CONVEYANCE EXPENSES,office_equipment,485.0,1500.0,7275.0,-6790.0
COL  SUNIL DALAL (PROPRIETOR),office_equipment,200000.0,1500.0,3000000.0,-2800000.0
STATIONERY FOR OFFICE,office_equipment,4158.0,1500.0,62370.0,-58212.0
STATIONERY FOR OFFICE,office_equipment,1889.0,1500.0,28335.0,-26446.0
TRAINING SERVICES,office_equipment,20000.0,1500.0,300000.0,-280000.0
Cash,office_equipment,6000.0,1500.0,90000.0,-84000.0
PRINTING AND STATIONARY,office_equipment,640.0,1500.0,9600.0,-8960.0
Miscellaneous,office_equipment,1100.0,1500.0,16500.0,-15400.0
GOVERNMENT MARKETPLACE (GEM),air_conditioner,328482.24,1500.0,4927233.6,-4598751.36
OLIVE HERITAGE FOUNDATION,office_equipment,23600.0,1500.0,354000.0,-330400.0
THE RIGHT CHOICE,office_equipment,16827.0,1500.0,252405.0,-235578.0
EX. ENGR  NPD 6,office_equipment,282100.0,1500.0,4231500.0,-3949400.0
Cash,office_equipment,107000.0,1500.0,1605000.0,-1498000.0
CONVEYANCE EXPENSES,office_equipment,3190.0,1500.0,47850.0,-44660.0
Other Expenses,office_equipment,1000.0,1500.0,15000.0,-14000.0
Stamp Paper,office_equipment,570.0,1500.0,8550.0,-7980.0
Cash,office_equipment,5000.0,1500.0,75000.0,-70000.0
Office Petty Expenses,office_equipment,16564.0,1500.0,248460.0,-231896.0
Greatway Infosolutions,office_equipment,1650.0,1500.0,24750.0,-23100.0
Stamp Paper,office_equipment,530.0,1500.0,7950.0,-7420.0
COMPUTER,computer,1398.31,4000.0,55932.4,-54534.09
QUTAB GOLF COURSE,office_equipment,390842.0,1500.0,5862630.0,-5471788.0
Common Other Misc. Services,office_equipment,25000.0,1500.0,375000.0,-350000.0
Cash,office_equipment,5000.0,1500.0,75000.0,-70000.0
PRINTING AND STATIONARY,office_equipment,260.0,1500.0,3900.0,-3640.0
Stamp Paper,office_equipment,680.0,1500.0,10200.0,-9520.0
COL  SUNIL DALAL (PROPRIETOR),office_equipment,4500000.0,1500.0,67500000.0,-63000000.0
Cash,office_equipment,5000.0,1500.0,75000.0,-70000.0
SBI OD A/C- 6791,office_equipment,4000000.0,1500.0,60000000.0,-56000000.0
CONVEYANCE EXPENSES,office_equipment,740.0,1500.0,11100.0,-10360.0
CONVEYANCE EXPENSES,office_equipment,120.0,1500.0,1800.0,-1680.0
REPAIRS AND MAINTENANCE,office_equipment,1000.0,1500.0,15000.0,-14000.0
Bharat Sanchar Nigam Limited,office_equipment,1245082.6,1500.0,18676239.0,-17431156.4
QUTAB GOLF COURSE,office_equipment,2221859.06,1500.0,33327885.9,-31106026.84
EX. ENGR  NPD 6,office_equipment,4522216.61,1500.0,67833249.15,-63311032.54
National Company Law Appellate Tribunal,office_equipment,751161.29,1500.0,11267419.35,-10516258.06
Sub Regional Office Esic,office_equipment,814748.99,1500.0,12221234.85,-11406485.86
Bharat Sanchar Nigam Limited,office_equipment,1271912.66,1500.0,19078689.9,-17806777.24
DEPARTMENT OF SPACE,air_conditioner,385436.0,1500.0,5781540.0,-5396104.0
Fisheries Animal Husbandry and Dairying,office_equipment,134022.83,1500.0,2010342.45,-1876319.62
Central Warehousing Corporation (InterState),office_equipment,230515.81,1500.0,3457737.15,-3227221.34
Central Warehousing Corporation,office_equipment,230515.8,1500.0,3457737.0,-3227221.2
Central Warehousing Corporation (InterState),office_equipment,153677.21,1500.0,2305158.15,-2151480.94
Central Warehousing Corporation (InterState),office_equipment,134522.38,1500.0,2017835.7,-1883313.32
SBI OD A/C- 6791,office_equipment,1000000.0,1500.0,15000000.0,-14000000.0
Miscellaneous,office_equipment,5725.38,1500.0,85880.7,-80155.32
SBI OD A/C- 6791,office_equipment,1400000.0,1500.0,21000000.0,-19600000.0
SBI OD A/C- 6791,office_equipment,100000.0,1500.0,1500000.0,-1400000.0
Interest,office_equipment,30000.0,1500.0,450000.0,-420000.0
PF PAYABLE,office_equipment,1673321.0,1500.0,25099815.0,-23426494.0
Esic Payable,office_equipment,753.0,1500.0,11295.0,-10542.0
Interest,office_equipment,30000.0,1500.0,450000.0,-420000.0
FURNITURE  AND FIXTURES,office_equipment,5500.0,1500.0,82500.0,-77000.0
Stamp Paper,office_equipment,500.0,1500.0,7500.0,-7000.0
Fisheries Animal Husbandry and Dairying,office_equipment,133794.0,1500.0,2006910.0,-1873116.0
Vehicle Hire Charges,office_equipment,35500.0,1500.0,532500.0,-497000.0
RAJA PROPERTIES & CONSTRUCTION,office_equipment,63000.0,1500.0,945000.0,-882000.0
Sunshine Engineers,office_equipment,20000.0,1500.0,300000.0,-280000.0
QUTAB GOLF COURSE,office_equipment,149035.0,1500.0,2235525.0,-2086490.0
Cash,office_equipment,5000.0,1500.0,75000.0,-70000.0
ROHIT TIWARI,office_equipment,35145.0,1500.0,527175.0,-492030.0
Sunshine Engineers,office_equipment,58400.0,1500.0,876000.0,-817600.0
SBI OD A/C- 6791,office_equipment,500000.0,1500.0,7500000.0,-7000000.0
Office Petty Expenses,office_equipment,5000.0,1500.0,75000.0,-70000.0
CONVEYANCE EXPENSES,office_equipment,720.0,1500.0,10800.0,-10080.0
Office Petty Expenses,office_equipment,160.0,1500.0,2400.0,-2240.0
PRINTING AND STATIONARY,office_equipment,100.0,1500.0,1500.0,-1400.0
Other Expenses,office_equipment,2270.0,1500.0,34050.0,-31780.0
Cash,office_equipment,5000.0,1500.0,75000.0,-70000.0
CONVEYANCE EXPENSES,office_equipment,2250.0,1500.0,33750.0,-31500.0
CONVEYANCE EXPENSES,office_equipment,1400.0,1500.0,21000.0,-19600.0
NEW ERA STEEL COMPANY,office_equipment,6690.0,1500.0,100350.0,-93660.0
THE RIGHT CHOICE,office_equipment,2655.0,1500.0,39825.0,-37170.0
QUTAB GOLF COURSE,office_equipment,78000.0,1500.0,1170000.0,-1092000.0
Liftech India Private Limited,office_equipment,12713.0,1500.0,190695.0,-177982.0
NITIN ASSOCIATES,office_equipment,7650.0,1500.0,114750.0,-107100.0
Other Expenses,office_equipment,30.0,1500.0,450.0,-420.0
Stamp Paper,office_equipment,1060.0,1500.0,15900.0,-14840.0
Hort DWK,office_equipment,405565.0,1500.0,6083475.0,-5677910.0
QUTAB GOLF COURSE,office_equipment,885603.0,1500.0,13284045.0,-12398442.0
Vehicle Maintenance Charges,office_equipment,11621.19,1500.0,174317.85,-162696.66
Cash,office_equipment,7000.0,1500.0,105000.0,-98000.0
REPAIRS AND MAINTENANCE,office_equipment,5050.0,1500.0,75750.0,-70700.0
CONVEYANCE EXPENSES,office_equipment,1620.0,1500.0,24300.0,-22680.0
NITIN ASSOCIATES,office_equipment,15300.0,1500.0,229500.0,-214200.0
NITIN ASSOCIATES,office_equipment,7650.0,1500.0,114750.0,-107100.0
National Company Law Appellate Tribunal,office_equipment,725697.0,1500.0,10885455.0,-10159758.0
COL  SUNIL DALAL (PROPRIETOR),office_equipment,100000.0,1500.0,1500000.0,-1400000.0
Cash,office_equipment,6190.0,1500.0,92850.0,-86660.0
Sunshine Engineers,office_equipment,50000.0,1500.0,750000.0,-700000.0
Stamp Paper,office_equipment,1550.0,1500.0,23250.0,-21700.0
Licenses,office_equipment,155000.0,1500.0,2325000.0,-2170000.0
PG Hort-8 New,office_equipment,554713.0,1500.0,8320695.0,-7765982.0
Fisheries Animal Husbandry and Dairying,office_equipment,129479.0,1500.0,1942185.0,-1812706.0
QUTAB GOLF COURSE,office_equipment,189117.0,1500.0,2836755.0,-2647638.0
COMPUTER,computer,39830.51,4000.0,1593220.4,-1553389.89
Cash,office_equipment,27000.0,1500.0,405000.0,-378000.0
CONVEYANCE EXPENSES,office_equipment,2490.0,1500.0,37350.0,-34860.0
CONVEYANCE EXPENSES,office_equipment,5350.0,1500.0,80250.0,-74900.0
Cash,office_equipment,2500.0,1500.0,37500.0,-35000.0
Rskrish Technology & Services Pvt. Ltd.,office_equipment,47000.0,1500.0,705000.0,-658000.0
Stamp Paper,office_equipment,360.0,1500.0,5400.0,-5040.0
Stamp Paper,office_equipment,1000.0,1500.0,15000.0,-14000.0
COL  SUNIL DALAL (PROPRIETOR),office_equipment,615000.0,1500.0,9225000.0,-8610000.0
REPAIRS AND MAINTENANCE,office_equipment,500.0,1500.0,7500.0,-7000.0
THE RIGHT CHOICE,office_equipment,6047.0,1500.0,90705.0,-84658.0
OUTPUT CGST@9%,office_equipment,742799.61,1500.0,11141994.15,-10399194.54
CONVEYANCE EXPENSES,office_equipment,1120.0,1500.0,16800.0,-15680.0
Stamp Paper,office_equipment,140.0,1500.0,2100.0,-1960.0
Interest,office_equipment,48358.0,1500.0,725370.0,-677012.0
ESIC Employers Contribution,office_equipment,42811.0,1500.0,642165.0,-599354.0
PF Employer Contribution,office_equipment,774813.0,1500.0,11622195.0,-10847382.0
Cash,office_equipment,5000.0,1500.0,75000.0,-70000.0
Cash,office_equipment,5000.0,1500.0,75000.0,-70000.0
Rskrish Technology & Services Pvt. Ltd.,office_equipment,950.0,1500.0,14250.0,-13300.0
CONVEYANCE EXPENSES,office_equipment,3880.0,1500.0,58200.0,-54320.0
HORT DIV  9,office_equipment,367919.0,1500.0,5518785.0,-5150866.0
COMPUTER,computer,805.08,4000.0,32203.2,-31398.12
DY. Director Hort-X,office_equipment,7865953.0,1500.0,117989295.0,-110123342.0
Cash,office_equipment,5000.0,1500.0,75000.0,-70000.0
ROHIT TIWARI,office_equipment,40613.0,1500.0,609195.0,-568582.0
Stamp Paper,office_equipment,340.0,1500.0,5100.0,-4760.0
Greatway Infosolutions,office_equipment,4200.0,1500.0,63000.0,-58800.0
COL  SUNIL DALAL (PROPRIETOR),office_equipment,100000.0,1500.0,1500000.0,-1400000.0
COMPUTER,computer,3559.32,4000.0,142372.8,-138813.48
Vehicle Hire Charges,office_equipment,40613.0,1500.0,609195.0,-568582.0
FDR Interest,office_equipment,26746.0,1500.0,401190.0,-374444.0
Office Petty Expenses,office_equipment,650.0,1500.0,9750.0,-9100.0
Cash,office_equipment,11000.0,1500.0,165000.0,-154000.0
SBI OD A/C- 6791,office_equipment,3200000.0,1500.0,48000000.0,-44800000.0
CONVEYANCE EXPENSES,office_equipment,9500.0,1500.0,142500.0,-133000.0
COL  SUNIL DALAL (PROPRIETOR),office_equipment,5000000.0,1500.0,75000000.0,-70000000.0
COL  SUNIL DALAL (PROPRIETOR),office_equipment,100000.0,1500.0,1500000.0,-1400000.0
Other Expenses,office_equipment,1000.0,1500.0,15000.0,-14000.0
Sub Regional Office Esic,office_equipment,794034.0,1500.0,11910510.0,-11116476.0
QUTAB GOLF COURSE,office_equipment,906506.0,1500.0,13597590.0,-12691084.0
Central Warehousing Corporation (InterState),office_equipment,230516.0,1500.0,3457740.0,-3227224.0
Central Warehousing Corporation (InterState),office_equipment,153677.0,1500.0,2305155.0,-2151478.0
Central Warehousing Corporation (InterState),office_equipment,134522.0,1500.0,2017830.0,-1883308.0
Ex Engineer NPD 8,office_equipment,109463.0,1500.0,1641945.0,-1532482.0
QUTAB GOLF COURSE,office_equipment,2296002.0,1500.0,34440030.0,-32144028.0
National Company Law Appellate Tribunal,office_equipment,776200.0,1500.0,11643000.0,-10866800.0
Sub Regional Office Esic,office_equipment,815103.0,1500.0,12226545.0,-11411442.0
DEPARTMENT OF SPACE,air_conditioner,397492.0,1500.0,5962380.0,-5564888.0
Fisheries Animal Husbandry and Dairying,office_equipment,138490.0,1500.0,2077350.0,-1938860.0
Bharat Sanchar Nigam Limited,office_equipment,1271913.0,1500.0,19078695.0,-17806782.0
"DEPUTY DIRECTOR, HORT . DIVN 8",office_equipment,463006.04,1500.0,6945090.6,-6482084.56
Cash,office_equipment,11500.0,1500.0,172500.0,-161000.0
CONVEYANCE EXPENSES,office_equipment,4170.0,1500.0,62550.0,-58380.0
CONVEYANCE EXPENSES,office_equipment,4530.0,1500.0,67950.0,-63420.0
Miscellaneous,office_equipment,1340.0,1500.0,20100.0,-18760.0
CONVEYANCE EXPENSES,office_equipment,2100.0,1500.0,31500.0,-29400.0
COL  SUNIL DALAL (PROPRIETOR),office_equipment,1000000.0,1500.0,15000000.0,-14000000.0
Cash,office_equipment,5000.0,1500.0,75000.0,-70000.0
Cash,office_equipment,11000.0,1500.0,165000.0,-154000.0
Stamp Paper,office_equipment,880.0,1500.0,13200.0,-12320.0
Other Expenses,office_equipment,10733.0,1500.0,160995.0,-150262.0
Sunshine Engineers,office_equipment,25000.0,1500.0,375000.0,-350000.0
COL  SUNIL DALAL (PROPRIETOR),office_equipment,100000.0,1500.0,1500000.0,-1400000.0
DY DIRECTOR(HOR) DIV 6,office_equipment,396675.0,1500.0,5950125.0,-5553450.0
PF PAYABLE,office_equipment,1520238.0,1500.0,22803570.0,-21283332.0
Esic Payable,office_equipment,73698.0,1500.0,1105470.0,-1031772.0
COL  SUNIL DALAL (PROPRIETOR),office_equipment,1000000.0,1500.0,15000000.0,-14000000.0
EX. ENGR  NPD 6,office_equipment,386810.0,1500.0,5802150.0,-5415340.0
DEPARTMENT OF SPACE,air_conditioner,372371.0,1500.0,5585565.0,-5213194.0
RAJA PROPERTIES & CONSTRUCTION,office_equipment,63000.0,1500.0,945000.0,-882000.0
PF PAYABLE,office_equipment,83226.0,1500.0,1248390.0,-1165164.0
COL  SUNIL DALAL (PROPRIETOR),office_equipment,50000.0,1500.0,750000.0,-700000.0
QUTAB GOLF COURSE,office_equipment,148982.0,1500.0,2234730.0,-2085748.0
Cash,office_equipment,15000.0,1500.0,225000.0,-210000.0
Miscellaneous,office_equipment,1040.0,1500.0,15600.0,-14560.0
CONVEYANCE EXPENSES,office_equipment,4960.0,1500.0,74400.0,-69440.0
CONVEYANCE EXPENSES,office_equipment,2335.0,1500.0,35025.0,-32690.0
PF PAYABLE,office_equipment,3750.0,1500.0,56250.0,-52500.0
PF PAYABLE,office_equipment,6980.0,1500.0,104700.0,-97720.0
Esic Payable,office_equipment,517.0,1500.0,7755.0,-7238.0
COL  SUNIL DALAL (PROPRIETOR),office_equipment,1500000.0,1500.0,22500000.0,-21000000.0
EX. ENGR  NPD 6,office_equipment,4368921.0,1500.0,65533815.0,-61164894.0
DEPARTMENT OF SPACE,air_conditioner,290644.0,1500.0,4359660.0,-4069016.0
STATIONERY FOR OFFICE,office_equipment,1841.0,1500.0,27615.0,-25774.0
National Company Law Appellate Tribunal,office_equipment,749888.0,1500.0,11248320.0,-10498432.0
Stamp Paper,office_equipment,90.0,1500.0,1350.0,-1260.0
Stamp Paper,office_equipment,530.0,1500.0,7950.0,-7420.0
FDR Interest,office_equipment,14096.0,1500.0,211440.0,-197344.0
REPAIRS AND MAINTENANCE,office_equipment,500.0,1500.0,7500.0,-7000.0
Stamp Paper,office_equipment,140.0,1500.0,2100.0,-1960.0
Security Deposit,office_equipment,509329.0,1500.0,7639935.0,-7130606.0
QUTAB GOLF COURSE,office_equipment,78000.0,1500.0,1170000.0,-1092000.0
ELEGANT APPARELS,office_equipment,18000.0,1500.0,270000.0,-252000.0
THE RIGHT CHOICE,office_equipment,2117.0,1500.0,31755.0,-29638.0
Cartage Outwards,vehicle,222.0,1500.0,3330.0,-3108.0
Vehicle Maintenance Charges,office_equipment,80.0,1500.0,1200.0,-1120.0
Cartage Outwards,vehicle,222.0,1500.0,3330.0,-3108.0
COL  SUNIL DALAL (PROPRIETOR),office_equipment,50000.0,1500.0,750000.0,-700000.0
TRAINING SERVICES,office_equipment,3000.0,1500.0,45000.0,-42000.0
"DEPUTY DIRECTOR, HORT . DIVN 8",office_equipment,433366.8,1500.0,6500502.0,-6067135.2
Stamp Paper,office_equipment,530.0,1500.0,7950.0,-7420.0
Interest,office_equipment,53561.0,1500.0,803415.0,-749854.0
Fisheries Animal Husbandry and Dairying,office_equipment,133794.0,1500.0,2006910.0,-1873116.0
Vehicle Maintenance Charges,office_equipment,22298.31,1500.0,334474.65,-312176.34
PF Employer Contribution,office_equipment,681459.0,1500.0,10221885.0,-9540426.0
ESIC Employers Contribution,office_equipment,43710.0,1500.0,655650.0,-611940.0
DY. Director Hort-X,office_equipment,8128153.0,1500.0,121922295.0,-113794142.0
Cash,office_equipment,10000.0,1500.0,150000.0,-140000.0
REPAIRS AND MAINTENANCE,office_equipment,800.0,1500.0,12000.0,-11200.0
REPAIRS AND MAINTENANCE,office_equipment,250.0,1500.0,3750.0,-3500.0
DY. Director Hort-X,office_equipment,8128153.0,1500.0,121922295.0,-113794142.0
Cash,office_equipment,7500.0,1500.0,112500.0,-105000.0
CONVEYANCE EXPENSES,office_equipment,2150.0,1500.0,32250.0,-30100.0
Stamp Paper,office_equipment,1260.0,1500.0,18900.0,-17640.0
CONVEYANCE EXPENSES,office_equipment,7500.0,1500.0,112500.0,-105000.0
Vehicle Hire Charges,office_equipment,35950.0,1500.0,539250.0,-503300.0
EX. ENGR  NPD 6,office_equipment,649822.0,1500.0,9747330.0,-9097508.0
REPAIRS AND MAINTENANCE,office_equipment,1800.0,1500.0,27000.0,-25200.0
ELEGANT APPARELS,office_equipment,31386.0,1500.0,470790.0,-439404.0
Pragmatic Educational Society,office_equipment,3540.0,1500.0,53100.0,-49560.0
REPAIRS AND MAINTENANCE,office_equipment,200.0,1500.0,3000.0,-2800.0
PG NPD-6,office_equipment,1454624.0,1500.0,21819360.0,-20364736.0
PG NPD-6,office_equipment,138849.0,1500.0,2082735.0,-1943886.0
SBI OD A/C- 6791,office_equipment,3000000.0,1500.0,45000000.0,-42000000.0
Security Deposit,office_equipment,93373.0,1500.0,1400595.0,-1307222.0
COL  SUNIL DALAL (PROPRIETOR),office_equipment,5000000.0,1500.0,75000000.0,-70000000.0
Pragmatic Educational Society,office_equipment,708.0,1500.0,10620.0,-9912.0
ROHIT TIWARI,office_equipment,35591.0,1500.0,533865.0,-498274.0
Other Expenses,office_equipment,1000.0,1500.0,15000.0,-14000.0
Cartage Outwards,vehicle,202.0,1500.0,3030.0,-2828.0
Cartage Outwards,vehicle,222.0,1500.0,3330.0,-3108.0
Sub Regional Office Esic,office_equipment,794034.0,1500.0,11910510.0,-11116476.0
COL  SUNIL DALAL (PROPRIETOR),office_equipment,100000.0,1500.0,1500000.0,-1400000.0
QUTAB GOLF COURSE,office_equipment,5526402.0,1500.0,82896030.0,-77369628.0
TRAINING SERVICES,office_equipment,600.0,1500.0,9000.0,-8400.0
CONVEYANCE EXPENSES,office_equipment,1040.0,1500.0,15600.0,-14560.0
CONVEYANCE EXPENSES,office_equipment,100.0,1500.0,1500.0,-1400.0
Cash,office_equipment,12000.0,1500.0,180000.0,-168000.0
Other Expenses,office_equipment,10000.0,1500.0,150000.0,-140000.0
Other Expenses,office_equipment,2000.0,1500.0,30000.0,-28000.0
CONVEYANCE EXPENSES,office_equipment,400.0,1500.0,6000.0,-5600.0
CONVEYANCE EXPENSES,office_equipment,350.0,1500.0,5250.0,-4900.0
COL  SUNIL DALAL (PROPRIETOR),office_equipment,5000000.0,1500.0,75000000.0,-70000000.0
"DEPUTY DIRECTOR, HORT . DIVN 8",office_equipment,376682.0,1500.0,5650230.0,-5273548.0
DY. Director Hort-X,office_equipment,7354666.0,1500.0,110319990.0,-102965324.0
DY.DIRECTOR  HR   DIV  7,office_equipment,378619.0,1500.0,5679285.0,-5300666.0
TDS Receivable @ 2%,office_equipment,157319.0,1500.0,2359785.0,-2202466.0
Central Warehousing Corporation (InterState),office_equipment,230516.0,1500.0,3457740.0,-3227224.0
Central Warehousing Corporation (InterState),office_equipment,153677.0,1500.0,2305155.0,-2151478.0
Central Warehousing Corporation (InterState),office_equipment,134522.0,1500.0,2017830.0,-1883308.0
DY DIRECTOR(HOR) DIV 6,office_equipment,574382.0,1500.0,8615730.0,-8041348.0
QUTAB GOLF COURSE,office_equipment,601828.0,1500.0,9027420.0,-8425592.0
QUTAB GOLF COURSE,office_equipment,165559.0,1500.0,2483385.0,-2317826.0
QUTAB GOLF COURSE,office_equipment,13424.0,1500.0,201360.0,-187936.0
QUTAB GOLF COURSE,office_equipment,232102.0,1500.0,3481530.0,-3249428.0
QUTAB GOLF COURSE,office_equipment,111094.0,1500.0,1666410.0,-1555316.0
QUTAB GOLF COURSE,office_equipment,2296002.0,1500.0,34440030.0,-32144028.0
National Company Law Appellate Tribunal,office_equipment,776200.0,1500.0,11643000.0,-10866800.0
Sub Regional Office Esic,office_equipment,814749.0,1500.0,12221235.0,-11406486.0
DEPARTMENT OF SPACE,air_conditioner,397492.0,1500.0,5962380.0,-5564888.0
Fisheries Animal Husbandry and Dairying,office_equipment,138490.0,1500.0,2077350.0,-1938860.0
Ex Engineer NPD 8,office_equipment,92005.0,1500.0,1380075.0,-1288070.0
DY DIRECTOR(HOR) DIV 6,office_equipment,569370.06,1500.0,8540550.9,-7971180.84
Dwarka Project  Division 1,office_equipment,4752750.0,1500.0,71291250.0,-66538500.0
Central Warehousing Corporation (InterState),office_equipment,230515.8,1500.0,3457737.0,-3227221.2
Central Warehousing Corporation (InterState),office_equipment,230515.8,1500.0,3457737.0,-3227221.2
Central Warehousing Corporation (InterState),office_equipment,134522.38,1500.0,2017835.7,-1883313.32
Central Warehousing Corporation (InterState),office_equipment,153677.2,1500.0,2305158.0,-2151480.8
Central Warehousing Corporation (InterState),office_equipment,153677.2,1500.0,2305158.0,-2151480.8
Central Warehousing Corporation (InterState),office_equipment,134522.38,1500.0,2017835.7,-1883313.32
Vehicle Maintenance Charges,office_equipment,60.0,1500.0,900.0,-840.0
Stamp Paper,office_equipment,620.0,1500.0,9300.0,-8680.0
Cash,office_equipment,10000.0,1500.0,150000.0,-140000.0
Cash,office_equipment,10000.0,1500.0,150000.0,-140000.0
CONVEYANCE EXPENSES,office_equipment,2000.0,1500.0,30000.0,-28000.0
CONVEYANCE EXPENSES,office_equipment,2150.0,1500.0,32250.0,-30100.0
Office Petty Expenses,office_equipment,53556.0,1500.0,803340.0,-749784.0
Other Expenses,office_equipment,6000.0,1500.0,90000.0,-84000.0
ELEGANT APPARELS,office_equipment,17640.0,1500.0,264600.0,-246960.0
MASTER RUBER WORKSS,office_equipment,25373.0,1500.0,380595.0,-355222.0
Stamp Paper,office_equipment,90.0,1500.0,1350.0,-1260.0
CONVEYANCE EXPENSES,office_equipment,350.0,1500.0,5250.0,-4900.0
CONVEYANCE EXPENSES,office_equipment,500.0,1500.0,7500.0,-7000.0
COL  SUNIL DALAL (PROPRIETOR),office_equipment,200000.0,1500.0,3000000.0,-2800000.0
DEPARTMENT OF SPACE,air_conditioner,93373.0,1500.0,1400595.0,-1307222.0
DY. Director Hort-X,office_equipment,7599823.0,1500.0,113997345.0,-106397522.0
TDS Receivable @ 2%,office_equipment,162563.0,1500.0,2438445.0,-2275882.0
CONVEYANCE EXPENSES,office_equipment,2880.0,1500.0,43200.0,-40320.0
REPAIRS AND MAINTENANCE,office_equipment,1390.0,1500.0,20850.0,-19460.0
CONVEYANCE EXPENSES,office_equipment,2750.0,1500.0,41250.0,-38500.0
SBI 1144,office_equipment,2000054.0,1500.0,30000810.0,-28000756.0
Cash,office_equipment,10000.0,1500.0,150000.0,-140000.0
Office  Equipments,office_equipment,450.0,1500.0,6750.0,-6300.0
Other Expenses,office_equipment,100.0,1500.0,1500.0,-1400.0
CONVEYANCE EXPENSES,office_equipment,150.0,1500.0,2250.0,-2100.0
CONVEYANCE EXPENSES,office_equipment,1724.0,1500.0,25860.0,-24136.0
STATIONERY FOR OFFICE,office_equipment,4536.0,1500.0,68040.0,-63504.0
SBI OD A/C- 6791,office_equipment,1600000.0,1500.0,24000000.0,-22400000.0
Esic Payable,office_equipment,37575.0,1500.0,563625.0,-526050.0
PF PAYABLE,office_equipment,1408456.0,1500.0,21126840.0,-19718384.0
CONVEYANCE EXPENSES,office_equipment,5800.0,1500.0,87000.0,-81200.0
RAJA PROPERTIES & CONSTRUCTION,office_equipment,69300.0,1500.0,1039500.0,-970200.0
THE RIGHT CHOICE,office_equipment,5227.0,1500.0,78405.0,-73178.0
COL  SUNIL DALAL (PROPRIETOR),office_equipment,100000.0,1500.0,1500000.0,-1400000.0
Cash,office_equipment,10000.0,1500.0,150000.0,-140000.0
CONVEYANCE EXPENSES,office_equipment,600.0,1500.0,9000.0,-8400.0
CONVEYANCE EXPENSES,office_equipment,3080.0,1500.0,46200.0,-43120.0
PRINTING AND STATIONARY,office_equipment,200.0,1500.0,3000.0,-2800.0
CONVEYANCE EXPENSES,office_equipment,200.0,1500.0,3000.0,-2800.0
Cash,office_equipment,4300.0,1500.0,64500.0,-60200.0
SBI OD A/C- 6791,office_equipment,1700000.0,1500.0,25500000.0,-23800000.0
CONVEYANCE EXPENSES,office_equipment,3220.0,1500.0,48300.0,-45080.0
REPAIRS AND MAINTENANCE,office_equipment,600.0,1500.0,9000.0,-8400.0
Stamp Paper,office_equipment,530.0,1500.0,7950.0,-7420.0
Other Expenses,office_equipment,1600.0,1500.0,24000.0,-22400.0
Other Expenses,office_equipment,680.0,1500.0,10200.0,-9520.0
Bharat Sanchar Nigam Limited,office_equipment,1246475.0,1500.0,18697125.0,-17450650.0
CONVEYANCE EXPENSES,office_equipment,540.0,1500.0,8100.0,-7560.0
REPAIRS AND MAINTENANCE,office_equipment,500.0,1500.0,7500.0,-7000.0
PRINTING AND STATIONARY,office_equipment,300.0,1500.0,4500.0,-4200.0
Stamp Paper,office_equipment,650.0,1500.0,9750.0,-9100.0
COL  SUNIL DALAL (PROPRIETOR),office_equipment,50000.0,1500.0,750000.0,-700000.0
Cash,office_equipment,10000.0,1500.0,150000.0,-140000.0
Cash,office_equipment,13000.0,1500.0,195000.0,-182000.0
SBI OD A/C- 6791,office_equipment,1600000.0,1500.0,24000000.0,-22400000.0
CONVEYANCE EXPENSES,office_equipment,2776.0,1500.0,41640.0,-38864.0
Cartage Outwards,vehicle,165.0,1500.0,2475.0,-2310.0
Office Petty Expenses,office_equipment,50.0,1500.0,750.0,-700.0
CONVEYANCE EXPENSES,office_equipment,1668.0,1500.0,25020.0,-23352.0
CONVEYANCE EXPENSES,office_equipment,1440.0,1500.0,21600.0,-20160.0
CONVEYANCE EXPENSES,office_equipment,120.0,1500.0,1800.0,-1680.0
PRINTING AND STATIONARY,office_equipment,500.0,1500.0,7500.0,-7000.0
IT SYSTEMS,office_equipment,12450.0,1500.0,186750.0,-174300.0
COL  SUNIL DALAL (PROPRIETOR),office_equipment,200000.0,1500.0,3000000.0,-2800000.0
DY DIRECTOR(HOR) DIV 6,office_equipment,831987.0,1500.0,12479805.0,-11647818.0
"EXECUTIVE ENGR, HCD 10",office_equipment,1850674.0,1500.0,27760110.0,-25909436.0
DY DIRECTOR(HOR) DIV 6,office_equipment,463217.0,1500.0,6948255.0,-6485038.0
"DEPUTY DIRECTOR, HORT . DIVN 8",office_equipment,163862.0,1500.0,2457930.0,-2294068.0
PG HCD-10,office_equipment,349268.0,1500.0,5239020.0,-4889752.0
PRINTING AND STATIONARY,office_equipment,10550.9,1500.0,158263.5,-147712.6
PG HCD-10,office_equipment,26911.0,1500.0,403665.0,-376754.0
Cash,office_equipment,15000.0,1500.0,225000.0,-210000.0
PRINTING AND STATIONARY,office_equipment,240.0,1500.0,3600.0,-3360.0
Stamp Paper,office_equipment,50.0,1500.0,750.0,-700.0
CONVEYANCE EXPENSES,office_equipment,100.0,1500.0,1500.0,-1400.0
Vehicle Maintenance Charges,office_equipment,2160.0,1500.0,32400.0,-30240.0
Stamp Paper,office_equipment,550.0,1500.0,8250.0,-7700.0
CONVEYANCE EXPENSES,office_equipment,215.0,1500.0,3225.0,-3010.0
DEPARTMENT OF SPACE,air_conditioner,384017.0,1500.0,5760255.0,-5376238.0
REPAIRS AND MAINTENANCE,office_equipment,840.0,1500.0,12600.0,-11760.0
CONVEYANCE EXPENSES,office_equipment,6768.0,1500.0,101520.0,-94752.0
CONVEYANCE EXPENSES,office_equipment,5040.0,1500.0,75600.0,-70560.0
COL  SUNIL DALAL (PROPRIETOR),office_equipment,2700000.0,1500.0,40500000.0,-37800000.0
Common Other Misc. Services,office_equipment,25000.0,1500.0,375000.0,-350000.0
Dwarka Project  Division 1,office_equipment,3350162.0,1500.0,50252430.0,-46902268.0
MASTER RUBER WORKSS,office_equipment,11277.0,1500.0,169155.0,-157878.0
Cartage Outwards,vehicle,250.0,1500.0,3750.0,-3500.0
COL  SUNIL DALAL (PROPRIETOR),office_equipment,60000.0,1500.0,900000.0,-840000.0
Cash,office_equipment,3200.0,1500.0,48000.0,-44800.0
CONVEYANCE EXPENSES,office_equipment,772.0,1500.0,11580.0,-10808.0
ELEGANT APPARELS,office_equipment,33600.0,1500.0,504000.0,-470400.0
CONVEYANCE EXPENSES,office_equipment,200.0,1500.0,3000.0,-2800.0
Vehicle Maintenance Charges,office_equipment,100.0,1500.0,1500.0,-1400.0
Other Expenses,office_equipment,3000.0,1500.0,45000.0,-42000.0
OFFICE  MAINTENANCE,office_equipment,200.0,1500.0,3000.0,-2800.0
Interest,office_equipment,11977.0,1500.0,179655.0,-167678.0
PF Employer Contribution,office_equipment,637190.0,1500.0,9557850.0,-8920660.0
OUTPUT CGST@9%,office_equipment,1963708.35,1500.0,29455625.25,-27491916.9
OUTPUT CGST@9%,office_equipment,79126.08,1500.0,1186891.2,-1107765.12
Dwarka Project  Division 1,office_equipment,454659.0,1500.0,6819885.0,-6365226.0
QUTAB GOLF COURSE,office_equipment,79658.0,1500.0,1194870.0,-1115212.0
STATIONERY FOR OFFICE,office_equipment,2865.0,1500.0,42975.0,-40110.0
PF PAYABLE,office_equipment,11417.0,1500.0,171255.0,-159838.0
NITIN ASSOCIATES,office_equipment,15300.0,1500.0,229500.0,-214200.0
COL  SUNIL DALAL (PROPRIETOR),office_equipment,50000.0,1500.0,750000.0,-700000.0
Licenses,office_equipment,3000.0,1500.0,45000.0,-42000.0
Vehicle Hire Charges,office_equipment,49000.0,1500.0,735000.0,-686000.0
DY. Director Hort-X,office_equipment,7341556.0,1500.0,110123340.0,-102781784.0
REPAIRS AND MAINTENANCE,office_equipment,590.0,1500.0,8850.0,-8260.0
Stamp Paper,office_equipment,870.0,1500.0,13050.0,-12180.0
EX. ENGR  NPD 6,office_equipment,300300.0,1500.0,4504500.0,-4204200.0
EX. ENGR  NPD 6,office_equipment,214455.0,1500.0,3216825.0,-3002370.0
EX. ENGR  NPD 6,office_equipment,528658.0,1500.0,7929870.0,-7401212.0
PRINTING AND STATIONARY,office_equipment,4300.0,1500.0,64500.0,-60200.0
Cash,office_equipment,15000.0,1500.0,225000.0,-210000.0
Cash,office_equipment,10300.0,1500.0,154500.0,-144200.0
Cash,office_equipment,10000.0,1500.0,150000.0,-140000.0
CONVEYANCE EXPENSES,office_equipment,1120.0,1500.0,16800.0,-15680.0
CONVEYANCE EXPENSES,office_equipment,3075.0,1500.0,46125.0,-43050.0
CONVEYANCE EXPENSES,office_equipment,5500.0,1500.0,82500.0,-77000.0
CONVEYANCE EXPENSES,office_equipment,5670.0,1500.0,85050.0,-79380.0
CONVEYANCE EXPENSES,office_equipment,410.0,1500.0,6150.0,-5740.0
Miscellaneous,office_equipment,2025.0,1500.0,30375.0,-28350.0
Other Expenses,office_equipment,920.0,1500.0,13800.0,-12880.0
REPAIRS AND MAINTENANCE,office_equipment,2400.0,1500.0,36000.0,-33600.0
REPAIRS AND MAINTENANCE,office_equipment,2396.0,1500.0,35940.0,-33544.0
QUTAB GOLF COURSE,office_equipment,374400.0,1500.0,5616000.0,-5241600.0
QUTAB GOLF COURSE,office_equipment,175174.0,1500.0,2627610.0,-2452436.0
Cash,office_equipment,6000.0,1500.0,90000.0,-84000.0
SBI OD A/C- 6791,office_equipment,1000000.0,1500.0,15000000.0,-14000000.0
Other Expenses,office_equipment,1000.0,1500.0,15000.0,-14000.0
REPAIRS AND MAINTENANCE,office_equipment,2400.0,1500.0,36000.0,-33600.0
Common Other Misc. Services,office_equipment,15000.0,1500.0,225000.0,-210000.0
Rskrish Technology & Services Pvt. Ltd.,office_equipment,58800.0,1500.0,882000.0,-823200.0
COL  SUNIL DALAL (PROPRIETOR),office_equipment,100000.0,1500.0,1500000.0,-1400000.0
COL  SUNIL DALAL (PROPRIETOR),office_equipment,50000.0,1500.0,750000.0,-700000.0
COMPUTER,computer,49830.51,4000.0,1993220.4,-1943389.89
CONVEYANCE EXPENSES,office_equipment,200.0,1500.0,3000.0,-2800.0
Stamp Paper,office_equipment,260.0,1500.0,3900.0,-3640.0
COL  SUNIL DALAL (PROPRIETOR),office_equipment,100000.0,1500.0,1500000.0,-1400000.0
Dwarka Project  Division 1,office_equipment,273395.0,1500.0,4100925.0,-3827530.0
QUTAB GOLF COURSE,office_equipment,1154686.0,1500.0,17320290.0,-16165604.0
National Company Law Appellate Tribunal,office_equipment,701084.0,1500.0,10516260.0,-9815176.0
Sub Regional Office Esic,office_equipment,814749.0,1500.0,12221235.0,-11406486.0
DEPARTMENT OF SPACE,air_conditioner,359740.0,1500.0,5396100.0,-5036360.0
Fisheries Animal Husbandry and Dairying,office_equipment,125088.0,1500.0,1876320.0,-1751232.0
Central Warehousing Corporation,office_equipment,230516.0,1500.0,3457740.0,-3227224.0
Central Warehousing Corporation,office_equipment,230516.0,1500.0,3457740.0,-3227224.0
Central Warehousing Corporation (InterState),office_equipment,230516.0,1500.0,3457740.0,-3227224.0
Central Warehousing Corporation (InterState),office_equipment,153677.0,1500.0,2305155.0,-2151478.0
Central Warehousing Corporation (InterState),office_equipment,134522.0,1500.0,2017830.0,-1883308.0
Central Warehousing Corporation (InterState),office_equipment,153677.0,1500.0,2305155.0,-2151478.0
Central Warehousing Corporation (InterState),office_equipment,230516.0,1500.0,3457740.0,-3227224.0
Central Warehousing Corporation (InterState),office_equipment,134522.0,1500.0,2017830.0,-1883308.0
CONVEYANCE EXPENSES,office_equipment,1500.0,1500.0,22500.0,-21000.0
Cash,office_equipment,22000.0,1500.0,330000.0,-308000.0
Other Expenses,office_equipment,17000.0,1500.0,255000.0,-238000.0
GOVERNMENT MARKETPLACE (GEM),air_conditioner,79573.12,1500.0,1193596.8,-1114023.68
National Company Law Appellate Tribunal,office_equipment,749888.0,1500.0,11248320.0,-10498432.0
SBI OD A/C- 6791,office_equipment,1700000.0,1500.0,25500000.0,-23800000.0
CONVEYANCE EXPENSES,office_equipment,200.0,1500.0,3000.0,-2800.0
CONVEYANCE EXPENSES,office_equipment,200.0,1500.0,3000.0,-2800.0
Stamp Paper,office_equipment,1300.0,1500.0,19500.0,-18200.0
PRINTING AND STATIONARY,office_equipment,600.0,1500.0,9000.0,-8400.0
ELEGANT APPARELS,office_equipment,11424.0,1500.0,171360.0,-159936.0
SARASWATI ENTERPRISES,office_equipment,5074.0,1500.0,76110.0,-71036.0
THE RIGHT CHOICE,office_equipment,3331.0,1500.0,49965.0,-46634.0
ROHIT TIWARI,office_equipment,48510.0,1500.0,727650.0,-679140.0
NITIN ASSOCIATES,office_equipment,7650.0,1500.0,114750.0,-107100.0
CONVEYANCE EXPENSES,office_equipment,200.0,1500.0,3000.0,-2800.0
Cash,office_equipment,3800.0,1500.0,57000.0,-53200.0
SBI OD A/C- 6791,office_equipment,1800000.0,1500.0,27000000.0,-25200000.0
CONVEYANCE EXPENSES,office_equipment,200.0,1500.0,3000.0,-2800.0
Stamp Paper,office_equipment,550.0,1500.0,8250.0,-7700.0
PRINTING AND STATIONARY,office_equipment,130.0,1500.0,1950.0,-1820.0
PF PAYABLE,office_equipment,1327480.0,1500.0,19912200.0,-18584720.0
Esic Payable,office_equipment,26865.0,1500.0,402975.0,-376110.0
RAJA PROPERTIES & CONSTRUCTION,office_equipment,69300.0,1500.0,1039500.0,-970200.0
COL  SUNIL DALAL (PROPRIETOR),office_equipment,100000.0,1500.0,1500000.0,-1400000.0
COL  SUNIL DALAL (PROPRIETOR),office_equipment,3500000.0,1500.0,52500000.0,-49000000.0
COL  SUNIL DALAL (PROPRIETOR),office_equipment,550000.0,1500.0,8250000.0,-7700000.0
"EXECUTIVE ENGR, HCD 10",office_equipment,102441.0,1500.0,1536615.0,-1434174.0
HORT DIV  9,office_equipment,233850.0,1500.0,3507750.0,-3273900.0
HORT DIV  9,office_equipment,300771.0,1500.0,4511565.0,-4210794.0
HORT DIV  9,office_equipment,694279.0,1500.0,10414185.0,-9719906.0
DY. Director Hort-X,office_equipment,7599822.0,1500.0,113997330.0,-106397508.0
DY. Director Hort-X,office_equipment,6864355.0,1500.0,102965325.0,-96100970.0
DELHI DEVELOPMENT AUTHORITY,office_equipment,142798.0,1500.0,2141970.0,-1999172.0
TDS Receivable @ 2%,office_equipment,162563.0,1500.0,2438445.0,-2275882.0
SBI 1144,office_equipment,1851131.0,1500.0,27766965.0,-25915834.0
SBI 1144,office_equipment,7599822.0,1500.0,113997330.0,-106397508.0
TDS Receivable @ 2%,office_equipment,146831.0,1500.0,2202465.0,-2055634.0
QUTAB GOLF COURSE,office_equipment,179309.0,1500.0,2689635.0,-2510326.0
QUTAB GOLF COURSE,office_equipment,1770645.0,1500.0,26559675.0,-24789030.0
Cash,office_equipment,5500.0,1500.0,82500.0,-77000.0
Office Petty Expenses,office_equipment,200.0,1500.0,3000.0,-2800.0
Stamp Paper,office_equipment,1140.0,1500.0,17100.0,-15960.0
CONVEYANCE EXPENSES,office_equipment,2750.0,1500.0,41250.0,-38500.0
Cash,office_equipment,5000.0,1500.0,75000.0,-70000.0
REPAIRS AND MAINTENANCE,office_equipment,1900.0,1500.0,28500.0,-26600.0
CONVEYANCE EXPENSES,office_equipment,600.0,1500.0,9000.0,-8400.0
Cartage Outwards,vehicle,600.0,1500.0,9000.0,-8400.0
MASTER RUBER WORKSS,office_equipment,23100.0,1500.0,346500.0,-323400.0
Cash,office_equipment,10000.0,1500.0,150000.0,-140000.0
CONVEYANCE EXPENSES,office_equipment,1500.0,1500.0,22500.0,-21000.0
CONVEYANCE EXPENSES,office_equipment,3350.0,1500.0,50250.0,-46900.0
Sub Regional Office Esic,office_equipment,1588068.0,1500.0,23821020.0,-22232952.0
Cash,office_equipment,25300.0,1500.0,379500.0,-354200.0
CONVEYANCE EXPENSES,office_equipment,200.0,1500.0,3000.0,-2800.0
Miscellaneous,office_equipment,100.0,1500.0,1500.0,-1400.0
CONVEYANCE EXPENSES,office_equipment,4000.0,1500.0,60000.0,-56000.0
Other Expenses,office_equipment,2500.0,1500.0,37500.0,-35000.0
QUTAB GOLF COURSE,office_equipment,78000.0,1500.0,1170000.0,-1092000.0
PG NPD-8,office_equipment,86997.0,1500.0,1304955.0,-1217958.0
PG NPD-8,office_equipment,7437.0,1500.0,111555.0,-104118.0
Cash,office_equipment,5000.0,1500.0,75000.0,-70000.0
CONVEYANCE EXPENSES,office_equipment,240.0,1500.0,3600.0,-3360.0
CONVEYANCE EXPENSES,office_equipment,1056.0,1500.0,15840.0,-14784.0
CONVEYANCE EXPENSES,office_equipment,3476.0,1500.0,52140.0,-48664.0
REPAIRS AND MAINTENANCE,office_equipment,500.0,1500.0,7500.0,-7000.0
Office Petty Expenses,office_equipment,100.0,1500.0,1500.0,-1400.0
COL  SUNIL DALAL (PROPRIETOR),office_equipment,300000.0,1500.0,4500000.0,-4200000.0
Cash,office_equipment,14000.0,1500.0,210000.0,-196000.0
CONVEYANCE EXPENSES,office_equipment,4072.0,1500.0,61080.0,-57008.0
CONVEYANCE EXPENSES,office_equipment,3480.0,1500.0,52200.0,-48720.0
Greatway Infosolutions,office_equipment,1300.0,1500.0,19500.0,-18200.0
Dwarka Project  Division 1,office_equipment,4279106.0,1500.0,64186590.0,-59907484.0
Office  Equipments,office_equipment,1101.7,1500.0,16525.5,-15423.8
Cash,office_equipment,9900.0,1500.0,148500.0,-138600.0
Office Petty Expenses,office_equipment,10204.0,1500.0,153060.0,-142856.0
Other Expenses,office_equipment,13077.0,1500.0,196155.0,-183078.0
COL  SUNIL DALAL (PROPRIETOR),office_equipment,5000000.0,1500.0,75000000.0,-70000000.0
COL  SUNIL DALAL (PROPRIETOR),office_equipment,1900000.0,1500.0,28500000.0,-26600000.0
National Company Law Appellate Tribunal,office_equipment,677318.0,1500.0,10159770.0,-9482452.0
Fisheries Animal Husbandry and Dairying,office_equipment,120848.0,1500.0,1812720.0,-1691872.0
COL  SUNIL DALAL (PROPRIETOR),office_equipment,5000000.0,1500.0,75000000.0,-70000000.0
ELEGANT APPARELS,office_equipment,10662.0,1500.0,159930.0,-149268.0
ELEGANT APPARELS,office_equipment,67032.0,1500.0,1005480.0,-938448.0
Interest,office_equipment,9100.0,1500.0,136500.0,-127400.0
COL  SUNIL DALAL (PROPRIETOR),office_equipment,100000.0,1500.0,1500000.0,-1400000.0
Interest,office_equipment,458.0,1500.0,6870.0,-6412.0
Depreciation,office_equipment,718418.7,1500.0,10776280.5,-10057861.8
PF Employer Contribution,office_equipment,727429.0,1500.0,10911435.0,-10184006.0
PG MTNL,office_equipment,40706.0,1500.0,610590.0,-569884.0
PG Hort-8 New,office_equipment,48389.0,1500.0,725835.0,-677446.0
PG QGC,office_equipment,45283.0,1500.0,679245.0,-633962.0
DY. Director Hort-X,office_equipment,8108045.0,1500.0,121620675.0,-113512630.0
QUTAB GOLF COURSE,office_equipment,1278663.0,1500.0,19179945.0,-17901282.0
National Company Law Appellate Tribunal,office_equipment,776200.0,1500.0,11643000.0,-10866800.0
Sub Regional Office Esic,office_equipment,814749.0,1500.0,12221235.0,-11406486.0
DEPARTMENT OF SPACE,air_conditioner,397492.0,1500.0,5962380.0,-5564888.0
Lalit Kala Akademi,office_equipment,299846.0,1500.0,4497690.0,-4197844.0
Lalit Kala Akademi,office_equipment,586265.0,1500.0,8793975.0,-8207710.0
