Site_ID,Site_Name,Client,Zone,Guard_Count,Attendance_Score,Incident_Score,Complaint_Score,Compliance_Score,Shift_Coverage_Score,Utilization_Score,SLA_Score,Final_Score,Risk_Score,Grade,Risk_Level,Rank,Root_Causes,Recommendations
S61,S61,C12,,1,57.14,87,95,100.0,0.0,100.0,100.0,73.79,17.11,Average,safe,1,Low attendance (57%) — absenteeism is high; Shift gaps (7 missing shifts),Implement attendance monitoring. Deploy biometric systems. Conduct attendance counseling.; Deploy additional guards. 7 shifts need coverage.
S71,S71,C15,,4,10.87,77,90,75.0,0.0,100.0,100.0,53.41,38.24,Poor,medium,2,Low attendance (11%) — absenteeism is high; Shift gaps (40 missing shifts),Implement attendance monitoring. Deploy biometric systems. Conduct attendance counseling.; Deploy additional guards. 40 shifts need coverage.
S8,S8,C7,,3,8.33,77,90,66.67,0.0,100.0,100.0,51.4,40.25,Poor,medium,3,Low attendance (8%) — absenteeism is high; Compliance gaps (2/3 items compliant); Shift gaps (21 missing shifts),Implement attendance monitoring. Deploy biometric systems. Conduct attendance counseling.; Expedite compliance documentation. Schedule training. Verify PSARA license status.; Deploy additional guards. 21 shifts need coverage.
S25,S25,C5,,4,25.71,58,85,50.0,0.0,100.0,100.0,49.56,43.29,Poor,medium,4,"Low attendance (26%) — absenteeism is high; High incidents (7 total, 0 high-severity); Compliance gaps (2/4 items compliant)",Implement attendance monitoring. Deploy biometric systems. Conduct attendance counseling.; Conduct incident investigation. Implement patrol frequency increase. Training on incident prevention.; Expedite compliance documentation. Schedule training. Verify PSARA license status.
S100,S100,C4,,4,17.95,75,95,25.0,0.0,100.0,100.0,48.38,43.61,Poor,medium,5,Low attendance (18%) — absenteeism is high; Compliance gaps (1/4 items compliant); Shift gaps (37 missing shifts),Implement attendance monitoring. Deploy biometric systems. Conduct attendance counseling.; Expedite compliance documentation. Schedule training. Verify PSARA license status.; Deploy additional guards. 37 shifts need coverage.
S66,S66,C15,,4,5.56,74,90,50.0,0.0,100.0,100.0,47.47,44.33,Poor,medium,6,Low attendance (6%) — absenteeism is high; Compliance gaps (2/4 items compliant); Shift gaps (34 missing shifts),Implement attendance monitoring. Deploy biometric systems. Conduct attendance counseling.; Expedite compliance documentation. Schedule training. Verify PSARA license status.; Deploy additional guards. 34 shifts need coverage.
S60,S60,C4,,5,18.52,71,90,20.0,0.0,100.0,100.0,46.26,45.69,Poor,medium,7,Low attendance (19%) — absenteeism is high; Compliance gaps (1/5 items compliant); Shift gaps (47 missing shifts),Implement attendance monitoring. Deploy biometric systems. Conduct attendance counseling.; Expedite compliance documentation. Schedule training. Verify PSARA license status.; Deploy additional guards. 47 shifts need coverage.
S94,S94,C5,,3,16.0,55,85,33.33,0.0,100.0,100.0,43.55,49.95,Poor,medium,8,"Low attendance (16%) — absenteeism is high; High incidents (3 total, 1 high-severity); Compliance gaps (1/3 items compliant)",Implement attendance monitoring. Deploy biometric systems. Conduct attendance counseling.; Conduct incident investigation. Implement patrol frequency increase. Training on incident prevention.; Expedite compliance documentation. Schedule training. Verify PSARA license status.
S7,S7,C6,,8,22.54,37,85,37.5,1.61,100.0,100.0,42.7,51.86,Poor,medium,9,"Low attendance (23%) — absenteeism is high; High incidents (9 total, 1 high-severity); Compliance gaps (3/8 items compliant)",Implement attendance monitoring. Deploy biometric systems. Conduct attendance counseling.; Conduct incident investigation. Implement patrol frequency increase. Training on incident prevention.; Expedite compliance documentation. Schedule training. Verify PSARA license status.
S26,S26,C6,,4,34.38,30,80,25.0,3.33,100.0,100.0,42.4,53.44,Poor,medium,10,"Low attendance (34%) — absenteeism is high; High incidents (4 total, 2 high-severity); Compliance gaps (1/4 items compliant)",Implement attendance monitoring. Deploy biometric systems. Conduct attendance counseling.; Conduct incident investigation. Implement patrol frequency increase. Training on incident prevention.; Expedite compliance documentation. Schedule training. Verify PSARA license status.
S64,S64,C1,,4,24.32,61,85,0.0,0.0,100.0,100.0,42.25,50.45,Poor,medium,11,"Low attendance (24%) — absenteeism is high; High incidents (6 total, 0 high-severity); Compliance gaps (0/4 items compliant)",Implement attendance monitoring. Deploy biometric systems. Conduct attendance counseling.; Expedite compliance documentation. Schedule training. Verify PSARA license status.; Deploy additional guards. 32 shifts need coverage.
S13,S13,C3,,6,20.0,42,80,33.33,3.57,100.0,100.0,41.76,53.0,Poor,medium,12,"Low attendance (20%) — absenteeism is high; High incidents (5 total, 1 high-severity); Compliance gaps (2/6 items compliant)",Implement attendance monitoring. Deploy biometric systems. Conduct attendance counseling.; Conduct incident investigation. Implement patrol frequency increase. Training on incident prevention.; Expedite compliance documentation. Schedule training. Verify PSARA license status.
S19,S19,C20,,4,22.5,42,80,25.0,0.0,100.0,100.0,40.9,53.5,Poor,medium,13,"Low attendance (22%) — absenteeism is high; High incidents (5 total, 1 high-severity); Compliance gaps (1/4 items compliant)",Implement attendance monitoring. Deploy biometric systems. Conduct attendance counseling.; Conduct incident investigation. Implement patrol frequency increase. Training on incident prevention.; Expedite compliance documentation. Schedule training. Verify PSARA license status.
S80,S80,C5,,5,7.55,56,90,20.0,0.0,100.0,100.0,39.97,53.24,Critical,medium,14,"Low attendance (8%) — absenteeism is high; High incidents (5 total, 1 high-severity); Compliance gaps (1/5 items compliant)",Implement attendance monitoring. Deploy biometric systems. Conduct attendance counseling.; Conduct incident investigation. Implement patrol frequency increase. Training on incident prevention.; Expedite compliance documentation. Schedule training. Verify PSARA license status.
S40,S40,C7,,8,21.43,36,80,25.0,3.39,100.0,100.0,39.72,55.32,Critical,high,15,"Low attendance (21%) — absenteeism is high; High incidents (7 total, 1 high-severity); Compliance gaps (2/8 items compliant)",Implement attendance monitoring. Deploy biometric systems. Conduct attendance counseling.; Conduct incident investigation. Implement patrol frequency increase. Training on incident prevention.; Expedite compliance documentation. Schedule training. Verify PSARA license status.
S73,S73,C11,,7,21.13,31,85,28.57,0.0,100.0,100.0,39.57,55.63,Critical,high,16,"Low attendance (21%) — absenteeism is high; High incidents (6 total, 2 high-severity); Compliance gaps (2/7 items compliant)",Implement attendance monitoring. Deploy biometric systems. Conduct attendance counseling.; Conduct incident investigation. Implement patrol frequency increase. Training on incident prevention.; Expedite compliance documentation. Schedule training. Verify PSARA license status.
S47,S47,C18,,9,21.79,25,70,44.44,3.28,100.0,100.0,39.03,56.55,Critical,high,17,"Low attendance (22%) — absenteeism is high; High incidents (11 total, 0 high-severity); Compliance gaps (4/9 items compliant)",Implement attendance monitoring. Deploy biometric systems. Conduct attendance counseling.; Conduct incident investigation. Implement patrol frequency increase. Training on incident prevention.; Expedite compliance documentation. Schedule training. Verify PSARA license status.
S41,S41,C1,,4,24.32,32,75,25.0,0.0,100.0,100.0,38.7,56.45,Critical,high,18,"Low attendance (24%) — absenteeism is high; High incidents (6 total, 1 high-severity); Compliance gaps (1/4 items compliant)",Implement attendance monitoring. Deploy biometric systems. Conduct attendance counseling.; Conduct incident investigation. Implement patrol frequency increase. Training on incident prevention.; Expedite compliance documentation. Schedule training. Verify PSARA license status.
S69,S69,C16,,5,10.53,30,80,50.0,0.0,100.0,100.0,38.66,56.84,Critical,high,19,"Low attendance (11%) — absenteeism is high; High incidents (4 total, 2 high-severity); Compliance gaps (2/4 items compliant)",Implement attendance monitoring. Deploy biometric systems. Conduct attendance counseling.; Conduct incident investigation. Implement patrol frequency increase. Training on incident prevention.; Expedite compliance documentation. Schedule training. Verify PSARA license status.
S65,S65,C10,,8,12.86,23,75,50.0,1.79,100.0,100.0,37.39,57.89,Critical,high,20,"Low attendance (13%) — absenteeism is high; High incidents (14 total, 0 high-severity); Compliance gaps (4/8 items compliant)",Implement attendance monitoring. Deploy biometric systems. Conduct attendance counseling.; Conduct incident investigation. Implement patrol frequency increase. Training on incident prevention.; Expedite compliance documentation. Schedule training. Verify PSARA license status.
S46,S46,C9,,6,22.03,1,70,66.67,0.0,100.0,100.0,37.31,60.14,Critical,high,21,"Low attendance (22%) — absenteeism is high; High incidents (9 total, 2 high-severity); Compliance gaps (4/6 items compliant)",Implement attendance monitoring. Deploy biometric systems. Conduct attendance counseling.; Conduct incident investigation. Implement patrol frequency increase. Training on incident prevention.; Expedite compliance documentation. Schedule training. Verify PSARA license status.
S59,S59,C18,,6,15.15,17,75,50.0,0.0,100.0,100.0,36.7,59.2,Critical,high,22,"Low attendance (15%) — absenteeism is high; High incidents (11 total, 1 high-severity); Compliance gaps (3/6 items compliant)",Implement attendance monitoring. Deploy biometric systems. Conduct attendance counseling.; Conduct incident investigation. Implement patrol frequency increase. Training on incident prevention.; Expedite compliance documentation. Schedule training. Verify PSARA license status.
S5,S5,C12,,4,10.0,34,85,25.0,0.0,100.0,100.0,36.3,58.75,Critical,high,23,"Low attendance (10%) — absenteeism is high; High incidents (5 total, 2 high-severity); Compliance gaps (1/4 items compliant)",Implement attendance monitoring. Deploy biometric systems. Conduct attendance counseling.; Conduct incident investigation. Implement patrol frequency increase. Training on incident prevention.; Expedite compliance documentation. Schedule training. Verify PSARA license status.
S33,S33,C12,,8,28.4,0,65,50.0,0.0,100.0,100.0,35.77,61.48,Critical,high,24,"Low attendance (28%) — absenteeism is high; High incidents (16 total, 1 high-severity); Too many complaints (7, 0 unresolved)",Implement attendance monitoring. Deploy biometric systems. Conduct attendance counseling.; Conduct incident investigation. Implement patrol frequency increase. Training on incident prevention.; Expedite compliance documentation. Schedule training. Verify PSARA license status.
S16,S16,C4,,6,27.69,9,65,33.33,1.96,100.0,100.0,35.05,61.44,Critical,high,25,"Low attendance (28%) — absenteeism is high; High incidents (14 total, 0 high-severity); Too many complaints (7, 0 unresolved)",Implement attendance monitoring. Deploy biometric systems. Conduct attendance counseling.; Conduct incident investigation. Implement patrol frequency increase. Training on incident prevention.; Expedite compliance documentation. Schedule training. Verify PSARA license status.
S50,S50,C11,,6,2.38,45,80,16.67,0.0,100.0,100.0,34.21,60.04,Critical,high,26,"Low attendance (2%) — absenteeism is high; High incidents (4 total, 1 high-severity); Compliance gaps (1/6 items compliant)",Implement attendance monitoring. Deploy biometric systems. Conduct attendance counseling.; Conduct incident investigation. Implement patrol frequency increase. Training on incident prevention.; Expedite compliance documentation. Schedule training. Verify PSARA license status.
S87,S87,C15,,5,31.15,17,75,0.0,1.89,100.0,100.0,34.18,62.4,Critical,high,27,"Low attendance (31%) — absenteeism is high; High incidents (6 total, 2 high-severity); Compliance gaps (0/5 items compliant)",Implement attendance monitoring. Deploy biometric systems. Conduct attendance counseling.; Conduct incident investigation. Implement patrol frequency increase. Training on incident prevention.; Expedite compliance documentation. Schedule training. Verify PSARA license status.
S9,S9,C10,,3,15.38,41,75,0.0,0.0,100.0,100.0,34.06,60.14,Critical,high,28,"Low attendance (15%) — absenteeism is high; High incidents (8 total, 0 high-severity); Compliance gaps (0/3 items compliant)",Implement attendance monitoring. Deploy biometric systems. Conduct attendance counseling.; Conduct incident investigation. Implement patrol frequency increase. Training on incident prevention.; Expedite compliance documentation. Schedule training. Verify PSARA license status.
S53,S53,C18,,8,11.27,0,70,62.5,0.0,100.0,100.0,33.26,64.74,Critical,high,29,"Low attendance (11%) — absenteeism is high; High incidents (8 total, 3 high-severity); Compliance gaps (5/8 items compliant)",Implement attendance monitoring. Deploy biometric systems. Conduct attendance counseling.; Conduct incident investigation. Implement patrol frequency increase. Training on incident prevention.; Expedite compliance documentation. Schedule training. Verify PSARA license status.
S38,S38,C19,,9,21.65,0,65,44.44,1.32,100.0,100.0,33.04,65.84,Critical,high,30,"Low attendance (22%) — absenteeism is high; High incidents (11 total, 4 high-severity); Too many complaints (7, 0 unresolved)",Implement attendance monitoring. Deploy biometric systems. Conduct attendance counseling.; Conduct incident investigation. Implement patrol frequency increase. Training on incident prevention.; Expedite compliance documentation. Schedule training. Verify PSARA license status.
S92,S92,C11,,7,18.67,8,75,28.57,3.08,100.0,100.0,33.04,64.11,Critical,high,31,"Low attendance (19%) — absenteeism is high; High incidents (9 total, 2 high-severity); Compliance gaps (2/7 items compliant)",Implement attendance monitoring. Deploy biometric systems. Conduct attendance counseling.; Conduct incident investigation. Implement patrol frequency increase. Training on incident prevention.; Expedite compliance documentation. Schedule training. Verify PSARA license status.
S68,S68,C8,,9,14.61,11,75,33.33,1.49,100.0,100.0,32.98,63.37,Critical,high,32,"Low attendance (15%) — absenteeism is high; High incidents (13 total, 1 high-severity); Compliance gaps (3/9 items compliant)",Implement attendance monitoring. Deploy biometric systems. Conduct attendance counseling.; Conduct incident investigation. Implement patrol frequency increase. Training on incident prevention.; Expedite compliance documentation. Schedule training. Verify PSARA license status.
S85,S85,C18,,5,14.29,5,75,40.0,0.0,100.0,100.0,32.54,64.46,Critical,high,33,"Low attendance (14%) — absenteeism is high; High incidents (10 total, 2 high-severity); Compliance gaps (2/5 items compliant)",Implement attendance monitoring. Deploy biometric systems. Conduct attendance counseling.; Conduct incident investigation. Implement patrol frequency increase. Training on incident prevention.; Expedite compliance documentation. Schedule training. Verify PSARA license status.
S75,S75,C16,,9,15.19,0,50,66.67,0.0,100.0,100.0,32.06,66.44,Critical,high,34,"Low attendance (15%) — absenteeism is high; High incidents (16 total, 2 high-severity); Too many complaints (10, 0 unresolved)",Implement attendance monitoring. Deploy biometric systems. Conduct attendance counseling.; Conduct incident investigation. Implement patrol frequency increase. Training on incident prevention.; Address customer complaints immediately. Implement feedback loop. Replace underperforming guards.
S76,S76,C15,,5,10.53,23,75,20.0,0.0,100.0,100.0,32.01,63.59,Critical,high,35,"Low attendance (11%) — absenteeism is high; High incidents (9 total, 1 high-severity); Compliance gaps (1/5 items compliant)",Implement attendance monitoring. Deploy biometric systems. Conduct attendance counseling.; Conduct incident investigation. Implement patrol frequency increase. Training on incident prevention.; Expedite compliance documentation. Schedule training. Verify PSARA license status.
S15,S15,C2,,9,21.69,0,45,55.56,3.12,100.0,100.0,31.9,69.16,Critical,high,36,"Low attendance (22%) — absenteeism is high; High incidents (18 total, 7 high-severity); Too many complaints (11, 0 unresolved)",Implement attendance monitoring. Deploy biometric systems. Conduct attendance counseling.; Conduct incident investigation. Implement patrol frequency increase. Training on incident prevention.; Address customer complaints immediately. Implement feedback loop. Replace underperforming guards.
S11,S11,C7,,6,11.32,0,70,50.0,0.0,100.0,100.0,31.4,66.6,Critical,high,37,"Low attendance (11%) — absenteeism is high; High incidents (8 total, 3 high-severity); Compliance gaps (3/6 items compliant)",Implement attendance monitoring. Deploy biometric systems. Conduct attendance counseling.; Conduct incident investigation. Implement patrol frequency increase. Training on incident prevention.; Expedite compliance documentation. Schedule training. Verify PSARA license status.
S20,S20,C17,,7,21.95,0,55,42.86,0.0,100.0,100.0,31.26,68.99,Critical,high,38,"Low attendance (22%) — absenteeism is high; High incidents (12 total, 6 high-severity); Too many complaints (9, 0 unresolved)",Implement attendance monitoring. Deploy biometric systems. Conduct attendance counseling.; Conduct incident investigation. Implement patrol frequency increase. Training on incident prevention.; Address customer complaints immediately. Implement feedback loop. Replace underperforming guards.
S79,S79,C14,,8,19.18,0,65,37.5,0.0,100.0,100.0,31.13,67.62,Critical,high,39,"Low attendance (19%) — absenteeism is high; High incidents (14 total, 4 high-severity); Too many complaints (7, 0 unresolved)",Implement attendance monitoring. Deploy biometric systems. Conduct attendance counseling.; Conduct incident investigation. Implement patrol frequency increase. Training on incident prevention.; Expedite compliance documentation. Schedule training. Verify PSARA license status.
S93,S93,C6,,7,9.59,0,60,57.14,0.0,100.0,100.0,30.45,67.05,Critical,high,40,"Low attendance (10%) — absenteeism is high; High incidents (11 total, 1 high-severity); Too many complaints (8, 0 unresolved)",Implement attendance monitoring. Deploy biometric systems. Conduct attendance counseling.; Conduct incident investigation. Implement patrol frequency increase. Training on incident prevention.; Expedite compliance documentation. Schedule training. Verify PSARA license status.
S27,S27,C9,,6,26.98,0,65,16.67,0.0,100.0,100.0,30.34,67.91,Critical,high,41,"Low attendance (27%) — absenteeism is high; High incidents (9 total, 3 high-severity); Too many complaints (7, 0 unresolved)",Implement attendance monitoring. Deploy biometric systems. Conduct attendance counseling.; Conduct incident investigation. Implement patrol frequency increase. Training on incident prevention.; Expedite compliance documentation. Schedule training. Verify PSARA license status.
S34,S34,C1,,12,14.94,0,60,40.0,0.0,100.0,100.0,29.48,68.52,Critical,high,42,"Low attendance (15%) — absenteeism is high; High incidents (12 total, 2 high-severity); Too many complaints (8, 0 unresolved)",Implement attendance monitoring. Deploy biometric systems. Conduct attendance counseling.; Conduct incident investigation. Implement patrol frequency increase. Training on incident prevention.; Expedite compliance documentation. Schedule training. Verify PSARA license status.
S83,S83,C7,,8,16.92,0,70,25.0,0.0,100.0,100.0,29.33,68.67,Critical,high,43,"Low attendance (17%) — absenteeism is high; High incidents (9 total, 3 high-severity); Compliance gaps (2/8 items compliant)",Implement attendance monitoring. Deploy biometric systems. Conduct attendance counseling.; Conduct incident investigation. Implement patrol frequency increase. Training on incident prevention.; Expedite compliance documentation. Schedule training. Verify PSARA license status.
S6,S6,C20,,8,21.84,0,70,12.5,1.47,100.0,100.0,29.07,68.57,Critical,high,44,"Low attendance (22%) — absenteeism is high; High incidents (12 total, 2 high-severity); Compliance gaps (1/8 items compliant)",Implement attendance monitoring. Deploy biometric systems. Conduct attendance counseling.; Conduct incident investigation. Implement patrol frequency increase. Training on incident prevention.; Expedite compliance documentation. Schedule training. Verify PSARA license status.
S42,S42,C19,,5,17.78,0,50,40.0,0.0,100.0,100.0,28.83,69.67,Critical,high,45,"Low attendance (18%) — absenteeism is high; High incidents (14 total, 2 high-severity); Too many complaints (10, 0 unresolved)",Implement attendance monitoring. Deploy biometric systems. Conduct attendance counseling.; Conduct incident investigation. Implement patrol frequency increase. Training on incident prevention.; Address customer complaints immediately. Implement feedback loop. Replace underperforming guards.
S70,S70,C3,,7,22.97,0,60,14.29,1.52,100.0,100.0,28.19,69.97,Critical,high,46,"Low attendance (23%) — absenteeism is high; High incidents (9 total, 2 high-severity); Too many complaints (8, 0 unresolved)",Implement attendance monitoring. Deploy biometric systems. Conduct attendance counseling.; Conduct incident investigation. Implement patrol frequency increase. Training on incident prevention.; Expedite compliance documentation. Schedule training. Verify PSARA license status.
S55,S55,C6,,8,7.69,0,55,50.0,0.0,100.0,100.0,28.06,70.19,Critical,high,47,"Low attendance (8%) — absenteeism is high; High incidents (18 total, 2 high-severity); Too many complaints (9, 0 unresolved)",Implement attendance monitoring. Deploy biometric systems. Conduct attendance counseling.; Conduct incident investigation. Implement patrol frequency increase. Training on incident prevention.; Address customer complaints immediately. Implement feedback loop. Replace underperforming guards.
S12,S12,C4,,9,28.74,0,15,44.44,4.48,100.0,100.0,27.99,74.71,Critical,high,48,"Low attendance (29%) — absenteeism is high; High incidents (25 total, 7 high-severity); Too many complaints (17, 0 unresolved)",Implement attendance monitoring. Deploy biometric systems. Conduct attendance counseling.; Conduct incident investigation. Implement patrol frequency increase. Training on incident prevention.; Address customer complaints immediately. Implement feedback loop. Replace underperforming guards.
S91,S91,C15,,7,27.42,0,65,0.0,0.0,100.0,100.0,27.98,71.27,Critical,high,49,"Low attendance (27%) — absenteeism is high; High incidents (7 total, 5 high-severity); Too many complaints (7, 0 unresolved)",Implement attendance monitoring. Deploy biometric systems. Conduct attendance counseling.; Conduct incident investigation. Implement patrol frequency increase. Training on incident prevention.; Expedite compliance documentation. Schedule training. Verify PSARA license status.
S52,S52,C13,,9,15.0,0,45,44.44,0.0,100.0,100.0,27.92,72.83,Critical,high,50,"Low attendance (15%) — absenteeism is high; High incidents (17 total, 6 high-severity); Too many complaints (11, 0 unresolved)",Implement attendance monitoring. Deploy biometric systems. Conduct attendance counseling.; Conduct incident investigation. Implement patrol frequency increase. Training on incident prevention.; Address customer complaints immediately. Implement feedback loop. Replace underperforming guards.
S24,S24,C8,,9,21.59,0,65,11.11,0.0,100.0,100.0,27.89,70.86,Critical,high,51,"Low attendance (22%) — absenteeism is high; High incidents (12 total, 4 high-severity); Too many complaints (7, 0 unresolved)",Implement attendance monitoring. Deploy biometric systems. Conduct attendance counseling.; Conduct incident investigation. Implement patrol frequency increase. Training on incident prevention.; Expedite compliance documentation. Schedule training. Verify PSARA license status.
S88,S88,C11,,9,14.86,0,45,44.44,0.0,100.0,100.0,27.87,70.88,Critical,high,52,"Low attendance (15%) — absenteeism is high; High incidents (16 total, 2 high-severity); Too many complaints (11, 0 unresolved)",Implement attendance monitoring. Deploy biometric systems. Conduct attendance counseling.; Conduct incident investigation. Implement patrol frequency increase. Training on incident prevention.; Address customer complaints immediately. Implement feedback loop. Replace underperforming guards.
S97,S97,C10,,10,18.69,0,50,30.0,1.22,100.0,100.0,27.73,71.89,Critical,high,53,"Low attendance (19%) — absenteeism is high; High incidents (16 total, 4 high-severity); Too many complaints (10, 0 unresolved)",Implement attendance monitoring. Deploy biometric systems. Conduct attendance counseling.; Conduct incident investigation. Implement patrol frequency increase. Training on incident prevention.; Address customer complaints immediately. Implement feedback loop. Replace underperforming guards.
S35,S35,C9,,10,19.0,0,60,20.0,0.0,100.0,100.0,27.7,70.3,Critical,high,54,"Low attendance (19%) — absenteeism is high; High incidents (12 total, 2 high-severity); Too many complaints (8, 0 unresolved)",Implement attendance monitoring. Deploy biometric systems. Conduct attendance counseling.; Conduct incident investigation. Implement patrol frequency increase. Training on incident prevention.; Expedite compliance documentation. Schedule training. Verify PSARA license status.
S77,S77,C19,,5,23.21,0,50,20.0,0.0,100.0,100.0,27.46,73.04,Critical,high,55,"Low attendance (23%) — absenteeism is high; High incidents (11 total, 7 high-severity); Too many complaints (10, 0 unresolved)",Implement attendance monitoring. Deploy biometric systems. Conduct attendance counseling.; Conduct incident investigation. Implement patrol frequency increase. Training on incident prevention.; Address customer complaints immediately. Implement feedback loop. Replace underperforming guards.
S95,S95,C19,,13,14.78,0,25,61.54,0.0,100.0,100.0,27.42,71.84,Critical,high,56,"Low attendance (15%) — absenteeism is high; High incidents (22 total, 1 high-severity); Too many complaints (15, 0 unresolved)",Implement attendance monitoring. Deploy biometric systems. Conduct attendance counseling.; Conduct incident investigation. Implement patrol frequency increase. Training on incident prevention.; Address customer complaints immediately. Implement feedback loop. Replace underperforming guards.
S36,S36,C9,,7,13.04,0,75,14.29,0.0,100.0,100.0,27.31,70.44,Critical,high,57,"Low attendance (13%) — absenteeism is high; High incidents (9 total, 3 high-severity); Compliance gaps (1/7 items compliant)",Implement attendance monitoring. Deploy biometric systems. Conduct attendance counseling.; Conduct incident investigation. Implement patrol frequency increase. Training on incident prevention.; Expedite compliance documentation. Schedule training. Verify PSARA license status.
S21,S21,C18,,6,9.26,0,80,16.67,0.0,100.0,100.0,27.28,70.22,Critical,high,58,"Low attendance (9%) — absenteeism is high; High incidents (9 total, 3 high-severity); Compliance gaps (1/6 items compliant)",Implement attendance monitoring. Deploy biometric systems. Conduct attendance counseling.; Conduct incident investigation. Implement patrol frequency increase. Training on incident prevention.; Expedite compliance documentation. Schedule training. Verify PSARA license status.
S44,S44,C14,,11,18.37,0,35,40.0,0.0,100.0,100.0,26.76,72.49,Critical,high,59,"Low attendance (18%) — absenteeism is high; High incidents (17 total, 2 high-severity); Too many complaints (13, 0 unresolved)",Implement attendance monitoring. Deploy biometric systems. Conduct attendance counseling.; Conduct incident investigation. Implement patrol frequency increase. Training on incident prevention.; Address customer complaints immediately. Implement feedback loop. Replace underperforming guards.
S22,S22,C15,,8,9.88,0,65,25.0,0.0,100.0,100.0,26.46,71.29,Critical,high,60,"Low attendance (10%) — absenteeism is high; High incidents (9 total, 2 high-severity); Too many complaints (7, 0 unresolved)",Implement attendance monitoring. Deploy biometric systems. Conduct attendance counseling.; Conduct incident investigation. Implement patrol frequency increase. Training on incident prevention.; Expedite compliance documentation. Schedule training. Verify PSARA license status.
S14,S14,C20,,6,15.52,0,60,16.67,2.04,100.0,100.0,26.36,72.34,Critical,high,61,"Low attendance (16%) — absenteeism is high; High incidents (9 total, 3 high-severity); Too many complaints (8, 0 unresolved)",Implement attendance monitoring. Deploy biometric systems. Conduct attendance counseling.; Conduct incident investigation. Implement patrol frequency increase. Training on incident prevention.; Expedite compliance documentation. Schedule training. Verify PSARA license status.
S99,S99,C7,,9,16.25,0,40,33.33,0.0,100.0,100.0,25.87,72.63,Critical,high,62,"Low attendance (16%) — absenteeism is high; High incidents (17 total, 1 high-severity); Too many complaints (12, 0 unresolved)",Implement attendance monitoring. Deploy biometric systems. Conduct attendance counseling.; Conduct incident investigation. Implement patrol frequency increase. Training on incident prevention.; Address customer complaints immediately. Implement feedback loop. Replace underperforming guards.
S43,S43,C11,,15,11.43,0,45,35.71,1.01,100.0,100.0,25.64,74.21,Critical,high,63,"Low attendance (11%) — absenteeism is high; High incidents (16 total, 4 high-severity); Too many complaints (11, 0 unresolved)",Implement attendance monitoring. Deploy biometric systems. Conduct attendance counseling.; Conduct incident investigation. Implement patrol frequency increase. Training on incident prevention.; Address customer complaints immediately. Implement feedback loop. Replace underperforming guards.
S30,S30,C13,,9,9.88,0,50,33.33,0.0,100.0,100.0,25.46,74.04,Critical,high,64,"Low attendance (10%) — absenteeism is high; High incidents (14 total, 4 high-severity); Too many complaints (10, 0 unresolved)",Implement attendance monitoring. Deploy biometric systems. Conduct attendance counseling.; Conduct incident investigation. Implement patrol frequency increase. Training on incident prevention.; Address customer complaints immediately. Implement feedback loop. Replace underperforming guards.
S23,S23,C9,,10,13.41,0,65,11.11,0.0,100.0,100.0,25.44,72.31,Critical,high,65,"Low attendance (13%) — absenteeism is high; High incidents (12 total, 2 high-severity); Too many complaints (7, 0 unresolved)",Implement attendance monitoring. Deploy biometric systems. Conduct attendance counseling.; Conduct incident investigation. Implement patrol frequency increase. Training on incident prevention.; Expedite compliance documentation. Schedule training. Verify PSARA license status.
S78,S78,C10,,10,13.04,0,55,20.0,0.0,100.0,100.0,25.16,73.59,Critical,high,66,"Low attendance (13%) — absenteeism is high; High incidents (11 total, 3 high-severity); Too many complaints (9, 0 unresolved)",Implement attendance monitoring. Deploy biometric systems. Conduct attendance counseling.; Conduct incident investigation. Implement patrol frequency increase. Training on incident prevention.; Address customer complaints immediately. Implement feedback loop. Replace underperforming guards.
S56,S56,C8,,6,11.48,0,60,16.67,1.96,100.0,100.0,25.14,72.56,Critical,high,67,"Low attendance (11%) — absenteeism is high; High incidents (11 total, 1 high-severity); Too many complaints (8, 0 unresolved)",Implement attendance monitoring. Deploy biometric systems. Conduct attendance counseling.; Conduct incident investigation. Implement patrol frequency increase. Training on incident prevention.; Expedite compliance documentation. Schedule training. Verify PSARA license status.
S89,S89,C13,,10,19.75,0,40,20.0,1.64,100.0,100.0,25.09,75.08,Critical,critical,68,"Low attendance (20%) — absenteeism is high; High incidents (13 total, 4 high-severity); Too many complaints (12, 0 unresolved)",Implement attendance monitoring. Deploy biometric systems. Conduct attendance counseling.; Conduct incident investigation. Implement patrol frequency increase. Training on incident prevention.; Address customer complaints immediately. Implement feedback loop. Replace underperforming guards.
S48,S48,C1,,6,13.79,0,55,16.67,0.0,100.0,100.0,24.89,74.86,Critical,high,69,"Low attendance (14%) — absenteeism is high; High incidents (13 total, 5 high-severity); Too many complaints (9, 0 unresolved)",Implement attendance monitoring. Deploy biometric systems. Conduct attendance counseling.; Conduct incident investigation. Implement patrol frequency increase. Training on incident prevention.; Address customer complaints immediately. Implement feedback loop. Replace underperforming guards.
S3,S3,C1,,9,26.51,0,35,11.11,0.0,100.0,100.0,24.87,75.88,Critical,critical,70,"Low attendance (27%) — absenteeism is high; High incidents (16 total, 5 high-severity); Too many complaints (13, 0 unresolved)",Implement attendance monitoring. Deploy biometric systems. Conduct attendance counseling.; Conduct incident investigation. Implement patrol frequency increase. Training on incident prevention.; Address customer complaints immediately. Implement feedback loop. Replace underperforming guards.
S84,S84,C1,,10,15.69,0,35,30.0,2.7,100.0,100.0,24.73,74.79,Critical,high,71,"Low attendance (16%) — absenteeism is high; High incidents (15 total, 2 high-severity); Too many complaints (13, 0 unresolved)",Implement attendance monitoring. Deploy biometric systems. Conduct attendance counseling.; Conduct incident investigation. Implement patrol frequency increase. Training on incident prevention.; Address customer complaints immediately. Implement feedback loop. Replace underperforming guards.
S4,S4,C3,,8,12.5,0,35,37.5,0.0,100.0,100.0,24.62,76.62,Critical,critical,72,"Low attendance (12%) — absenteeism is high; High incidents (16 total, 7 high-severity); Too many complaints (13, 0 unresolved)",Implement attendance monitoring. Deploy biometric systems. Conduct attendance counseling.; Conduct incident investigation. Implement patrol frequency increase. Training on incident prevention.; Address customer complaints immediately. Implement feedback loop. Replace underperforming guards.
S29,S29,C19,,9,16.85,0,50,11.11,0.0,100.0,100.0,24.22,74.78,Critical,high,73,"Low attendance (17%) — absenteeism is high; High incidents (12 total, 3 high-severity); Too many complaints (10, 0 unresolved)",Implement attendance monitoring. Deploy biometric systems. Conduct attendance counseling.; Conduct incident investigation. Implement patrol frequency increase. Training on incident prevention.; Address customer complaints immediately. Implement feedback loop. Replace underperforming guards.
S45,S45,C5,,10,14.71,0,55,10.0,0.0,100.0,100.0,24.16,75.59,Critical,critical,74,"Low attendance (15%) — absenteeism is high; High incidents (14 total, 5 high-severity); Too many complaints (9, 0 unresolved)",Implement attendance monitoring. Deploy biometric systems. Conduct attendance counseling.; Conduct incident investigation. Implement patrol frequency increase. Training on incident prevention.; Address customer complaints immediately. Implement feedback loop. Replace underperforming guards.
S37,S37,C15,,11,20.87,0,30,20.0,3.7,100.0,100.0,24.13,77.24,Critical,critical,75,"Low attendance (21%) — absenteeism is high; High incidents (20 total, 5 high-severity); Too many complaints (14, 0 unresolved)",Implement attendance monitoring. Deploy biometric systems. Conduct attendance counseling.; Conduct incident investigation. Implement patrol frequency increase. Training on incident prevention.; Address customer complaints immediately. Implement feedback loop. Replace underperforming guards.
S63,S63,C9,,9,13.98,0,55,11.11,0.0,100.0,100.0,24.11,73.14,Critical,high,76,"Low attendance (14%) — absenteeism is high; High incidents (14 total, 0 high-severity); Too many complaints (9, 0 unresolved)",Implement attendance monitoring. Deploy biometric systems. Conduct attendance counseling.; Conduct incident investigation. Implement patrol frequency increase. Training on incident prevention.; Address customer complaints immediately. Implement feedback loop. Replace underperforming guards.
S57,S57,C5,,12,17.24,0,40,16.67,2.33,100.0,100.0,23.91,75.83,Critical,critical,77,"Low attendance (17%) — absenteeism is high; High incidents (16 total, 3 high-severity); Too many complaints (12, 0 unresolved)",Implement attendance monitoring. Deploy biometric systems. Conduct attendance counseling.; Conduct incident investigation. Implement patrol frequency increase. Training on incident prevention.; Address customer complaints immediately. Implement feedback loop. Replace underperforming guards.
S18,S18,C16,,6,13.24,0,65,0.0,1.72,100.0,100.0,23.89,74.53,Critical,high,78,"Low attendance (13%) — absenteeism is high; High incidents (10 total, 3 high-severity); Too many complaints (7, 0 unresolved)",Implement attendance monitoring. Deploy biometric systems. Conduct attendance counseling.; Conduct incident investigation. Implement patrol frequency increase. Training on incident prevention.; Expedite compliance documentation. Schedule training. Verify PSARA license status.
S72,S72,C16,,9,16.67,0,35,22.22,2.5,100.0,100.0,23.83,76.17,Critical,critical,79,"Low attendance (17%) — absenteeism is high; High incidents (15 total, 3 high-severity); Too many complaints (13, 0 unresolved)",Implement attendance monitoring. Deploy biometric systems. Conduct attendance counseling.; Conduct incident investigation. Implement patrol frequency increase. Training on incident prevention.; Address customer complaints immediately. Implement feedback loop. Replace underperforming guards.
S10,S10,C15,,13,21.48,0,30,15.38,1.04,100.0,100.0,23.35,78.25,Critical,critical,80,"Low attendance (21%) — absenteeism is high; High incidents (17 total, 8 high-severity); Too many complaints (14, 0 unresolved)",Implement attendance monitoring. Deploy biometric systems. Conduct attendance counseling.; Conduct incident investigation. Implement patrol frequency increase. Training on incident prevention.; Address customer complaints immediately. Implement feedback loop. Replace underperforming guards.
S51,S51,C17,,7,16.67,0,55,0.0,0.0,100.0,100.0,23.25,75.5,Critical,critical,81,"Low attendance (17%) — absenteeism is high; High incidents (11 total, 3 high-severity); Too many complaints (9, 0 unresolved)",Implement attendance monitoring. Deploy biometric systems. Conduct attendance counseling.; Conduct incident investigation. Implement patrol frequency increase. Training on incident prevention.; Address customer complaints immediately. Implement feedback loop. Replace underperforming guards.
S1,S1,C9,,10,11.46,0,25,40.0,0.0,100.0,100.0,23.19,77.56,Critical,critical,82,"Low attendance (11%) — absenteeism is high; High incidents (22 total, 4 high-severity); Too many complaints (15, 0 unresolved)",Implement attendance monitoring. Deploy biometric systems. Conduct attendance counseling.; Conduct incident investigation. Implement patrol frequency increase. Training on incident prevention.; Address customer complaints immediately. Implement feedback loop. Replace underperforming guards.
S82,S82,C19,,7,24.14,0,20,14.29,0.0,100.0,100.0,22.39,79.61,Critical,critical,83,"Low attendance (24%) — absenteeism is high; High incidents (17 total, 8 high-severity); Too many complaints (16, 0 unresolved)",Implement attendance monitoring. Deploy biometric systems. Conduct attendance counseling.; Conduct incident investigation. Implement patrol frequency increase. Training on incident prevention.; Address customer complaints immediately. Implement feedback loop. Replace underperforming guards.
S28,S28,C5,,7,9.09,0,50,14.29,0.0,100.0,100.0,22.37,77.13,Critical,critical,84,"Low attendance (9%) — absenteeism is high; High incidents (13 total, 4 high-severity); Too many complaints (10, 0 unresolved)",Implement attendance monitoring. Deploy biometric systems. Conduct attendance counseling.; Conduct incident investigation. Implement patrol frequency increase. Training on incident prevention.; Address customer complaints immediately. Implement feedback loop. Replace underperforming guards.
S31,S31,C16,,13,19.05,0,5,38.46,1.15,100.0,100.0,22.35,80.52,Critical,critical,85,"Low attendance (19%) — absenteeism is high; High incidents (23 total, 8 high-severity); Too many complaints (19, 0 unresolved)",Implement attendance monitoring. Deploy biometric systems. Conduct attendance counseling.; Conduct incident investigation. Implement patrol frequency increase. Training on incident prevention.; Address customer complaints immediately. Implement feedback loop. Replace underperforming guards.
S86,S86,C13,,11,18.58,0,35,9.09,1.14,100.0,100.0,22.3,79.06,Critical,critical,86,"Low attendance (19%) — absenteeism is high; High incidents (14 total, 6 high-severity); Too many complaints (13, 0 unresolved)",Implement attendance monitoring. Deploy biometric systems. Conduct attendance counseling.; Conduct incident investigation. Implement patrol frequency increase. Training on incident prevention.; Address customer complaints immediately. Implement feedback loop. Replace underperforming guards.
S2,S2,C15,,9,11.96,0,55,0.0,0.0,100.0,100.0,21.84,76.41,Critical,critical,87,"Low attendance (12%) — absenteeism is high; High incidents (12 total, 2 high-severity); Too many complaints (9, 0 unresolved)",Implement attendance monitoring. Deploy biometric systems. Conduct attendance counseling.; Conduct incident investigation. Implement patrol frequency increase. Training on incident prevention.; Address customer complaints immediately. Implement feedback loop. Replace underperforming guards.
S58,S58,C16,,11,18.63,0,20,18.18,1.3,100.0,100.0,21.45,80.68,Critical,critical,88,"Low attendance (19%) — absenteeism is high; High incidents (23 total, 7 high-severity); Too many complaints (16, 0 unresolved)",Implement attendance monitoring. Deploy biometric systems. Conduct attendance counseling.; Conduct incident investigation. Implement patrol frequency increase. Training on incident prevention.; Address customer complaints immediately. Implement feedback loop. Replace underperforming guards.
S39,S39,C11,,11,15.83,0,15,27.27,3.49,100.0,100.0,21.44,81.16,Critical,critical,89,"Low attendance (16%) — absenteeism is high; High incidents (18 total, 6 high-severity); Too many complaints (17, 0 unresolved)",Implement attendance monitoring. Deploy biometric systems. Conduct attendance counseling.; Conduct incident investigation. Implement patrol frequency increase. Training on incident prevention.; Address customer complaints immediately. Implement feedback loop. Replace underperforming guards.
S90,S90,C17,,7,12.68,0,35,14.29,0.0,100.0,100.0,21.2,78.05,Critical,critical,90,"Low attendance (13%) — absenteeism is high; High incidents (15 total, 2 high-severity); Too many complaints (13, 0 unresolved)",Implement attendance monitoring. Deploy biometric systems. Conduct attendance counseling.; Conduct incident investigation. Implement patrol frequency increase. Training on incident prevention.; Address customer complaints immediately. Implement feedback loop. Replace underperforming guards.
S62,S62,C19,,7,16.05,0,40,0.0,0.0,100.0,100.0,20.82,78.68,Critical,critical,91,"Low attendance (16%) — absenteeism is high; High incidents (13 total, 3 high-severity); Too many complaints (12, 0 unresolved)",Implement attendance monitoring. Deploy biometric systems. Conduct attendance counseling.; Conduct incident investigation. Implement patrol frequency increase. Training on incident prevention.; Address customer complaints immediately. Implement feedback loop. Replace underperforming guards.
S81,S81,C3,,11,15.18,0,30,9.09,3.7,100.0,100.0,20.79,79.08,Critical,critical,92,"Low attendance (15%) — absenteeism is high; High incidents (18 total, 2 high-severity); Too many complaints (14, 0 unresolved)",Implement attendance monitoring. Deploy biometric systems. Conduct attendance counseling.; Conduct incident investigation. Implement patrol frequency increase. Training on incident prevention.; Address customer complaints immediately. Implement feedback loop. Replace underperforming guards.
S32,S32,C18,,9,15.38,0,30,11.11,0.0,100.0,100.0,20.78,79.72,Critical,critical,93,"Low attendance (15%) — absenteeism is high; High incidents (21 total, 4 high-severity); Too many complaints (14, 0 unresolved)",Implement attendance monitoring. Deploy biometric systems. Conduct attendance counseling.; Conduct incident investigation. Implement patrol frequency increase. Training on incident prevention.; Address customer complaints immediately. Implement feedback loop. Replace underperforming guards.
S17,S17,C4,,11,20.66,0,0,27.27,4.4,100.0,100.0,20.73,82.71,Critical,critical,94,"Low attendance (21%) — absenteeism is high; High incidents (27 total, 15 high-severity); Too many complaints (24, 0 unresolved)",Implement attendance monitoring. Deploy biometric systems. Conduct attendance counseling.; Conduct incident investigation. Implement patrol frequency increase. Training on incident prevention.; Address customer complaints immediately. Implement feedback loop. Replace underperforming guards.
S54,S54,C16,,13,8.0,0,30,23.08,1.09,100.0,100.0,20.47,80.14,Critical,critical,95,"Low attendance (8%) — absenteeism is high; High incidents (18 total, 4 high-severity); Too many complaints (14, 0 unresolved)",Implement attendance monitoring. Deploy biometric systems. Conduct attendance counseling.; Conduct incident investigation. Implement patrol frequency increase. Training on incident prevention.; Address customer complaints immediately. Implement feedback loop. Replace underperforming guards.
S74,S74,C20,,16,20.47,0,5,18.75,2.73,100.0,100.0,19.98,83.05,Critical,critical,96,"Low attendance (20%) — absenteeism is high; High incidents (29 total, 6 high-severity); Too many complaints (19, 0 unresolved)",Implement attendance monitoring. Deploy biometric systems. Conduct attendance counseling.; Conduct incident investigation. Implement patrol frequency increase. Training on incident prevention.; Address customer complaints immediately. Implement feedback loop. Replace underperforming guards.
S98,S98,C15,,14,15.0,0,20,14.29,1.04,100.0,100.0,19.75,82.36,Critical,critical,97,"Low attendance (15%) — absenteeism is high; High incidents (27 total, 6 high-severity); Too many complaints (16, 0 unresolved)",Implement attendance monitoring. Deploy biometric systems. Conduct attendance counseling.; Conduct incident investigation. Implement patrol frequency increase. Training on incident prevention.; Address customer complaints immediately. Implement feedback loop. Replace underperforming guards.
S96,S96,C18,,14,11.97,0,20,14.29,1.03,100.0,100.0,18.84,82.77,Critical,critical,98,"Low attendance (12%) — absenteeism is high; High incidents (18 total, 5 high-severity); Too many complaints (16, 0 unresolved)",Implement attendance monitoring. Deploy biometric systems. Conduct attendance counseling.; Conduct incident investigation. Implement patrol frequency increase. Training on incident prevention.; Address customer complaints immediately. Implement feedback loop. Replace underperforming guards.
S49,S49,C13,,14,15.38,0,10,14.29,0.0,100.0,100.0,18.26,83.24,Critical,critical,99,"Low attendance (15%) — absenteeism is high; High incidents (21 total, 4 high-severity); Too many complaints (18, 0 unresolved)",Implement attendance monitoring. Deploy biometric systems. Conduct attendance counseling.; Conduct incident investigation. Implement patrol frequency increase. Training on incident prevention.; Address customer complaints immediately. Implement feedback loop. Replace underperforming guards.
S67,S67,C17,,11,16.1,0,0,18.18,0.0,100.0,100.0,17.56,85.44,Critical,critical,100,"Low attendance (16%) — absenteeism is high; High incidents (31 total, 10 high-severity); Too many complaints (24, 0 unresolved)",Implement attendance monitoring. Deploy biometric systems. Conduct attendance counseling.; Conduct incident investigation. Implement patrol frequency increase. Training on incident prevention.; Address customer complaints immediately. Implement feedback loop. Replace underperforming guards.
