site_id,site_name,performance_score,vs_avg_performance,attendance_score,vs_avg_attendance,incident_score,vs_avg_incident,grade,benchmark_status
S61,S61,73.79,43.38,57.14,39.79,87,74.7,Average,above
S71,S71,53.41,23.0,10.87,-6.48,77,64.7,Poor,above
S8,S8,51.4,20.99,8.33,-9.02,77,64.7,Poor,above
S25,S25,49.56,19.15,25.71,8.36,58,45.7,Poor,above
S100,S100,48.38,17.97,17.95,0.6,75,62.7,Poor,above
S66,S66,47.47,17.06,5.56,-11.79,74,61.7,Poor,above
S60,S60,46.26,15.85,18.52,1.17,71,58.7,Poor,above
S94,S94,43.55,13.14,16.0,-1.35,55,42.7,Poor,above
S7,S7,42.7,12.29,22.54,5.19,37,24.7,Poor,above
S26,S26,42.4,11.99,34.38,17.03,30,17.7,Poor,above
S64,S64,42.25,11.84,24.32,6.97,61,48.7,Poor,above
S13,S13,41.76,11.35,20.0,2.65,42,29.7,Poor,above
S19,S19,40.9,10.49,22.5,5.15,42,29.7,Poor,above
S80,S80,39.97,9.56,7.55,-9.8,56,43.7,Critical,above
S40,S40,39.72,9.31,21.43,4.08,36,23.7,Critical,above
S73,S73,39.57,9.16,21.13,3.78,31,18.7,Critical,above
S47,S47,39.03,8.62,21.79,4.44,25,12.7,Critical,above
S41,S41,38.7,8.29,24.32,6.97,32,19.7,Critical,above
S69,S69,38.66,8.25,10.53,-6.82,30,17.7,Critical,above
S65,S65,37.39,6.98,12.86,-4.49,23,10.7,Critical,above
S46,S46,37.31,6.9,22.03,4.68,1,-11.3,Critical,above
S59,S59,36.7,6.29,15.15,-2.2,17,4.7,Critical,above
S5,S5,36.3,5.89,10.0,-7.35,34,21.7,Critical,above
S33,S33,35.77,5.36,28.4,11.05,0,-12.3,Critical,above
S16,S16,35.05,4.64,27.69,10.34,9,-3.3,Critical,above
S50,S50,34.21,3.8,2.38,-14.97,45,32.7,Critical,above
S87,S87,34.18,3.77,31.15,13.8,17,4.7,Critical,above
S9,S9,34.06,3.65,15.38,-1.97,41,28.7,Critical,above
S53,S53,33.26,2.85,11.27,-6.08,0,-12.3,Critical,above
S38,S38,33.04,2.63,21.65,4.3,0,-12.3,Critical,above
S92,S92,33.04,2.63,18.67,1.32,8,-4.3,Critical,above
S68,S68,32.98,2.57,14.61,-2.74,11,-1.3,Critical,above
S85,S85,32.54,2.13,14.29,-3.06,5,-7.3,Critical,above
S75,S75,32.06,1.65,15.19,-2.16,0,-12.3,Critical,above
S76,S76,32.01,1.6,10.53,-6.82,23,10.7,Critical,above
S15,S15,31.9,1.49,21.69,4.34,0,-12.3,Critical,above
S11,S11,31.4,0.99,11.32,-6.03,0,-12.3,Critical,above
S20,S20,31.26,0.85,21.95,4.6,0,-12.3,Critical,above
S79,S79,31.13,0.72,19.18,1.83,0,-12.3,Critical,above
S93,S93,30.45,0.04,9.59,-7.76,0,-12.3,Critical,above
S27,S27,30.34,-0.07,26.98,9.63,0,-12.3,Critical,below
S34,S34,29.48,-0.93,14.94,-2.41,0,-12.3,Critical,below
S83,S83,29.33,-1.08,16.92,-0.43,0,-12.3,Critical,below
S6,S6,29.07,-1.34,21.84,4.49,0,-12.3,Critical,below
S42,S42,28.83,-1.58,17.78,0.43,0,-12.3,Critical,below
S70,S70,28.19,-2.22,22.97,5.62,0,-12.3,Critical,below
S55,S55,28.06,-2.35,7.69,-9.66,0,-12.3,Critical,below
S12,S12,27.99,-2.42,28.74,11.39,0,-12.3,Critical,below
S91,S91,27.98,-2.43,27.42,10.07,0,-12.3,Critical,below
S52,S52,27.92,-2.49,15.0,-2.35,0,-12.3,Critical,below
S24,S24,27.89,-2.52,21.59,4.24,0,-12.3,Critical,below
S88,S88,27.87,-2.54,14.86,-2.49,0,-12.3,Critical,below
S97,S97,27.73,-2.68,18.69,1.34,0,-12.3,Critical,below
S35,S35,27.7,-2.71,19.0,1.65,0,-12.3,Critical,below
S77,S77,27.46,-2.95,23.21,5.86,0,-12.3,Critical,below
S95,S95,27.42,-2.99,14.78,-2.57,0,-12.3,Critical,below
S36,S36,27.31,-3.1,13.04,-4.31,0,-12.3,Critical,below
S21,S21,27.28,-3.13,9.26,-8.09,0,-12.3,Critical,below
S44,S44,26.76,-3.65,18.37,1.02,0,-12.3,Critical,below
S22,S22,26.46,-3.95,9.88,-7.47,0,-12.3,Critical,below
S14,S14,26.36,-4.05,15.52,-1.83,0,-12.3,Critical,below
S99,S99,25.87,-4.54,16.25,-1.1,0,-12.3,Critical,below
S43,S43,25.64,-4.77,11.43,-5.92,0,-12.3,Critical,below
S30,S30,25.46,-4.95,9.88,-7.47,0,-12.3,Critical,below
S23,S23,25.44,-4.97,13.41,-3.94,0,-12.3,Critical,below
S78,S78,25.16,-5.25,13.04,-4.31,0,-12.3,Critical,below
S56,S56,25.14,-5.27,11.48,-5.87,0,-12.3,Critical,below
S89,S89,25.09,-5.32,19.75,2.4,0,-12.3,Critical,below
S48,S48,24.89,-5.52,13.79,-3.56,0,-12.3,Critical,below
S3,S3,24.87,-5.54,26.51,9.16,0,-12.3,Critical,below
S84,S84,24.73,-5.68,15.69,-1.66,0,-12.3,Critical,below
S4,S4,24.62,-5.79,12.5,-4.85,0,-12.3,Critical,below
S29,S29,24.22,-6.19,16.85,-0.5,0,-12.3,Critical,below
S45,S45,24.16,-6.25,14.71,-2.64,0,-12.3,Critical,below
S37,S37,24.13,-6.28,20.87,3.52,0,-12.3,Critical,below
S63,S63,24.11,-6.3,13.98,-3.37,0,-12.3,Critical,below
S57,S57,23.91,-6.5,17.24,-0.11,0,-12.3,Critical,below
S18,S18,23.89,-6.52,13.24,-4.11,0,-12.3,Critical,below
S72,S72,23.83,-6.58,16.67,-0.68,0,-12.3,Critical,below
S10,S10,23.35,-7.06,21.48,4.13,0,-12.3,Critical,below
S51,S51,23.25,-7.16,16.67,-0.68,0,-12.3,Critical,below
S1,S1,23.19,-7.22,11.46,-5.89,0,-12.3,Critical,below
S82,S82,22.39,-8.02,24.14,6.79,0,-12.3,Critical,below
S28,S28,22.37,-8.04,9.09,-8.26,0,-12.3,Critical,below
S31,S31,22.35,-8.06,19.05,1.7,0,-12.3,Critical,below
S86,S86,22.3,-8.11,18.58,1.23,0,-12.3,Critical,below
S2,S2,21.84,-8.57,11.96,-5.39,0,-12.3,Critical,below
S58,S58,21.45,-8.96,18.63,1.28,0,-12.3,Critical,below
S39,S39,21.44,-8.97,15.83,-1.52,0,-12.3,Critical,below
S90,S90,21.2,-9.21,12.68,-4.67,0,-12.3,Critical,below
S62,S62,20.82,-9.59,16.05,-1.3,0,-12.3,Critical,below
S81,S81,20.79,-9.62,15.18,-2.17,0,-12.3,Critical,below
S32,S32,20.78,-9.63,15.38,-1.97,0,-12.3,Critical,below
S17,S17,20.73,-9.68,20.66,3.31,0,-12.3,Critical,below
S54,S54,20.47,-9.94,8.0,-9.35,0,-12.3,Critical,below
S74,S74,19.98,-10.43,20.47,3.12,0,-12.3,Critical,below
S98,S98,19.75,-10.66,15.0,-2.35,0,-12.3,Critical,below
S96,S96,18.84,-11.57,11.97,-5.38,0,-12.3,Critical,below
S49,S49,18.26,-12.15,15.38,-1.97,0,-12.3,Critical,below
S67,S67,17.56,-12.85,16.1,-1.25,0,-12.3,Critical,below
