site_id,guard_count,coverage_score,missing_shifts,severity
S53,8,0.0,64,critical
S47,9,3.28,59,critical
S49,14,0.0,88,critical
S62,7,0.0,65,critical
S88,9,0.0,63,critical
S93,7,0.0,60,critical
S2,9,0.0,72,critical
S98,14,1.04,95,critical
S57,12,2.33,84,critical
S91,7,0.0,50,critical
S86,11,1.14,87,critical
S10,13,1.04,95,critical
S89,10,1.64,60,critical
S8,3,0.0,21,critical
S32,9,0.0,85,critical
S23,10,0.0,71,critical
S14,6,2.04,48,critical
S50,6,0.0,37,critical
S71,4,0.0,40,critical
S84,10,2.7,72,critical
S17,11,4.4,87,critical
S3,9,0.0,74,critical
S97,10,1.22,81,critical
S6,8,1.47,67,critical
S48,6,0.0,52,critical
S61,1,0.0,7,critical
S35,10,0.0,72,critical
S65,8,1.79,55,critical
S5,4,0.0,37,critical
S25,4,0.0,30,critical
S96,14,1.03,96,critical
S31,13,1.15,86,critical
S15,9,3.12,62,critical
S74,16,2.73,107,critical
S72,9,2.5,78,critical
S85,5,0.0,36,critical
S13,6,3.57,54,critical
S37,11,3.7,78,critical
S34,12,0.0,75,critical
S43,15,1.01,98,critical
S39,11,3.49,83,critical
S90,7,0.0,66,critical
S68,9,1.49,66,critical
S51,7,0.0,55,critical
S40,8,3.39,57,critical
S79,8,0.0,57,critical
S29,9,0.0,68,critical
S69,5,0.0,36,critical
S33,8,0.0,72,critical
S77,5,0.0,52,critical
S56,6,1.96,50,critical
S82,7,0.0,70,critical
S80,5,0.0,46,critical
S58,11,1.3,76,critical
S52,9,0.0,57,critical
S42,5,0.0,37,critical
S7,8,1.61,61,critical
S28,7,0.0,56,critical
S45,10,0.0,78,critical
S38,9,1.32,75,critical
S44,11,0.0,75,critical
S59,6,0.0,57,critical
S92,7,3.08,63,critical
S78,10,0.0,72,critical
S87,5,1.89,52,critical
S94,3,0.0,25,critical
S21,6,0.0,48,critical
S83,8,0.0,54,critical
S16,6,1.96,50,critical
S95,13,0.0,88,critical
S41,4,0.0,32,critical
S27,6,0.0,52,critical
S20,7,0.0,67,critical
S66,4,0.0,34,critical
S55,8,0.0,71,critical
S60,5,0.0,47,critical
S22,8,0.0,65,critical
S70,7,1.52,65,critical
S99,9,0.0,65,critical
S67,11,0.0,89,critical
S4,8,0.0,51,critical
S63,9,0.0,78,critical
S54,13,1.09,91,critical
S26,4,3.33,29,critical
S30,9,0.0,69,critical
S75,9,0.0,66,critical
S11,6,0.0,43,critical
S12,9,4.48,64,critical
S46,6,0.0,51,critical
S9,3,0.0,23,critical
S19,4,0.0,36,critical
S73,7,0.0,59,critical
S36,7,0.0,57,critical
S1,10,0.0,74,critical
S18,6,1.72,57,critical
S64,4,0.0,32,critical
S81,11,3.7,78,critical
S76,5,0.0,34,critical
S100,4,0.0,37,critical
S24,9,0.0,68,critical
