Book_Transaction,Bank_Transaction,Book_Amount,Bank_Amount,Status,Confidence,Source
PG LALIT KALA ACADEMY,,514481.25,,Missing Entry,0.0,RULE
Electricity Expenses,,940.0,,Missing Entry,0.0,RULE
BANK CHARGES,,47.0,,Missing Entry,0.0,RULE
SARASWATI ENTERPRISES,,4012.0,,Missing Entry,0.0,RULE
KENT RO SYSTEMS LIMITED,,8895.0,,Missing Entry,0.0,RULE
CONVEYANCE EXPENSES,,3020.0,,Missing Entry,0.0,RULE
Uniform Expense,,2600.0,,Missing Entry,0.0,RULE
PRINTING AND STATIONARY,,4625.0,,Missing Entry,0.0,RULE
Miscellaneous,,8895.0,,Missing Entry,0.0,RULE
Vehicle Hire Charges,,49000.0,,Missing Entry,0.0,RULE
CONVEYANCE EXPENSES,,1736.0,,Missing Entry,0.0,RULE
CONVEYANCE EXPENSES,,1736.0,,Missing Entry,0.0,RULE
TAX DEDUCTED AT SOURCE 94I (RENT),,7000.0,,Missing Entry,0.0,RULE
CONVEYANCE EXPENSES,,2232.0,,Missing Entry,0.0,RULE
CONVEYANCE EXPENSES,,420.0,,Missing Entry,0.0,RULE
COL  SUNIL DALAL (PROPRIETOR),,125000.0,,Missing Entry,0.0,RULE
ROHIT TIWARI,,47510.0,,Missing Entry,0.0,RULE
KENT RO SYSTEMS LIMITED,,8895.0,,Missing Entry,0.0,RULE
CONVEYANCE EXPENSES,,1750.0,,Missing Entry,0.0,RULE
Miscellaneous,,7538.14,,Missing Entry,0.0,RULE
AIRTEL POSTPAID BILL,,1811.3,,Missing Entry,0.0,RULE
BANK CHARGES,,5.9,,Missing Entry,0.0,RULE
CONVEYANCE EXPENSES,,3376.0,,Missing Entry,0.0,RULE
CONVEYANCE EXPENSES,,1040.0,,Missing Entry,0.0,RULE
CONVEYANCE EXPENSES,,2485.0,,Missing Entry,0.0,RULE
COMPUTER,,2500.0,,Missing Entry,0.0,RULE
BANK CHARGES,,17.7,,Missing Entry,0.0,RULE
CONVEYANCE EXPENSES,,3276.0,,Missing Entry,0.0,RULE
Water Expense,,3890.0,,Missing Entry,0.0,RULE
MUSKAN ENTERPRISE,,1475.0,,Missing Entry,0.0,RULE
RAJA PROPERTIES & CONSTRUCTION,,63000.0,,Missing Entry,0.0,RULE
CONVEYANCE EXPENSES,,2057.0,,Missing Entry,0.0,RULE
STATIONERY FOR OFFICE,,1250.0,,Missing Entry,0.0,RULE
Uniform Expense,,17721.0,,Missing Entry,0.0,RULE
RENT DELHI OFFICE,,70000.0,,Missing Entry,0.0,RULE
"EXECUTIVE ENGR, HCD 10",,226654.0,,Missing Entry,0.0,RULE
Ex Engineer NPD 8,,95423.0,,Missing Entry,0.0,RULE
MASTER RUBER WORKSS,,19848.0,,Missing Entry,0.0,RULE
ASIAR SOLUTIONS PVT LTD DELHI 2025-26,,66080.0,,Missing Entry,0.0,RULE
COL  SUNIL DALAL (PROPRIETOR),,50000.0,,Missing Entry,0.0,RULE
ASIAR SOLUTIONS PVT LTD DELHI 2025-26,,66080.0,,Missing Entry,0.0,RULE
LTS ROAD SAFETY,,1263.0,,Missing Entry,0.0,RULE
Office  Equipments,,1070.0,,Missing Entry,0.0,RULE
GST PAYABLE,,2233270.0,,Missing Entry,0.0,RULE
Other Expenses,,6000.0,,Missing Entry,0.0,RULE
UPI-The Dinners Club,,1066.0,,Missing Entry,0.0,RULE
Miscellaneous,,274.0,,Missing Entry,0.0,RULE
Other Expenses,,518.0,,Missing Entry,0.0,RULE
Miscellaneous,,1066.0,,Missing Entry,0.0,RULE
Haryana Offfice Rent,,9000.0,,Missing Entry,0.0,RULE
UP Office Rent,,4500.0,,Missing Entry,0.0,RULE
IT SYSTEMS,,10200.0,,Missing Entry,0.0,RULE
A.K. TECH,,2950.0,,Missing Entry,0.0,RULE
PRINTING AND STATIONARY,,10200.0,,Missing Entry,0.0,RULE
A.K.R.K. STEEL,,4500.0,,Missing Entry,0.0,RULE
ELEGANT APPARELS,,37852.0,,Missing Entry,0.0,RULE
PRINTING AND STATIONARY,,125.0,,Missing Entry,0.0,RULE
Office  Equipments,,4017.86,,Missing Entry,0.0,RULE
Uniform Expense,,36050.0,,Missing Entry,0.0,RULE
Airtel Postpaid Bill (Wifi),,7016.1,,Missing Entry,0.0,RULE
Airtel Postpaid Bill (Wifi),,7000.37,,Missing Entry,0.0,RULE
BANK CHARGES,,5.9,,Missing Entry,0.0,RULE
COL  SUNIL DALAL (PROPRIETOR),,50000.0,,Missing Entry,0.0,RULE
TDS Receivable @ 2%,,72097.0,,Missing Entry,0.0,RULE
CONVEYANCE EXPENSES,,1680.0,,Missing Entry,0.0,RULE
CONVEYANCE EXPENSES,,1680.0,,Missing Entry,0.0,RULE
ELEGANT APPARELS,,15937.0,,Missing Entry,0.0,RULE
TDS Receivable @ 2%,,37884.0,,Missing Entry,0.0,RULE
CONVEYANCE EXPENSES,,1684.0,,Missing Entry,0.0,RULE
Diesel and Petrol Charges,,34977.66,,Missing Entry,0.0,RULE
Interest,,5126.0,,Missing Entry,0.0,RULE
THE RIGHT CHOICE,,5873.0,,Missing Entry,0.0,RULE
Salary,,12675939.1,,Missing Entry,0.0,RULE
PF Employer Contribution,,676945.0,,Missing Entry,0.0,RULE
ESIC Employers Contribution,,47632.52,,Missing Entry,0.0,RULE
OUTPUT CGST@9%,,452186.66,,Missing Entry,0.0,RULE
TDS Credit CGST,,130255.0,,Missing Entry,0.0,RULE
Miscellaneous,,14160.0,,Missing Entry,0.0,RULE
Salary,,172000.0,,Missing Entry,0.0,RULE
COL  SUNIL DALAL (PROPRIETOR),,250000.0,,Missing Entry,0.0,RULE
Vehicle Hire Charges,,49000.0,,Missing Entry,0.0,RULE
EX. ENGR  NPD 6,,4397931.31,,Missing Entry,0.0,RULE
Dwarka Project  Division 1,,2366910.24,,Missing Entry,0.0,RULE
Hort DWK,,2870685.12,,Missing Entry,0.0,RULE
QUTAB GOLF COURSE,,2224289.98,,Missing Entry,0.0,RULE
Sub Regional Office Esic,,814749.04,,Missing Entry,0.0,RULE
Bharat Sanchar Nigam Limited,,1271912.66,,Missing Entry,0.0,RULE
DEPARTMENT OF SPACE,,385435.94,,Missing Entry,0.0,RULE
Fisheries Animal Husbandry and Dairying,,134022.83,,Missing Entry,0.0,RULE
"DEPUTY DIRECTOR, HORT . DIVN 8",,2184216.72,,Missing Entry,0.0,RULE
DY.DIRECTOR  HR   DIV  7,,2482059.2,,Missing Entry,0.0,RULE
HORT DIV  9,,1533015.18,,Missing Entry,0.0,RULE
DY DIRECTOR(HOR) DIV 6,,2039757.44,,Missing Entry,0.0,RULE
Miscellaneous,,5000.0,,Missing Entry,0.0,RULE
Bharat Sanchar Nigam Limited,,1271912.66,,Missing Entry,0.0,RULE
SARASWATI ENTERPRISES,,5458.0,,Missing Entry,0.0,RULE
Electricity Expenses,,5050.0,,Missing Entry,0.0,RULE
ROHIT TIWARI,,42927.0,,Missing Entry,0.0,RULE
THE RIGHT CHOICE,,5873.0,,Missing Entry,0.0,RULE
Miscellaneous,,2500.0,,Missing Entry,0.0,RULE
TAX DEDUCTED SOURCES 94C,,490.0,,Missing Entry,0.0,RULE
COL  SUNIL DALAL (PROPRIETOR),,50000.0,,Missing Entry,0.0,RULE
AIRTEL POSTPAID BILL,,1829.0,,Missing Entry,0.0,RULE
BANK CHARGES,,5.9,,Missing Entry,0.0,RULE
CONVEYANCE EXPENSES,,10675.0,,Missing Entry,0.0,RULE
Expertsoul Consultancy Services,,21830.0,,Missing Entry,0.0,RULE
SAMPURAN FURNITURE,,9200.0,,Missing Entry,0.0,RULE
GOVERNMENT MARKETPLACE (GEM),,92055.91,,Missing Entry,0.0,RULE
GOVERNMENT MARKETPLACE (GEM),,33932.25,,Missing Entry,0.0,RULE
COL  SUNIL DALAL (PROPRIETOR),,50000.0,,Missing Entry,0.0,RULE
SAMPURAN FURNITURE,,9200.0,,Missing Entry,0.0,RULE
Licenses,,18500.0,,Missing Entry,0.0,RULE
Annual Milestone Charges,,10000.0,,Missing Entry,0.0,RULE
Annual Maintainance Charge,,23600.0,,Missing Entry,0.0,RULE
TRANSACTION CHARGES,,79854.34,,Missing Entry,0.0,RULE
Other Expenses,,2769.0,,Missing Entry,0.0,RULE
Salary,,10100.0,,Missing Entry,0.0,RULE
SALARY PAYABLE,,14615.0,,Missing Entry,0.0,RULE
CONVEYANCE EXPENSES,,1144.0,,Missing Entry,0.0,RULE
CONVEYANCE EXPENSES,,2148.0,,Missing Entry,0.0,RULE
Miscellaneous,,26116.0,,Missing Entry,0.0,RULE
TECH ARMY ENVIRONMENTA,,8483.0,,Missing Entry,0.0,RULE
BANK CHARGES,,5.9,,Missing Entry,0.0,RULE
CONVEYANCE EXPENSES,,2170.0,,Missing Entry,0.0,RULE
CONVEYANCE EXPENSES,,2528.0,,Missing Entry,0.0,RULE
COL  SUNIL DALAL (PROPRIETOR),,50000.0,,Missing Entry,0.0,RULE
Uniform Expense,,16110.0,,Missing Entry,0.0,RULE
DIVYA ENTERPRISES,,4900.0,,Missing Entry,0.0,RULE
ELEGANT APPARELS,,40000.0,,Missing Entry,0.0,RULE
COL  SUNIL DALAL (PROPRIETOR),,50000.0,,Missing Entry,0.0,RULE
Uniform Expense,,54220.0,,Missing Entry,0.0,RULE
Uniform Expense,,4900.0,,Missing Entry,0.0,RULE
CONVEYANCE EXPENSES,,620.0,,Missing Entry,0.0,RULE
CONVEYANCE EXPENSES,,3552.0,,Missing Entry,0.0,RULE
CONVEYANCE EXPENSES,,2660.0,,Missing Entry,0.0,RULE
RENT DELHI OFFICE,,70000.0,,Missing Entry,0.0,RULE
ADVERTISMENT AND PUBLICITY,,500.0,,Missing Entry,0.0,RULE
RAJA PROPERTIES & CONSTRUCTION,,63000.0,,Missing Entry,0.0,RULE
Other Expenses,,7700.0,,Missing Entry,0.0,RULE
COL  SUNIL DALAL (PROPRIETOR),,70000.0,,Missing Entry,0.0,RULE
QUTAB GOLF COURSE,,156815.0,,Missing Entry,0.0,RULE
"DEPUTY DIRECTOR, HORT . DIVN 8",,225136.0,,Missing Entry,0.0,RULE
EX. ENGR  NPD 6,,346409.0,,Missing Entry,0.0,RULE
DY.DIRECTOR  HR   DIV  7,,201222.0,,Missing Entry,0.0,RULE
HORT DIV  9,,151466.0,,Missing Entry,0.0,RULE
Hort DWK,,228273.0,,Missing Entry,0.0,RULE
DY DIRECTOR(HOR) DIV 6,,215908.0,,Missing Entry,0.0,RULE
CONVEYANCE EXPENSES,,9568.0,,Missing Entry,0.0,RULE
GST PAYABLE,,619242.0,,Missing Entry,0.0,RULE
Other Expenses,,500.0,,Missing Entry,0.0,RULE
TRAINING SERVICES,,600.0,,Missing Entry,0.0,RULE
ADVERTISMENT AND PUBLICITY,,122148.0,,Missing Entry,0.0,RULE
ADONIS CREATIONS  PVT LTD,,128256.0,,Missing Entry,0.0,RULE
Haryana Offfice Rent,,9000.0,,Missing Entry,0.0,RULE
UP Office Rent,,4500.0,,Missing Entry,0.0,RULE
Bharat Sanchar Nigam Limited,,1245021.84,,Missing Entry,0.0,RULE
STATIONERY FOR OFFICE,,3968.0,,Missing Entry,0.0,RULE
ADVERTISMENT AND PUBLICITY,,10000.0,,Missing Entry,0.0,RULE
A.B.S.A. TRADERS PRIVATE LIMITED,,5380.0,,Missing Entry,0.0,RULE
SALARY PAYABLE,,65000.0,,Missing Entry,0.0,RULE
Software,,250.0,,Missing Entry,0.0,RULE
Office  Equipments,,4867.86,,Missing Entry,0.0,RULE
ELEGANT APPARELS,,19387.25,,Missing Entry,0.0,RULE
Airtel Postpaid Bill (Wifi),,5900.0,,Missing Entry,0.0,RULE
Airtel Postpaid Bill (Wifi),,6698.87,,Missing Entry,0.0,RULE
MASTER RUBER WORKSS,,18043.0,,Missing Entry,0.0,RULE
BANK CHARGES,,5.9,,Missing Entry,0.0,RULE
COL  SUNIL DALAL (PROPRIETOR),,20000.0,,Missing Entry,0.0,RULE
Miscellaneous,,3000.0,,Missing Entry,0.0,RULE
R.S. ELECTRIC COMPANY,,2950.0,,Missing Entry,0.0,RULE
ADVERTISMENT AND PUBLICITY,,1654.49,,Missing Entry,0.0,RULE
Diesel and Petrol Charges,,28585.12,,Missing Entry,0.0,RULE
Interest,,35103.0,,Missing Entry,0.0,RULE
Office  Equipments,,2400.0,,Missing Entry,0.0,RULE
Salary,,13732083.4,,Missing Entry,0.0,RULE
PF Employer Contribution,,743408.0,,Missing Entry,0.0,RULE
ESIC Employers Contribution,,58804.24,,Missing Entry,0.0,RULE
OUTPUT CGST@9%,,1634725.9,,Missing Entry,0.0,RULE
TDS Credit CGST,,86807.0,,Missing Entry,0.0,RULE
Salary,,65000.0,,Missing Entry,0.0,RULE
CONVEYANCE EXPENSES,,4500.0,,Missing Entry,0.0,RULE
Office Petty Expenses,,274.0,,Missing Entry,0.0,RULE
CONVEYANCE EXPENSES,,400.0,,Missing Entry,0.0,RULE
CONVEYANCE EXPENSES,,400.0,,Missing Entry,0.0,RULE
TDS Receivable @ 2%,,37021.0,,Missing Entry,0.0,RULE
Vehicle Hire Charges,,49000.0,,Missing Entry,0.0,RULE
Licenses,,600.0,,Missing Entry,0.0,RULE
Office Petty Expenses,,2118.0,,Missing Entry,0.0,RULE
Office Petty Expenses,,432.0,,Missing Entry,0.0,RULE
Other Expenses,,1000.0,,Missing Entry,0.0,RULE
OFFICE  MAINTENANCE,,2400.0,,Missing Entry,0.0,RULE
CONVEYANCE EXPENSES,,140.0,,Missing Entry,0.0,RULE
Airtech Private Limited,,15000.0,,Missing Entry,0.0,RULE
BANK CHARGES,,4.02,,Missing Entry,0.0,RULE
CONVEYANCE EXPENSES,,8100.0,,Missing Entry,0.0,RULE
National Company Law Appellate Tribunal,,425658.08,,Missing Entry,0.0,RULE
"EXECUTIVE ENGR, HCD 10",,1077467.41,,Missing Entry,0.0,RULE
QUTAB GOLF COURSE,,2298432.97,,Missing Entry,0.0,RULE
Sub Regional Office Esic,,814749.04,,Missing Entry,0.0,RULE
Bharat Sanchar Nigam Limited,,1245021.84,,Missing Entry,0.0,RULE
DEPARTMENT OF SPACE,,398283.74,,Missing Entry,0.0,RULE
Fisheries Animal Husbandry and Dairying,,138490.26,,Missing Entry,0.0,RULE
DY DIRECTOR(HOR) DIV 6,,1374619.76,,Missing Entry,0.0,RULE
SHAHEED SUKHDEV COLLEGE OF BUSINESS STUDIES,,258654.38,,Missing Entry,0.0,RULE
SHAHEED SUKHDEV COLLEGE OF BUSINESS STUDIES,,103461.75,,Missing Entry,0.0,RULE
ROHIT TIWARI,,50127.0,,Missing Entry,0.0,RULE
AAZAD ALUMINIUM & HARDWARE,,2124.0,,Missing Entry,0.0,RULE
AIRTEL POSTPAID BILL,,1823.1,,Missing Entry,0.0,RULE
Pragmatic Educational Society,,1416.0,,Missing Entry,0.0,RULE
TAX DEDUCTED SOURCES 94C,,490.0,,Missing Entry,0.0,RULE
CONVEYANCE EXPENSES,,920.0,,Missing Entry,0.0,RULE
CONVEYANCE EXPENSES,,1452.0,,Missing Entry,0.0,RULE
Software,,3840.0,,Missing Entry,0.0,RULE
COL  SUNIL DALAL (PROPRIETOR),,100000.0,,Missing Entry,0.0,RULE
Office  Equipments,,1800.0,,Missing Entry,0.0,RULE
TDS Receivable @ 2%,,74571.0,,Missing Entry,0.0,RULE
Salary,,172000.0,,Missing Entry,0.0,RULE
AMAZON.IN,,828.82,,Missing Entry,0.0,RULE
SUSPESE ACCOUNT,,449.1,,Missing Entry,0.0,RULE
Electricity Expenses,,610.0,,Missing Entry,0.0,RULE
ELEGANT APPARELS,,4134.0,,Missing Entry,0.0,RULE
Electricity Expenses,,15400.0,,Missing Entry,0.0,RULE
THE RIGHT CHOICE,,3968.0,,Missing Entry,0.0,RULE
AIRTEL POSTPAID BILL,,2950.0,,Missing Entry,0.0,RULE
AMAZON.IN,,529.0,,Missing Entry,0.0,RULE
Uniform Expense,,20000.0,,Missing Entry,0.0,RULE
TDS Receivable @ 2%,,37700.0,,Missing Entry,0.0,RULE
TAX  DEDUCTED  U/S 94J,,2172.0,,Missing Entry,0.0,RULE
CONVEYANCE EXPENSES,,3247.0,,Missing Entry,0.0,RULE
CONVEYANCE EXPENSES,,1620.0,,Missing Entry,0.0,RULE
COL  SUNIL DALAL (PROPRIETOR),,50000.0,,Missing Entry,0.0,RULE
MASTER RUBER WORKSS,,14435.0,,Missing Entry,0.0,RULE
SALARY PAYABLE,,11882.0,,Missing Entry,0.0,RULE
CONVEYANCE EXPENSES,,2000.0,,Missing Entry,0.0,RULE
CONVEYANCE EXPENSES,,1780.0,,Missing Entry,0.0,RULE
MASTER RUBER WORKSS,,14435.0,,Missing Entry,0.0,RULE
THE RIGHT CHOICE,,1143.0,,Missing Entry,0.0,RULE
STATIONERY FOR OFFICE,,3080.0,,Missing Entry,0.0,RULE
SALARY PAYABLE,,11800.0,,Missing Entry,0.0,RULE
PRINTING AND STATIONARY,,980.0,,Missing Entry,0.0,RULE
Water Expense,,4200.0,,Missing Entry,0.0,RULE
PRINTING AND STATIONARY,,1652.54,,Missing Entry,0.0,RULE
PROFESSIONAL CHARGES,,10000.0,,Missing Entry,0.0,RULE
OLIVE HERITAGE FOUNDATION,,11800.0,,Missing Entry,0.0,RULE
NITIN ASSOCIATES,,8500.0,,Missing Entry,0.0,RULE
IT SYSTEMS,,1950.0,,Missing Entry,0.0,RULE
CONVEYANCE EXPENSES,,533.0,,Missing Entry,0.0,RULE
CONVEYANCE EXPENSES,,200.0,,Missing Entry,0.0,RULE
CONVEYANCE EXPENSES,,368.0,,Missing Entry,0.0,RULE
CONVEYANCE EXPENSES,,1058.0,,Missing Entry,0.0,RULE
CONVEYANCE EXPENSES,,1460.0,,Missing Entry,0.0,RULE
COL  SUNIL DALAL (PROPRIETOR),,50000.0,,Missing Entry,0.0,RULE
COL  SUNIL DALAL (PROPRIETOR),,40000.0,,Missing Entry,0.0,RULE
PROFESSIONAL CHARGES,,8500.0,,Missing Entry,0.0,RULE
CONVEYANCE EXPENSES,,1736.0,,Missing Entry,0.0,RULE
CONVEYANCE EXPENSES,,1960.0,,Missing Entry,0.0,RULE
QUTAB GOLF COURSE,,154684.0,,Missing Entry,0.0,RULE
RENT DELHI OFFICE,,70000.0,,Missing Entry,0.0,RULE
"EXECUTIVE ENGR, HCD 10",,92077.0,,Missing Entry,0.0,RULE
DY DIRECTOR(HOR) DIV 6,,108414.0,,Missing Entry,0.0,RULE
RAJA PROPERTIES & CONSTRUCTION,,63000.0,,Missing Entry,0.0,RULE
Haryana Offfice Rent,,9000.0,,Missing Entry,0.0,RULE
UP Office Rent,,4500.0,,Missing Entry,0.0,RULE
Mobile Bill,,6691.76,,Missing Entry,0.0,RULE
Other Expenses,,8000.0,,Missing Entry,0.0,RULE
Other Expenses,,1845.0,,Missing Entry,0.0,RULE
Other Expenses,,4000.0,,Missing Entry,0.0,RULE
"DEPUTY DIRECTOR, HORT . DIVN 8",,1647114.26,,Missing Entry,0.0,RULE
AGNI HUNTEX PRIVATE LIMITED,,22656.0,,Missing Entry,0.0,RULE
COL  SUNIL DALAL (PROPRIETOR),,50000.0,,Missing Entry,0.0,RULE
Office  Equipments,,19200.0,,Missing Entry,0.0,RULE
Lawyer's Fees,,5000.0,,Missing Entry,0.0,RULE
Lawyer's Fees,,2500.0,,Missing Entry,0.0,RULE
STATIONERY FOR OFFICE,,4223.0,,Missing Entry,0.0,RULE
Singhla Steel,,1000.0,,Missing Entry,0.0,RULE
Office  Equipments,,847.5,,Missing Entry,0.0,RULE
THE RIGHT CHOICE,,4223.0,,Missing Entry,0.0,RULE
Mobile Bill,,2828.46,,Missing Entry,0.0,RULE
Mobile Bill,,6039.24,,Missing Entry,0.0,RULE
CONVEYANCE EXPENSES,,3120.0,,Missing Entry,0.0,RULE
CONVEYANCE EXPENSES,,3536.0,,Missing Entry,0.0,RULE
Water Expense,,7780.0,,Missing Entry,0.0,RULE
CONVEYANCE EXPENSES,,2608.0,,Missing Entry,0.0,RULE
BANK CHARGES,,5.9,,Missing Entry,0.0,RULE
Car Insurance,,8490.0,,Missing Entry,0.0,RULE
DOMAIN NAME PURCHASE,,449.1,,Missing Entry,0.0,RULE
Uniform Expense,,18465.0,,Missing Entry,0.0,RULE
BANK CHARGES,,5.9,,Missing Entry,0.0,RULE
CONVEYANCE EXPENSES,,3587.0,,Missing Entry,0.0,RULE
CONVEYANCE EXPENSES,,3040.0,,Missing Entry,0.0,RULE
CONVEYANCE EXPENSES,,100.0,,Missing Entry,0.0,RULE
CONVEYANCE EXPENSES,,320.0,,Missing Entry,0.0,RULE
Diesel and Petrol Charges,,18365.43,,Missing Entry,0.0,RULE
Interest,,2705.0,,Missing Entry,0.0,RULE
Salary,,13625390.32,,Missing Entry,0.0,RULE
PF Employer Contribution,,755570.0,,Missing Entry,0.0,RULE
ESIC Employers Contribution,,64405.92,,Missing Entry,0.0,RULE
Uniform Expense,,54220.0,,Missing Entry,0.0,RULE
OUTPUT CGST@9%,,651121.9,,Missing Entry,0.0,RULE
TDS Credit CGST,,132152.0,,Missing Entry,0.0,RULE
Salary,,65000.0,,Missing Entry,0.0,RULE
BANK CHARGES,,5.9,,Missing Entry,0.0,RULE
CONVEYANCE EXPENSES,,660.0,,Missing Entry,0.0,RULE
CONVEYANCE EXPENSES,,2060.0,,Missing Entry,0.0,RULE
TDS Receivable @ 2%,,27917.0,,Missing Entry,0.0,RULE
Electricity Expenses,,20020.0,,Missing Entry,0.0,RULE
Electricity Expenses,,950.0,,Missing Entry,0.0,RULE
Salary,,172000.0,,Missing Entry,0.0,RULE
Miscellaneous,,2000.0,,Missing Entry,0.0,RULE
COL  SUNIL DALAL (PROPRIETOR),,600000.0,,Missing Entry,0.0,RULE
REPAIRS AND MAINTENANCE,,1050.0,,Missing Entry,0.0,RULE
AIRTEL POSTPAID BILL,,1811.3,,Missing Entry,0.0,RULE
EX. ENGR  NPD 6,,4397931.31,,Missing Entry,0.0,RULE
DY DIRECTOR(HOR) DIV 6,,1330276.54,,Missing Entry,0.0,RULE
DY.DIRECTOR  HR   DIV  7,,2482059.2,,Missing Entry,0.0,RULE
HORT DIV  9,,2032911.43,,Missing Entry,0.0,RULE
Dwarka Project  Division 1,,2366910.24,,Missing Entry,0.0,RULE
National Company Law Appellate Tribunal,,751161.29,,Missing Entry,0.0,RULE
QUTAB GOLF COURSE,,2224289.98,,Missing Entry,0.0,RULE
Sub Regional Office Esic,,814749.04,,Missing Entry,0.0,RULE
Bharat Sanchar Nigam Limited,,1245021.84,,Missing Entry,0.0,RULE
DEPARTMENT OF SPACE,,385435.88,,Missing Entry,0.0,RULE
Fisheries Animal Husbandry and Dairying,,134022.83,,Missing Entry,0.0,RULE
SHAHEED SUKHDEV COLLEGE OF BUSINESS STUDIES,,484976.96,,Missing Entry,0.0,RULE
SHAHEED SUKHDEV COLLEGE OF BUSINESS STUDIES,,193990.79,,Missing Entry,0.0,RULE
Hort DWK,,2870685.12,,Missing Entry,0.0,RULE
Ex Engineer NPD 8,,652972.88,,Missing Entry,0.0,RULE
Bharat Sanchar Nigam Limited,,80626.23,,Missing Entry,0.0,RULE
R.S. ELECTRIC COMPANY,,7198.0,,Missing Entry,0.0,RULE
TAX DEDUCTED SOURCES 94C,,490.0,,Missing Entry,0.0,RULE
CONVEYANCE EXPENSES,,2720.0,,Missing Entry,0.0,RULE
CONVEYANCE EXPENSES,,3010.0,,Missing Entry,0.0,RULE
CONVEYANCE EXPENSES,,600.0,,Missing Entry,0.0,RULE
Office  Equipments,,250.0,,Missing Entry,0.0,RULE
Office  Equipments,,6000.0,,Missing Entry,0.0,RULE
STATIONERY FOR OFFICE,,2321.0,,Missing Entry,0.0,RULE
STATIONERY FOR OFFICE,,2475.0,,Missing Entry,0.0,RULE
Vehicle Hire Charges,,49000.0,,Missing Entry,0.0,RULE
ROHIT TIWARI,,38700.0,,Missing Entry,0.0,RULE
ELEGANT APPARELS,,19230.0,,Missing Entry,0.0,RULE
CONVEYANCE EXPENSES,,3375.0,,Missing Entry,0.0,RULE
Miscellaneous,,1770.0,,Missing Entry,0.0,RULE
Miscellaneous,,7100.0,,Missing Entry,0.0,RULE
CONVEYANCE EXPENSES,,5700.0,,Missing Entry,0.0,RULE
Miscellaneous,,6384.0,,Missing Entry,0.0,RULE
Uniform Expense,,17170.0,,Missing Entry,0.0,RULE
HDFC BANK - 95177,,350000.0,,Missing Entry,0.0,RULE
Other Expenses,,1000.0,,Missing Entry,0.0,RULE
CONVEYANCE EXPENSES,,140.0,,Missing Entry,0.0,RULE
CONVEYANCE EXPENSES,,200.0,,Missing Entry,0.0,RULE
CONVEYANCE EXPENSES,,700.0,,Missing Entry,0.0,RULE
COL  SUNIL DALAL (PROPRIETOR),,100000.0,,Missing Entry,0.0,RULE
Water Expense,,3900.0,,Missing Entry,0.0,RULE
CONVEYANCE EXPENSES,,1400.0,,Missing Entry,0.0,RULE
CONVEYANCE EXPENSES,,1960.0,,Missing Entry,0.0,RULE
ADVERTISMENT AND PUBLICITY,,10000.0,,Missing Entry,0.0,RULE
IT SYSTEMS,,5500.0,,Missing Entry,0.0,RULE
PROFESSIONAL CHARGES,,130000.0,,Missing Entry,0.0,RULE
MASTER RUBER WORKSS,,25862.0,,Missing Entry,0.0,RULE
Bawa Canvas Sore,,7403.0,,Missing Entry,0.0,RULE
THE RIGHT CHOICE,,4796.0,,Missing Entry,0.0,RULE
ESSAR ASSOCIATES,,2688.0,,Missing Entry,0.0,RULE
Office  Equipments,,2148.0,,Missing Entry,0.0,RULE
CONVEYANCE EXPENSES,,300.0,,Missing Entry,0.0,RULE
Office  Equipments,,2400.0,,Missing Entry,0.0,RULE
Office  Equipments,,7050.0,,Missing Entry,0.0,RULE
RENT DELHI OFFICE,,70000.0,,Missing Entry,0.0,RULE
Uniform Expense,,23091.0,,Missing Entry,0.0,RULE
QUTAB GOLF COURSE,,158089.0,,Missing Entry,0.0,RULE
EX. ENGR  NPD 6,,348340.0,,Missing Entry,0.0,RULE
DY.DIRECTOR  HR   DIV  7,,206977.0,,Missing Entry,0.0,RULE
HORT DIV  9,,148804.0,,Missing Entry,0.0,RULE
Hort DWK,,235801.0,,Missing Entry,0.0,RULE
DY DIRECTOR(HOR) DIV 6,,107383.0,,Missing Entry,0.0,RULE
TDS Receivable @ 2%,,38957.0,,Missing Entry,0.0,RULE
COL  SUNIL DALAL (PROPRIETOR),,120000.0,,Missing Entry,0.0,RULE
EX. ENGR  NPD 6,,1405872.06,,Missing Entry,0.0,RULE
"DEPUTY DIRECTOR, HORT . DIVN 8",,1074204.96,,Missing Entry,0.0,RULE
"DEPUTY DIRECTOR, HORT . DIVN 8",,227453.0,,Missing Entry,0.0,RULE
RAJA PROPERTIES & CONSTRUCTION,,63000.0,,Missing Entry,0.0,RULE
IT SYSTEMS,,5500.0,,Missing Entry,0.0,RULE
SALARY PAYABLE,,5410.0,,Missing Entry,0.0,RULE
SALARY PAYABLE,,3500.0,,Missing Entry,0.0,RULE
Sunshine Engineers,,75000.0,,Missing Entry,0.0,RULE
Haryana Offfice Rent,,9000.0,,Missing Entry,0.0,RULE
UP Office Rent,,4500.0,,Missing Entry,0.0,RULE
IT SYSTEMS,,10500.0,,Missing Entry,0.0,RULE
COL  SUNIL DALAL (PROPRIETOR),,75000.0,,Missing Entry,0.0,RULE
TRAINING SERVICES,,3600.0,,Missing Entry,0.0,RULE
PRINTING AND STATIONARY,,8898.36,,Missing Entry,0.0,RULE
Dwarka Project  Division 1,,297440.0,,Missing Entry,0.0,RULE
R.S. ELECTRIC COMPANY,,3658.0,,Missing Entry,0.0,RULE
Office  Equipments,,3000.0,,Missing Entry,0.0,RULE
Chintpurni Overseas Private Limited,,51233.14,,Missing Entry,0.0,RULE
Pragmatic Educational Society,,4248.0,,Missing Entry,0.0,RULE
Karnataka BHAWAN,,238728.0,,Missing Entry,0.0,RULE
COL  SUNIL DALAL (PROPRIETOR),,300000.0,,Missing Entry,0.0,RULE
STATIONERY FOR OFFICE,,2625.0,,Missing Entry,0.0,RULE
STATIONERY FOR OFFICE,,1328.0,,Missing Entry,0.0,RULE
Airtel Postpaid Bill (Wifi),,6691.6,,Missing Entry,0.0,RULE
BANK CHARGES,,5.9,,Missing Entry,0.0,RULE
Mobile Bill,,6042.52,,Missing Entry,0.0,RULE
BANK CHARGES,,5.9,,Missing Entry,0.0,RULE
BANK CHARGES,,5.9,,Missing Entry,0.0,RULE
Software,,4500.0,,Missing Entry,0.0,RULE
OUTPUT CGST@9%,,1607830.0,,Missing Entry,0.0,RULE
AIRTEL POSTPAID BILL,,1811.3,,Missing Entry,0.0,RULE
ANU INTERNATIONAL,,5310.0,,Missing Entry,0.0,RULE
BANK CHARGES,,5.9,,Missing Entry,0.0,RULE
Diesel and Petrol Charges,,27049.22,,Missing Entry,0.0,RULE
Interest,,43230.0,,Missing Entry,0.0,RULE
Salary,,13779188.08,,Missing Entry,0.0,RULE
PF Employer Contribution,,753774.0,,Missing Entry,0.0,RULE
ESIC Employers Contribution,,65128.4,,Missing Entry,0.0,RULE
Salary,,65000.0,,Missing Entry,0.0,RULE
Hort DWK,,2870685.12,,Missing Entry,0.0,RULE
STATIONERY FOR OFFICE,,2428.0,,Missing Entry,0.0,RULE
STATIONERY FOR OFFICE,,793.0,,Missing Entry,0.0,RULE
TRAVELLING EXPENSES,,13010.91,,Missing Entry,0.0,RULE
Other Expenses,,350.0,,Missing Entry,0.0,RULE
Other Expenses,,2652.65,,Missing Entry,0.0,RULE
Water Expense,,3890.0,,Missing Entry,0.0,RULE
CONVEYANCE EXPENSES,,2270.0,,Missing Entry,0.0,RULE
Other Expenses,,2602.2,,Missing Entry,0.0,RULE
Vehicle Hire Charges,,49000.0,,Missing Entry,0.0,RULE
NITIN ASSOCIATES,,47500.0,,Missing Entry,0.0,RULE
ROHIT TIWARI,,40595.0,,Missing Entry,0.0,RULE
COL  SUNIL DALAL (PROPRIETOR),,250000.0,,Missing Entry,0.0,RULE
PROFESSIONAL CHARGES,,47500.0,,Missing Entry,0.0,RULE
National Company Law Appellate Tribunal,,776200.02,,Missing Entry,0.0,RULE
QUTAB GOLF COURSE,,2298432.97,,Missing Entry,0.0,RULE
Sub Regional Office Esic,,814748.99,,Missing Entry,0.0,RULE
Bharat Sanchar Nigam Limited,,1122960.87,,Missing Entry,0.0,RULE
DEPARTMENT OF SPACE,,394741.81,,Missing Entry,0.0,RULE
Fisheries Animal Husbandry and Dairying,,138490.26,,Missing Entry,0.0,RULE
SHAHEED SUKHDEV COLLEGE OF BUSINESS STUDIES,,501142.86,,Missing Entry,0.0,RULE
SHAHEED SUKHDEV COLLEGE OF BUSINESS STUDIES,,200457.13,,Missing Entry,0.0,RULE
Bharat Sanchar Nigam Limited,,24240.57,,Missing Entry,0.0,RULE
Hort DWK,,2870685.12,,Missing Entry,0.0,RULE
TDS Receivable @ 2%,,18207.0,,Missing Entry,0.0,RULE
Miscellaneous,,100.0,,Missing Entry,0.0,RULE
Miscellaneous,,16900.0,,Missing Entry,0.0,RULE
Salary,,172000.0,,Missing Entry,0.0,RULE
Electricity Expenses,,31320.0,,Missing Entry,0.0,RULE
Electricity Expenses,,1030.0,,Missing Entry,0.0,RULE
THE RIGHT CHOICE,,7174.0,,Missing Entry,0.0,RULE
TAX DEDUCTED SOURCES 94C,,387.0,,Missing Entry,0.0,RULE
COL  SUNIL DALAL (PROPRIETOR),,100000.0,,Missing Entry,0.0,RULE
TDS Receivable @ 2%,,37700.0,,Missing Entry,0.0,RULE
BANK CHARGES,,5.9,,Missing Entry,0.0,RULE
Raitel Corporation of India Limited,,2950.0,,Missing Entry,0.0,RULE
TRAVELLING EXPENSES,,9238.54,,Missing Entry,0.0,RULE
Miscellaneous,,1290.36,,Missing Entry,0.0,RULE
Miscellaneous,,2490.0,,Missing Entry,0.0,RULE
Software,,2500.0,,Missing Entry,0.0,RULE
BANK CHARGES,,5.9,,Missing Entry,0.0,RULE
CONVEYANCE EXPENSES,,3507.0,,Missing Entry,0.0,RULE
Water Expense,,3640.0,,Missing Entry,0.0,RULE
CONVEYANCE EXPENSES,,10152.0,,Missing Entry,0.0,RULE
Hort DWK,,1929477.0,,Missing Entry,0.0,RULE
CONVEYANCE EXPENSES,,696.0,,Missing Entry,0.0,RULE
CONVEYANCE EXPENSES,,660.0,,Missing Entry,0.0,RULE
MASTER RUBER WORKSS,,16239.0,,Missing Entry,0.0,RULE
IT SYSTEMS,,3900.0,,Missing Entry,0.0,RULE
NITIN ASSOCIATES,,8500.0,,Missing Entry,0.0,RULE
CONVEYANCE EXPENSES,,2905.0,,Missing Entry,0.0,RULE
COL  SUNIL DALAL (PROPRIETOR),,75000.0,,Missing Entry,0.0,RULE
Uniform Expense,,14499.0,,Missing Entry,0.0,RULE
PRINTING AND STATIONARY,,3305.08,,Missing Entry,0.0,RULE
PROFESSIONAL CHARGES,,8500.0,,Missing Entry,0.0,RULE
CONVEYANCE EXPENSES,,1736.0,,Missing Entry,0.0,RULE
CONVEYANCE EXPENSES,,1904.0,,Missing Entry,0.0,RULE
CONVEYANCE EXPENSES,,3040.0,,Missing Entry,0.0,RULE
Office Petty Expenses,,5000.0,,Missing Entry,0.0,RULE
QUTAB GOLF COURSE,,162045.0,,Missing Entry,0.0,RULE
RAJA PROPERTIES & CONSTRUCTION,,63000.0,,Missing Entry,0.0,RULE
COL  SUNIL DALAL (PROPRIETOR),,50000.0,,Missing Entry,0.0,RULE
RENT DELHI OFFICE,,70000.0,,Missing Entry,0.0,RULE
"EXECUTIVE ENGR, HCD 10",,185519.0,,Missing Entry,0.0,RULE
"DEPUTY DIRECTOR, HORT . DIVN 8",,1181625.43,,Missing Entry,0.0,RULE
"DEPUTY DIRECTOR, HORT . DIVN 8",,433366.8,,Missing Entry,0.0,RULE
Hort DWK,,789339.76,,Missing Entry,0.0,RULE
Haryana Offfice Rent,,6000.0,,Missing Entry,0.0,RULE
UP Office Rent,,4500.0,,Missing Entry,0.0,RULE
Miscellaneous,,4000.0,,Missing Entry,0.0,RULE
Vehicle Maintenance Charges,,32613.6,,Missing Entry,0.0,RULE
Vehicle Maintenance Charges,,30250.0,,Missing Entry,0.0,RULE
Liftech India Private Limited,,35695.0,,Missing Entry,0.0,RULE
Liftech India Private Limited,,38484.0,,Missing Entry,0.0,RULE
COL  SUNIL DALAL (PROPRIETOR),,70000.0,,Missing Entry,0.0,RULE
ADVERTISMENT AND PUBLICITY,,10000.0,,Missing Entry,0.0,RULE
STATIONERY FOR OFFICE,,2576.0,,Missing Entry,0.0,RULE
Uniform Expense,,37905.0,,Missing Entry,0.0,RULE
Ex Engineer NPD 8,,652972.88,,Missing Entry,0.0,RULE
Ex Engineer NPD 8,,646651.31,,Missing Entry,0.0,RULE
Ex Engineer NPD 8,,64287.0,,Missing Entry,0.0,RULE
ELEGANT APPARELS,,28820.0,,Missing Entry,0.0,RULE
Miscellaneous,,400.0,,Missing Entry,0.0,RULE
CONVEYANCE EXPENSES,,1220.0,,Missing Entry,0.0,RULE
CONVEYANCE EXPENSES,,2398.0,,Missing Entry,0.0,RULE
Office Petty Expenses,,50.0,,Missing Entry,0.0,RULE
Salary,,20000.0,,Missing Entry,0.0,RULE
SBI OD A/C- 6791,,30000.0,,Missing Entry,0.0,RULE
STATIONERY FOR OFFICE,,789.0,,Missing Entry,0.0,RULE
STATIONERY FOR OFFICE,,2697.0,,Missing Entry,0.0,RULE
Miscellaneous,,1618.0,,Missing Entry,0.0,RULE
Airtel Postpaid Bill (Wifi),,6042.61,,Missing Entry,0.0,RULE
Airtel Postpaid Bill (Wifi),,6691.57,,Missing Entry,0.0,RULE
BANK CHARGES,,5.9,,Missing Entry,0.0,RULE
COL  SUNIL DALAL (PROPRIETOR),,20000.0,,Missing Entry,0.0,RULE
Chintpurni Overseas Private Limited,,62211.68,,Missing Entry,0.0,RULE
Miscellaneous,,1215.0,,Missing Entry,0.0,RULE
Diesel and Petrol Charges,,25453.35,,Missing Entry,0.0,RULE
Interest,,21177.0,,Missing Entry,0.0,RULE
Salary,,12831422.0,,Missing Entry,0.0,RULE
PF Employer Contribution,,672425.0,,Missing Entry,0.0,RULE
ESIC Employers Contribution,,58216.82,,Missing Entry,0.0,RULE
OUTPUT CGST@9%,,946838.0,,Missing Entry,0.0,RULE
TDS Credit CGST,,125716.0,,Missing Entry,0.0,RULE
Salary,,65000.0,,Missing Entry,0.0,RULE
CONVEYANCE EXPENSES,,3488.0,,Missing Entry,0.0,RULE
CONVEYANCE EXPENSES,,9700.0,,Missing Entry,0.0,RULE
Vehicle Hire Charges,,49000.0,,Missing Entry,0.0,RULE
EX. ENGR  NPD 6,,4470028.54,,Missing Entry,0.0,RULE
DY DIRECTOR(HOR) DIV 6,,2749238.34,,Missing Entry,0.0,RULE
DY DIRECTOR(HOR) DIV 6,,574381.52,,Missing Entry,0.0,RULE
DY.DIRECTOR  HR   DIV  7,,2522749.14,,Missing Entry,0.0,RULE
DY.DIRECTOR  HR   DIV  7,,685513.92,,Missing Entry,0.0,RULE
HORT DIV  9,,2066237.83,,Missing Entry,0.0,RULE
HORT DIV  9,,452235.0,,Missing Entry,0.0,RULE
EX. ENGR  NPD 6,,362978.0,,Missing Entry,0.0,RULE
DY.DIRECTOR  HR   DIV  7,,212674.0,,Missing Entry,0.0,RULE
Miscellaneous,,7000.0,,Missing Entry,0.0,RULE
AIRTEL POSTPAID BILL,,1829.0,,Missing Entry,0.0,RULE
Salary,,172000.0,,Missing Entry,0.0,RULE
ROHIT TIWARI,,42419.0,,Missing Entry,0.0,RULE
COL  SUNIL DALAL (PROPRIETOR),,225000.0,,Missing Entry,0.0,RULE
National Company Law Appellate Tribunal,,776200.02,,Missing Entry,0.0,RULE
QUTAB GOLF COURSE,,2298432.97,,Missing Entry,0.0,RULE
Sub Regional Office Esic,,814748.99,,Missing Entry,0.0,RULE
Bharat Sanchar Nigam Limited,,1147215.0,,Missing Entry,0.0,RULE
Dwarka Project  Division 1,,2385839.64,,Missing Entry,0.0,RULE
DEPARTMENT OF SPACE,,397491.7,,Missing Entry,0.0,RULE
Fisheries Animal Husbandry and Dairying,,138490.26,,Missing Entry,0.0,RULE
SHAHEED SUKHDEV COLLEGE OF BUSINESS STUDIES,,501142.86,,Missing Entry,0.0,RULE
SHAHEED SUKHDEV COLLEGE OF BUSINESS STUDIES,,200457.13,,Missing Entry,0.0,RULE
Chintpurni Overseas Private Limited,,62211.68,,Missing Entry,0.0,RULE
TAX DEDUCTED SOURCES 94C,,490.0,,Missing Entry,0.0,RULE
CONVEYANCE EXPENSES,,1472.0,,Missing Entry,0.0,RULE
COL  SUNIL DALAL (PROPRIETOR),,60000.0,,Missing Entry,0.0,RULE
BANK CHARGES,,5.9,,Missing Entry,0.0,RULE
COL  SUNIL DALAL (PROPRIETOR),,265000.0,,Missing Entry,0.0,RULE
THE RIGHT CHOICE,,6062.0,,Missing Entry,0.0,RULE
Electricity Expenses,,15710.0,,Missing Entry,0.0,RULE
Electricity Expenses,,740.0,,Missing Entry,0.0,RULE
Soft Fab India,,11100.0,,Missing Entry,0.0,RULE
Water Expense,,2700.0,,Missing Entry,0.0,RULE
TRAINING SERVICES,,6000.0,,Missing Entry,0.0,RULE
STATIONERY FOR OFFICE,,2572.0,,Missing Entry,0.0,RULE
PROFESSIONAL CHARGES,,8500.0,,Missing Entry,0.0,RULE
CONVEYANCE EXPENSES,,8740.0,,Missing Entry,0.0,RULE
Liftech India Private Limited,,29074.0,,Missing Entry,0.0,RULE
BANK CHARGES,,5.9,,Missing Entry,0.0,RULE
Vehicle Maintenance Charges,,24639.0,,Missing Entry,0.0,RULE
Lawyer's Fees,,5000.0,,Missing Entry,0.0,RULE
Lawyer's Fees,,2500.0,,Missing Entry,0.0,RULE
HDFC BANK - 95177,,200000.0,,Missing Entry,0.0,RULE
RENT DELHI OFFICE,,70000.0,,Missing Entry,0.0,RULE
QUTAB GOLF COURSE,,147431.0,,Missing Entry,0.0,RULE
"DEPUTY DIRECTOR, HORT . DIVN 8",,189534.0,,Missing Entry,0.0,RULE
HORT DIV  9,,151967.0,,Missing Entry,0.0,RULE
Hort DWK,,169764.0,,Missing Entry,0.0,RULE
DY DIRECTOR(HOR) DIV 6,,224178.0,,Missing Entry,0.0,RULE
Dwarka Project  Division 1,,230666.0,,Missing Entry,0.0,RULE
RAJA PROPERTIES & CONSTRUCTION,,63000.0,,Missing Entry,0.0,RULE
UP Office Rent,,4500.0,,Missing Entry,0.0,RULE
Haryana Offfice Rent,,6000.0,,Missing Entry,0.0,RULE
CONVEYANCE EXPENSES,,1560.0,,Missing Entry,0.0,RULE
COL  SUNIL DALAL (PROPRIETOR),,50000.0,,Missing Entry,0.0,RULE
COL  SUNIL DALAL (PROPRIETOR),,15000.0,,Missing Entry,0.0,RULE
CONVEYANCE EXPENSES,,4643.0,,Missing Entry,0.0,RULE
SHAHEED SUKHDEV COLLEGE OF BUSINESS STUDIES,,193662.0,,Missing Entry,0.0,RULE
Dwarka Project  Division 1,,221852.0,,Missing Entry,0.0,RULE
Dwarka Project  Division 1,,230053.0,,Missing Entry,0.0,RULE
SBI OD A/C- 6791,,50000.0,,Missing Entry,0.0,RULE
SBI OD A/C- 6791,,200000.0,,Missing Entry,0.0,RULE
TRANSACTION CHARGES,,114116.52,,Missing Entry,0.0,RULE
Car Insurance,,11949.0,,Missing Entry,0.0,RULE
Salary,,3500.0,,Missing Entry,0.0,RULE
BANK CHARGES,,5.9,,Missing Entry,0.0,RULE
ELEGANT APPARELS,,25206.0,,Missing Entry,0.0,RULE
Water Expense,,7765.0,,Missing Entry,0.0,RULE
CONVEYANCE EXPENSES,,5248.0,,Missing Entry,0.0,RULE
COL  SUNIL DALAL (PROPRIETOR),,50000.0,,Missing Entry,0.0,RULE
Uniform Expense,,23968.0,,Missing Entry,0.0,RULE
Airtel Postpaid Bill (Wifi),,6691.57,,Missing Entry,0.0,RULE
Airtel Postpaid Bill (Wifi),,6042.61,,Missing Entry,0.0,RULE
Diesel and Petrol Charges,,25937.0,,Missing Entry,0.0,RULE
Interest,,24557.0,,Missing Entry,0.0,RULE
Salary,,8128443.0,,Missing Entry,0.0,RULE
ESIC Employers Contribution,,53227.44,,Missing Entry,0.0,RULE
PF Employer Contribution,,497751.0,,Missing Entry,0.0,RULE
OUTPUT CGST@9%,,1609263.32,,Missing Entry,0.0,RULE
TDS Credit CGST,,86444.0,,Missing Entry,0.0,RULE
Salary,,65000.0,,Missing Entry,0.0,RULE
Cash,,19794.0,,Missing Entry,0.0,RULE
Fees for Cards,,12699.0,,Missing Entry,0.0,RULE
CONVEYANCE EXPENSES,,3600.0,,Missing Entry,0.0,RULE
TDS Receivable @ 2%,,21713.0,,Missing Entry,0.0,RULE
TDS Receivable @ 2%,,21713.0,,Missing Entry,0.0,RULE
Vehicle Hire Charges,,49000.0,,Missing Entry,0.0,RULE
BANK CHARGES,,5.9,,Missing Entry,0.0,RULE
PG Hort-7,,53682.0,,Missing Entry,0.0,RULE
AIRTEL POSTPAID BILL,,1811.3,,Missing Entry,0.0,RULE
Miscellaneous,,17656.0,,Missing Entry,0.0,RULE
Miscellaneous,,100.0,,Missing Entry,0.0,RULE
COL  SUNIL DALAL (PROPRIETOR),,50000.0,,Missing Entry,0.0,RULE
STATIONERY FOR OFFICE,,2466.0,,Missing Entry,0.0,RULE
BANK CHARGES,,5.42,,Missing Entry,0.0,RULE
SALARY PAYABLE,,20800.0,,Missing Entry,0.0,RULE
ROHIT TIWARI,,40510.0,,Missing Entry,0.0,RULE
TAX DEDUCTED SOURCES 94C,,490.0,,Missing Entry,0.0,RULE
COL  SUNIL DALAL (PROPRIETOR),,75000.0,,Missing Entry,0.0,RULE
MASTER RUBER WORKSS,,8458.0,,Missing Entry,0.0,RULE
Uniform Expense,,8055.0,,Missing Entry,0.0,RULE
Dwarka Project  Division 1,,2385839.64,,Missing Entry,0.0,RULE
MAHANAGAR  TELEPHONE NIGAM LTD,,751161.29,,Missing Entry,0.0,RULE
QUTAB GOLF COURSE,,2224289.98,,Missing Entry,0.0,RULE
Sub Regional Office Esic,,814748.99,,Missing Entry,0.0,RULE
Bharat Sanchar Nigam Limited,,1271913.0,,Missing Entry,0.0,RULE
DEPARTMENT OF SPACE,,385435.87,,Missing Entry,0.0,RULE
Fisheries Animal Husbandry and Dairying,,134022.83,,Missing Entry,0.0,RULE
SHAHEED SUKHDEV COLLEGE OF BUSINESS STUDIES,,484976.96,,Missing Entry,0.0,RULE
SHAHEED SUKHDEV COLLEGE OF BUSINESS STUDIES,,193990.79,,Missing Entry,0.0,RULE
Dwarka Project  Division 1,,3559830.12,,Missing Entry,0.0,RULE
"EXECUTIVE ENGR, HCD 10",,1984188.6,,Missing Entry,0.0,RULE
"EXECUTIVE ENGR, HCD 10",,124034.52,,Missing Entry,0.0,RULE
ELEGANT APPARELS,,21968.0,,Missing Entry,0.0,RULE
Electricity Expenses,,510.0,,Missing Entry,0.0,RULE
BANK CHARGES,,5.9,,Missing Entry,0.0,RULE
CONVEYANCE EXPENSES,,6504.0,,Missing Entry,0.0,RULE
CONVEYANCE EXPENSES,,2700.0,,Missing Entry,0.0,RULE
COL  SUNIL DALAL (PROPRIETOR),,200000.0,,Missing Entry,0.0,RULE
PRINTING AND STATIONARY,,10550.9,,Missing Entry,0.0,RULE
Uniform Expense,,39960.0,,Missing Entry,0.0,RULE
STATIONERY FOR OFFICE,,1517.0,,Missing Entry,0.0,RULE
Dwarka Project  Division 1,,116066.0,,Missing Entry,0.0,RULE
Soft Fab India,,10000.0,,Missing Entry,0.0,RULE
CONVEYANCE EXPENSES,,2737.0,,Missing Entry,0.0,RULE
Diesel and Petrol Charges,,3900.0,,Missing Entry,0.0,RULE
Uniform Expense,,20000.0,,Missing Entry,0.0,RULE
PROFESSIONAL CHARGES,,8500.0,,Missing Entry,0.0,RULE
QUTAB GOLF COURSE,,147978.0,,Missing Entry,0.0,RULE
SBI OD A/C- 6791,,100000.0,,Missing Entry,0.0,RULE
Miscellaneous,,910.0,,Missing Entry,0.0,RULE
RENT DELHI OFFICE,,70000.0,,Missing Entry,0.0,RULE
BANK CHARGES,,5.9,,Missing Entry,0.0,RULE
CONVEYANCE EXPENSES,,5000.0,,Missing Entry,0.0,RULE
Water Expense,,4500.0,,Missing Entry,0.0,RULE
CONVEYANCE EXPENSES,,1526.0,,Missing Entry,0.0,RULE
Haryana Offfice Rent,,6000.0,,Missing Entry,0.0,RULE
THE RIGHT CHOICE,,6555.0,,Missing Entry,0.0,RULE
IT SYSTEMS,,12450.0,,Missing Entry,0.0,RULE
UP Office Rent,,4500.0,,Missing Entry,0.0,RULE
RAJA PROPERTIES & CONSTRUCTION,,63000.0,,Missing Entry,0.0,RULE
ELEGANT APPARELS,,60000.0,,Missing Entry,0.0,RULE
PG Hort-9,,41983.0,,Missing Entry,0.0,RULE
Salary,,172000.0,,Missing Entry,0.0,RULE
COL  SUNIL DALAL (PROPRIETOR),,200000.0,,Missing Entry,0.0,RULE
Diwali Expense,,150000.0,,Missing Entry,0.0,RULE
Miscellaneous,,700.0,,Missing Entry,0.0,RULE
Miscellaneous,,8350.0,,Missing Entry,0.0,RULE
FDR Interest,,29500.0,,Missing Entry,0.0,RULE
ADVERTISMENT AND PUBLICITY,,16200.0,,Missing Entry,0.0,RULE
MASTER RUBER WORKSS,,112770.0,,Missing Entry,0.0,RULE
ADONIS CREATIONS  PVT LTD,,17010.0,,Missing Entry,0.0,RULE
Water Expense,,6075.0,,Missing Entry,0.0,RULE
COL  SUNIL DALAL (PROPRIETOR),,100000.0,,Missing Entry,0.0,RULE
PG Hort-6,,47626.0,,Missing Entry,0.0,RULE
Airtel Postpaid Bill (Wifi),,8871.07,,Missing Entry,0.0,RULE
BANK CHARGES,,5.9,,Missing Entry,0.0,RULE
Uniform Expense,,107400.0,,Missing Entry,0.0,RULE
ELEGANT APPARELS,,50000.0,,Missing Entry,0.0,RULE
COL  SUNIL DALAL (PROPRIETOR),,100000.0,,Missing Entry,0.0,RULE
Uniform Expense,,92690.0,,Missing Entry,0.0,RULE
MASTER RUBER WORKSS,,28193.0,,Missing Entry,0.0,RULE
Interest,,18482.0,,Missing Entry,0.0,RULE
Salary,,8447950.0,,Missing Entry,0.0,RULE
PF Employer Contribution,,503851.0,,Missing Entry,0.0,RULE
ESIC Employers Contribution,,56481.88,,Missing Entry,0.0,RULE
Uniform Expense,,26850.0,,Missing Entry,0.0,RULE
OUTPUT CGST@9%,,1207974.52,,Missing Entry,0.0,RULE
TDS Credit CGST,,135292.0,,Missing Entry,0.0,RULE
Salary,,65000.0,,Missing Entry,0.0,RULE
Office Petty Expenses,,8431.0,,Missing Entry,0.0,RULE
Uniform Expense,,90000.0,,Missing Entry,0.0,RULE
Uniform Expense,,25200.0,,Missing Entry,0.0,RULE
TDS Receivable @ 2%,,20027.0,,Missing Entry,0.0,RULE
ELEGANT APPARELS,,107284.0,,Missing Entry,0.0,RULE
The Aggarwal Hardware Mill Store,,15300.0,,Missing Entry,0.0,RULE
COL  SUNIL DALAL (PROPRIETOR),,160000.0,,Missing Entry,0.0,RULE
Office  Equipments,,12966.0,,Missing Entry,0.0,RULE
Vehicle Hire Charges,,49000.0,,Missing Entry,0.0,RULE
DIVYA ENTERPRISES,,2160.0,,Missing Entry,0.0,RULE
Light Gallery,,27000.0,,Missing Entry,0.0,RULE
SALARY PAYABLE,,17734.53,,Missing Entry,0.0,RULE
Uniform Expense,,2160.0,,Missing Entry,0.0,RULE
Office  Equipments,,22881.0,,Missing Entry,0.0,RULE
BANK CHARGES,,5.9,,Missing Entry,0.0,RULE
SALARY PAYABLE,,4000.0,,Missing Entry,0.0,RULE
TDS Receivable @ 2%,,21013.0,,Missing Entry,0.0,RULE
SHREE SHYAAM TRADING CO.,,7222.0,,Missing Entry,0.0,RULE
TAX DEDUCTED SOURCES 94C,,490.0,,Missing Entry,0.0,RULE
COL  SUNIL DALAL (PROPRIETOR),,50000.0,,Missing Entry,0.0,RULE
FURNITURE  AND FIXTURES,,7222.0,,Missing Entry,0.0,RULE
INCOME TAX,,592581.0,,Missing Entry,0.0,RULE
COL  SUNIL DALAL (PROPRIETOR),,600000.0,,Missing Entry,0.0,RULE
PROFESSIONAL CHARGES,,60000.0,,Missing Entry,0.0,RULE
PROFESSIONAL CHARGES,,40000.0,,Missing Entry,0.0,RULE
PG Hort-DWK,,63655.0,,Missing Entry,0.0,RULE
STATIONERY FOR OFFICE,,9333.0,,Missing Entry,0.0,RULE
Cash,,10000.0,,Missing Entry,0.0,RULE
CONVEYANCE EXPENSES,,1736.0,,Missing Entry,0.0,RULE
Lawyer's Fees,,20000.0,,Missing Entry,0.0,RULE
Uniform Expense,,56560.0,,Missing Entry,0.0,RULE
Uniform Expense,,84900.0,,Missing Entry,0.0,RULE
PROFESSIONAL CHARGES,,8500.0,,Missing Entry,0.0,RULE
CONVEYANCE EXPENSES,,854.0,,Missing Entry,0.0,RULE
PRINTING AND STATIONARY,,610.0,,Missing Entry,0.0,RULE
Other Expenses,,500.0,,Missing Entry,0.0,RULE
Liftech India Private Limited,,9927.0,,Missing Entry,0.0,RULE
Rskrish Technology & Services Pvt. Ltd.,,950.0,,Missing Entry,0.0,RULE
ICICI Bank Ltd,,44073.0,,Missing Entry,0.0,RULE
COL  SUNIL DALAL (PROPRIETOR),,100000.0,,Missing Entry,0.0,RULE
Vehicle Maintenance Charges,,8412.88,,Missing Entry,0.0,RULE
Fees for Cards,,37350.0,,Missing Entry,0.0,RULE
COMPUTER,,805.09,,Missing Entry,0.0,RULE
ROHIT TIWARI,,37556.64,,Missing Entry,0.0,RULE
COL  SUNIL DALAL (PROPRIETOR),,250000.0,,Missing Entry,0.0,RULE
STATIONERY FOR OFFICE,,7161.0,,Missing Entry,0.0,RULE
STATIONERY FOR OFFICE,,333.0,,Missing Entry,0.0,RULE
ALOK AND CO LLP,,108000.0,,Missing Entry,0.0,RULE
ELEGANT APPARELS,,148433.0,,Missing Entry,0.0,RULE
SALARY PAYABLE,,453.0,,Missing Entry,0.0,RULE
Chintpurni Overseas Private Limited,,49403.4,,Missing Entry,0.0,RULE
National Company Law Appellate Tribunal,,776200.02,,Missing Entry,0.0,RULE
QUTAB GOLF COURSE,,2296002.05,,Missing Entry,0.0,RULE
Sub Regional Office Esic,,814748.99,,Missing Entry,0.0,RULE
Bharat Sanchar Nigam Limited,,1271913.0,,Missing Entry,0.0,RULE
DEPARTMENT OF SPACE,,397492.0,,Missing Entry,0.0,RULE
Fisheries Animal Husbandry and Dairying,,138490.26,,Missing Entry,0.0,RULE
SHAHEED SUKHDEV COLLEGE OF BUSINESS STUDIES,,501142.86,,Missing Entry,0.0,RULE
SHAHEED SUKHDEV COLLEGE OF BUSINESS STUDIES,,200480.73,,Missing Entry,0.0,RULE
Central Warehousing Corporation (InterState),,230515.81,,Missing Entry,0.0,RULE
Central Warehousing Corporation,,230515.8,,Missing Entry,0.0,RULE
Central Warehousing Corporation (InterState),,153677.23,,Missing Entry,0.0,RULE
Central Warehousing Corporation (InterState),,134522.38,,Missing Entry,0.0,RULE
SHAHEED SUKHDEV COLLEGE OF BUSINESS STUDIES,,8326.08,,Missing Entry,0.0,RULE
Uniform Expense,,17304.0,,Missing Entry,0.0,RULE
Uniform Expense,,8960.0,,Missing Entry,0.0,RULE
RENT DELHI OFFICE,,70000.0,,Missing Entry,0.0,RULE
QUTAB GOLF COURSE,,149072.0,,Missing Entry,0.0,RULE
Cash,,10000.0,,Missing Entry,0.0,RULE
Water Expense,,2800.0,,Missing Entry,0.0,RULE
CONVEYANCE EXPENSES,,8680.0,,Missing Entry,0.0,RULE
UP Office Rent,,4500.0,,Missing Entry,0.0,RULE
Haryana Offfice Rent,,6000.0,,Missing Entry,0.0,RULE
RAJA PROPERTIES & CONSTRUCTION,,63000.0,,Missing Entry,0.0,RULE
COL  SUNIL DALAL (PROPRIETOR),,100000.0,,Missing Entry,0.0,RULE
BANK CHARGES,,5.9,,Missing Entry,0.0,RULE
Bharat Sanchar Nigam Limited,,2277264.0,,Missing Entry,0.0,RULE
Cash,,10000.0,,Missing Entry,0.0,RULE
CONVEYANCE EXPENSES,,2500.0,,Missing Entry,0.0,RULE
CONVEYANCE EXPENSES,,1690.0,,Missing Entry,0.0,RULE
CONVEYANCE EXPENSES,,2750.0,,Missing Entry,0.0,RULE
ELEGANT APPARELS,,28254.4,,Missing Entry,0.0,RULE
SALARY PAYABLE,,10250.0,,Missing Entry,0.0,RULE
ADVERTISMENT AND PUBLICITY,,22680.0,,Missing Entry,0.0,RULE
Lawyer's Fees,,5000.0,,Missing Entry,0.0,RULE
COL  SUNIL DALAL (PROPRIETOR),,100000.0,,Missing Entry,0.0,RULE
Cash,,5000.0,,Missing Entry,0.0,RULE
REPAIRS AND MAINTENANCE,,1500.0,,Missing Entry,0.0,RULE
RAVLEEN ENTERPRISES,,5300.0,,Missing Entry,0.0,RULE
CONVEYANCE EXPENSES,,1920.0,,Missing Entry,0.0,RULE
Vehicle Maintenance Charges,,4461.02,,Missing Entry,0.0,RULE
STATIONERY FOR OFFICE,,2655.0,,Missing Entry,0.0,RULE
ADONIS CREATIONS  PVT LTD,,23814.0,,Missing Entry,0.0,RULE
BANK CHARGES,,5.9,,Missing Entry,0.0,RULE
Licenses,,1340.9,,Missing Entry,0.0,RULE
ICICI Bank Ltd,,14691.0,,Missing Entry,0.0,RULE
Airtel Postpaid Bill (Wifi),,13024.47,,Missing Entry,0.0,RULE
Airtel Postpaid Bill (Wifi),,6160.61,,Missing Entry,0.0,RULE
Karnataka BHAWAN,,238728.0,,Missing Entry,0.0,RULE
Fees for Cards,,12450.0,,Missing Entry,0.0,RULE
TRANSACTION CHARGES,,283174.35,,Missing Entry,0.0,RULE
CONVEYANCE EXPENSES,,200.0,,Missing Entry,0.0,RULE
Diesel and Petrol Charges,,1000.0,,Missing Entry,0.0,RULE
Diesel and Petrol Charges,,6500.0,,Missing Entry,0.0,RULE
REPAIRS AND MAINTENANCE,,500.0,,Missing Entry,0.0,RULE
BANK CHARGES,,5.9,,Missing Entry,0.0,RULE
Interest,,28860.0,,Missing Entry,0.0,RULE
Salary,,13451137.0,,Missing Entry,0.0,RULE
ESIC Employers Contribution,,48461.0,,Missing Entry,0.0,RULE
PF Employer Contribution,,806453.0,,Missing Entry,0.0,RULE
OUTPUT CGST@9%,,412839.05,,Missing Entry,0.0,RULE
Salary,,65000.0,,Missing Entry,0.0,RULE
Uniform Expense,,10740.0,,Missing Entry,0.0,RULE
Cash,,5000.0,,Missing Entry,0.0,RULE
CONVEYANCE EXPENSES,,485.0,,Missing Entry,0.0,RULE
COL  SUNIL DALAL (PROPRIETOR),,200000.0,,Missing Entry,0.0,RULE
STATIONERY FOR OFFICE,,4158.0,,Missing Entry,0.0,RULE
STATIONERY FOR OFFICE,,1889.0,,Missing Entry,0.0,RULE
TRAINING SERVICES,,20000.0,,Missing Entry,0.0,RULE
Cash,,6000.0,,Missing Entry,0.0,RULE
Water Expense,,2040.0,,Missing Entry,0.0,RULE
PRINTING AND STATIONARY,,640.0,,Missing Entry,0.0,RULE
Miscellaneous,,1100.0,,Missing Entry,0.0,RULE
BANK CHARGES,,4.48,,Missing Entry,0.0,RULE
OLIVE HERITAGE FOUNDATION,,23600.0,,Missing Entry,0.0,RULE
THE RIGHT CHOICE,,16827.0,,Missing Entry,0.0,RULE
TAX DEDUCTED SOURCES 94C,,379.0,,Missing Entry,0.0,RULE
Cash,,107000.0,,Missing Entry,0.0,RULE
CONVEYANCE EXPENSES,,3190.0,,Missing Entry,0.0,RULE
Uniform Expense,,9000.0,,Missing Entry,0.0,RULE
Other Expenses,,1000.0,,Missing Entry,0.0,RULE
Stamp Paper,,570.0,,Missing Entry,0.0,RULE
Uniform Expense,,9500.0,,Missing Entry,0.0,RULE
Electricity Expenses,,22600.0,,Missing Entry,0.0,RULE
Cash,,5000.0,,Missing Entry,0.0,RULE
Uniform Expense,,9800.0,,Missing Entry,0.0,RULE
Office Petty Expenses,,16564.0,,Missing Entry,0.0,RULE
Uniform Expense,,9500.0,,Missing Entry,0.0,RULE
Greatway Infosolutions,,1650.0,,Missing Entry,0.0,RULE
Stamp Paper,,530.0,,Missing Entry,0.0,RULE
COMPUTER,,1398.31,,Missing Entry,0.0,RULE
Uniform Expense,,9200.0,,Missing Entry,0.0,RULE
Uniform Expense,,10000.0,,Missing Entry,0.0,RULE
Cash,,5000.0,,Missing Entry,0.0,RULE
Uniform Expense,,9000.0,,Missing Entry,0.0,RULE
PRINTING AND STATIONARY,,260.0,,Missing Entry,0.0,RULE
Uniform Expense,,9900.0,,Missing Entry,0.0,RULE
Stamp Paper,,680.0,,Missing Entry,0.0,RULE
Cash,,5000.0,,Missing Entry,0.0,RULE
Uniform Expense,,9900.0,,Missing Entry,0.0,RULE
CONVEYANCE EXPENSES,,740.0,,Missing Entry,0.0,RULE
CONVEYANCE EXPENSES,,120.0,,Missing Entry,0.0,RULE
REPAIRS AND MAINTENANCE,,1000.0,,Missing Entry,0.0,RULE
PROFESSIONAL CHARGES,,8500.0,,Missing Entry,0.0,RULE
QUTAB GOLF COURSE,,2221859.06,,Missing Entry,0.0,RULE
EX. ENGR  NPD 6,,4522216.61,,Missing Entry,0.0,RULE
National Company Law Appellate Tribunal,,751161.29,,Missing Entry,0.0,RULE
Sub Regional Office Esic,,814748.99,,Missing Entry,0.0,RULE
Bharat Sanchar Nigam Limited,,1271912.66,,Missing Entry,0.0,RULE
DEPARTMENT OF SPACE,,385436.0,,Missing Entry,0.0,RULE
Fisheries Animal Husbandry and Dairying,,134022.83,,Missing Entry,0.0,RULE
SHAHEED SUKHDEV COLLEGE OF BUSINESS STUDIES,,484976.96,,Missing Entry,0.0,RULE
SHAHEED SUKHDEV COLLEGE OF BUSINESS STUDIES,,193990.79,,Missing Entry,0.0,RULE
Central Warehousing Corporation (InterState),,230515.81,,Missing Entry,0.0,RULE
Central Warehousing Corporation,,230515.8,,Missing Entry,0.0,RULE
Central Warehousing Corporation (InterState),,153677.21,,Missing Entry,0.0,RULE
Central Warehousing Corporation (InterState),,134522.38,,Missing Entry,0.0,RULE
Uniform Expense,,9900.0,,Missing Entry,0.0,RULE
Miscellaneous,,5725.38,,Missing Entry,0.0,RULE
SALARY PAYABLE,,6500.0,,Missing Entry,0.0,RULE
Uniform Expense,,9900.0,,Missing Entry,0.0,RULE
Uniform Expense,,1400.0,,Missing Entry,0.0,RULE
SBI OD A/C- 6791,,100000.0,,Missing Entry,0.0,RULE
Interest,,30000.0,,Missing Entry,0.0,RULE
SALARY PAYABLE,,6500.0,,Missing Entry,0.0,RULE
Interest,,30000.0,,Missing Entry,0.0,RULE
FURNITURE  AND FIXTURES,,5500.0,,Missing Entry,0.0,RULE
RENT DELHI OFFICE,,70000.0,,Missing Entry,0.0,RULE
AIRTEL POSTPAID BILL,,1811.3,,Missing Entry,0.0,RULE
Stamp Paper,,500.0,,Missing Entry,0.0,RULE
Vehicle Hire Charges,,35500.0,,Missing Entry,0.0,RULE
RAJA PROPERTIES & CONSTRUCTION,,63000.0,,Missing Entry,0.0,RULE
Sunshine Engineers,,20000.0,,Missing Entry,0.0,RULE
UP Office Rent,,4500.0,,Missing Entry,0.0,RULE
Haryana Offfice Rent,,6000.0,,Missing Entry,0.0,RULE
QUTAB GOLF COURSE,,149035.0,,Missing Entry,0.0,RULE
Cash,,5000.0,,Missing Entry,0.0,RULE
ROHIT TIWARI,,35145.0,,Missing Entry,0.0,RULE
Sunshine Engineers,,58400.0,,Missing Entry,0.0,RULE
SALARY PAYABLE,,13000.0,,Missing Entry,0.0,RULE
Office Petty Expenses,,5000.0,,Missing Entry,0.0,RULE
CONVEYANCE EXPENSES,,720.0,,Missing Entry,0.0,RULE
SALARY PAYABLE,,7525.0,,Missing Entry,0.0,RULE
Office Petty Expenses,,160.0,,Missing Entry,0.0,RULE
PRINTING AND STATIONARY,,100.0,,Missing Entry,0.0,RULE
Other Expenses,,2270.0,,Missing Entry,0.0,RULE
Cash,,5000.0,,Missing Entry,0.0,RULE
CONVEYANCE EXPENSES,,2250.0,,Missing Entry,0.0,RULE
CONVEYANCE EXPENSES,,1400.0,,Missing Entry,0.0,RULE
SALARY PAYABLE,,4000.0,,Missing Entry,0.0,RULE
NEW ERA STEEL COMPANY,,6690.0,,Missing Entry,0.0,RULE
THE RIGHT CHOICE,,2655.0,,Missing Entry,0.0,RULE
SALARY PAYABLE,,7353.0,,Missing Entry,0.0,RULE
Liftech India Private Limited,,12713.0,,Missing Entry,0.0,RULE
NITIN ASSOCIATES,,7650.0,,Missing Entry,0.0,RULE
Other Expenses,,30.0,,Missing Entry,0.0,RULE
Stamp Paper,,1060.0,,Missing Entry,0.0,RULE
Vehicle Maintenance Charges,,11621.19,,Missing Entry,0.0,RULE
GST Receivable @ 2%,,19464.0,,Missing Entry,0.0,RULE
Cash,,7000.0,,Missing Entry,0.0,RULE
REPAIRS AND MAINTENANCE,,5050.0,,Missing Entry,0.0,RULE
CONVEYANCE EXPENSES,,1620.0,,Missing Entry,0.0,RULE
NITIN ASSOCIATES,,15300.0,,Missing Entry,0.0,RULE
NITIN ASSOCIATES,,7650.0,,Missing Entry,0.0,RULE
COL  SUNIL DALAL (PROPRIETOR),,100000.0,,Missing Entry,0.0,RULE
Cash,,6190.0,,Missing Entry,0.0,RULE
Sunshine Engineers,,50000.0,,Missing Entry,0.0,RULE
SALARY PAYABLE,,8200.0,,Missing Entry,0.0,RULE
Stamp Paper,,1550.0,,Missing Entry,0.0,RULE
Licenses,,155000.0,,Missing Entry,0.0,RULE
Electricity Expenses,,3320.0,,Missing Entry,0.0,RULE
COMPUTER,,39830.51,,Missing Entry,0.0,RULE
Cash,,27000.0,,Missing Entry,0.0,RULE
CONVEYANCE EXPENSES,,2490.0,,Missing Entry,0.0,RULE
CONVEYANCE EXPENSES,,5350.0,,Missing Entry,0.0,RULE
Water Expense,,2330.0,,Missing Entry,0.0,RULE
HDFC BANK - 95177,,200000.0,,Missing Entry,0.0,RULE
Cash,,2500.0,,Missing Entry,0.0,RULE
Salary,,344000.0,,Missing Entry,0.0,RULE
Rskrish Technology & Services Pvt. Ltd.,,47000.0,,Missing Entry,0.0,RULE
Stamp Paper,,360.0,,Missing Entry,0.0,RULE
Stamp Paper,,1000.0,,Missing Entry,0.0,RULE
COL  SUNIL DALAL (PROPRIETOR),,615000.0,,Missing Entry,0.0,RULE
REPAIRS AND MAINTENANCE,,500.0,,Missing Entry,0.0,RULE
THE RIGHT CHOICE,,6047.0,,Missing Entry,0.0,RULE
OUTPUT CGST@9%,,742799.61,,Missing Entry,0.0,RULE
CONVEYANCE EXPENSES,,1120.0,,Missing Entry,0.0,RULE
Stamp Paper,,140.0,,Missing Entry,0.0,RULE
GST PAYABLE,,5000.0,,Missing Entry,0.0,RULE
Diesel and Petrol Charges,,26593.14,,Missing Entry,0.0,RULE
Interest,,48358.0,,Missing Entry,0.0,RULE
Salary,,13020167.0,,Missing Entry,0.0,RULE
ESIC Employers Contribution,,42811.0,,Missing Entry,0.0,RULE
PF Employer Contribution,,774813.0,,Missing Entry,0.0,RULE
Salary,,55000.0,,Missing Entry,0.0,RULE
Cash,,5000.0,,Missing Entry,0.0,RULE
Cash,,5000.0,,Missing Entry,0.0,RULE
Rskrish Technology & Services Pvt. Ltd.,,950.0,,Missing Entry,0.0,RULE
CONVEYANCE EXPENSES,,3880.0,,Missing Entry,0.0,RULE
TAX  DEDUCTED  U/S 94J,,1700.0,,Missing Entry,0.0,RULE
COMPUTER,,805.08,,Missing Entry,0.0,RULE
DY. Director Hort-X,,7865953.0,,Missing Entry,0.0,RULE
Cash,,5000.0,,Missing Entry,0.0,RULE
SALARY PAYABLE,,11650.0,,Missing Entry,0.0,RULE
ROHIT TIWARI,,40613.0,,Missing Entry,0.0,RULE
SALARY PAYABLE,,50000.0,,Missing Entry,0.0,RULE
AIRTEL POSTPAID BILL,,1811.3,,Missing Entry,0.0,RULE
Stamp Paper,,340.0,,Missing Entry,0.0,RULE
Greatway Infosolutions,,4200.0,,Missing Entry,0.0,RULE
COL  SUNIL DALAL (PROPRIETOR),,100000.0,,Missing Entry,0.0,RULE
COMPUTER,,3559.32,,Missing Entry,0.0,RULE
Vehicle Hire Charges,,40613.0,,Missing Entry,0.0,RULE
RENT DELHI OFFICE,,70000.0,,Missing Entry,0.0,RULE
Office Petty Expenses,,650.0,,Missing Entry,0.0,RULE
Cash,,11000.0,,Missing Entry,0.0,RULE
CONVEYANCE EXPENSES,,9500.0,,Missing Entry,0.0,RULE
TAX DEDUCTED SOURCES 94C,,406.0,,Missing Entry,0.0,RULE
COL  SUNIL DALAL (PROPRIETOR),,100000.0,,Missing Entry,0.0,RULE
TAX  DEDUCTED  U/S 94J,,5663.0,,Missing Entry,0.0,RULE
Other Expenses,,1000.0,,Missing Entry,0.0,RULE
GST Receivable @ 2%,,19923.0,,Missing Entry,0.0,RULE
Central Warehousing Corporation (InterState),,230516.0,,Missing Entry,0.0,RULE
Central Warehousing Corporation (InterState),,153677.0,,Missing Entry,0.0,RULE
Central Warehousing Corporation (InterState),,134522.0,,Missing Entry,0.0,RULE
Ex Engineer NPD 8,,109463.0,,Missing Entry,0.0,RULE
QUTAB GOLF COURSE,,2296002.0,,Missing Entry,0.0,RULE
National Company Law Appellate Tribunal,,776200.0,,Missing Entry,0.0,RULE
Sub Regional Office Esic,,815103.0,,Missing Entry,0.0,RULE
DEPARTMENT OF SPACE,,397492.0,,Missing Entry,0.0,RULE
Fisheries Animal Husbandry and Dairying,,138490.0,,Missing Entry,0.0,RULE
SHAHEED SUKHDEV COLLEGE OF BUSINESS STUDIES,,501143.0,,Missing Entry,0.0,RULE
SHAHEED SUKHDEV COLLEGE OF BUSINESS STUDIES,,200457.13,,Missing Entry,0.0,RULE
Bharat Sanchar Nigam Limited,,1271913.0,,Missing Entry,0.0,RULE
"DEPUTY DIRECTOR, HORT . DIVN 8",,463006.04,,Missing Entry,0.0,RULE
Cash,,11500.0,,Missing Entry,0.0,RULE
CONVEYANCE EXPENSES,,4170.0,,Missing Entry,0.0,RULE
CONVEYANCE EXPENSES,,4530.0,,Missing Entry,0.0,RULE
Miscellaneous,,1340.0,,Missing Entry,0.0,RULE
CONVEYANCE EXPENSES,,2100.0,,Missing Entry,0.0,RULE
Cash,,5000.0,,Missing Entry,0.0,RULE
Cash,,11000.0,,Missing Entry,0.0,RULE
Electricity Expenses,,2290.0,,Missing Entry,0.0,RULE
SALARY PAYABLE,,11710.0,,Missing Entry,0.0,RULE
Stamp Paper,,880.0,,Missing Entry,0.0,RULE
Other Expenses,,10733.0,,Missing Entry,0.0,RULE
SALARY PAYABLE,,4000.0,,Missing Entry,0.0,RULE
COL  SUNIL DALAL (PROPRIETOR),,100000.0,,Missing Entry,0.0,RULE
Salary,,20000.0,,Missing Entry,0.0,RULE
EX. ENGR  NPD 6,,386810.0,,Missing Entry,0.0,RULE
AIRTEL POSTPAID BILL,,8688.58,,Missing Entry,0.0,RULE
RAJA PROPERTIES & CONSTRUCTION,,63000.0,,Missing Entry,0.0,RULE
UP Office Rent,,4500.0,,Missing Entry,0.0,RULE
Haryana Offfice Rent,,6000.0,,Missing Entry,0.0,RULE
COL  SUNIL DALAL (PROPRIETOR),,50000.0,,Missing Entry,0.0,RULE
PROFESSIONAL CHARGES,,8500.0,,Missing Entry,0.0,RULE
QUTAB GOLF COURSE,,148982.0,,Missing Entry,0.0,RULE
Cash,,15000.0,,Missing Entry,0.0,RULE
Water Expense,,1640.0,,Missing Entry,0.0,RULE
Miscellaneous,,1040.0,,Missing Entry,0.0,RULE
CONVEYANCE EXPENSES,,4960.0,,Missing Entry,0.0,RULE
CONVEYANCE EXPENSES,,2335.0,,Missing Entry,0.0,RULE
STATIONERY FOR OFFICE,,1841.0,,Missing Entry,0.0,RULE
Stamp Paper,,90.0,,Missing Entry,0.0,RULE
Stamp Paper,,530.0,,Missing Entry,0.0,RULE
REPAIRS AND MAINTENANCE,,500.0,,Missing Entry,0.0,RULE
Stamp Paper,,140.0,,Missing Entry,0.0,RULE
ELEGANT APPARELS,,18000.0,,Missing Entry,0.0,RULE
THE RIGHT CHOICE,,2117.0,,Missing Entry,0.0,RULE
Cartage Outwards,,222.0,,Missing Entry,0.0,RULE
Vehicle Maintenance Charges,,80.0,,Missing Entry,0.0,RULE
Cartage Outwards,,222.0,,Missing Entry,0.0,RULE
COL  SUNIL DALAL (PROPRIETOR),,50000.0,,Missing Entry,0.0,RULE
TRAINING SERVICES,,3000.0,,Missing Entry,0.0,RULE
"DEPUTY DIRECTOR, HORT . DIVN 8",,433366.8,,Missing Entry,0.0,RULE
Stamp Paper,,530.0,,Missing Entry,0.0,RULE
Diesel and Petrol Charges,,23698.41,,Missing Entry,0.0,RULE
Interest,,53561.0,,Missing Entry,0.0,RULE
Vehicle Maintenance Charges,,22298.31,,Missing Entry,0.0,RULE
PF Employer Contribution,,681459.0,,Missing Entry,0.0,RULE
Salary,,11751808.0,,Missing Entry,0.0,RULE
ESIC Employers Contribution,,43710.0,,Missing Entry,0.0,RULE
Salary,,55000.0,,Missing Entry,0.0,RULE
DY. Director Hort-X,,8128153.0,,Missing Entry,0.0,RULE
Cash,,10000.0,,Missing Entry,0.0,RULE
REPAIRS AND MAINTENANCE,,800.0,,Missing Entry,0.0,RULE
REPAIRS AND MAINTENANCE,,250.0,,Missing Entry,0.0,RULE
Uniform Expense,,33000.0,,Missing Entry,0.0,RULE
Uniform Expense,,33000.0,,Missing Entry,0.0,RULE
DY. Director Hort-X,,8128153.0,,Missing Entry,0.0,RULE
CONVEYANCE EXPENSES,,2150.0,,Missing Entry,0.0,RULE
Stamp Paper,,1260.0,,Missing Entry,0.0,RULE
AIRTEL POSTPAID BILL,,1830.18,,Missing Entry,0.0,RULE
SALARY PAYABLE,,9687.0,,Missing Entry,0.0,RULE
Vehicle Hire Charges,,35950.0,,Missing Entry,0.0,RULE
EX. ENGR  NPD 6,,649822.0,,Missing Entry,0.0,RULE
REPAIRS AND MAINTENANCE,,1800.0,,Missing Entry,0.0,RULE
ELEGANT APPARELS,,31386.0,,Missing Entry,0.0,RULE
Pragmatic Educational Society,,3540.0,,Missing Entry,0.0,RULE
Uniform Expense,,12800.0,,Missing Entry,0.0,RULE
REPAIRS AND MAINTENANCE,,200.0,,Missing Entry,0.0,RULE
PG NPD-6,,138849.0,,Missing Entry,0.0,RULE
Pragmatic Educational Society,,708.0,,Missing Entry,0.0,RULE
ROHIT TIWARI,,35591.0,,Missing Entry,0.0,RULE
TAX DEDUCTED SOURCES 94C,,355.0,,Missing Entry,0.0,RULE
Other Expenses,,1000.0,,Missing Entry,0.0,RULE
Cartage Outwards,,202.0,,Missing Entry,0.0,RULE
Cartage Outwards,,222.0,,Missing Entry,0.0,RULE
COL  SUNIL DALAL (PROPRIETOR),,100000.0,,Missing Entry,0.0,RULE
TRAINING SERVICES,,600.0,,Missing Entry,0.0,RULE
GST Receivable @ 2%,,121459.0,,Missing Entry,0.0,RULE
CONVEYANCE EXPENSES,,1040.0,,Missing Entry,0.0,RULE
CONVEYANCE EXPENSES,,100.0,,Missing Entry,0.0,RULE
Uniform Expense,,16800.0,,Missing Entry,0.0,RULE
Cash,,12000.0,,Missing Entry,0.0,RULE
Other Expenses,,10000.0,,Missing Entry,0.0,RULE
Other Expenses,,2000.0,,Missing Entry,0.0,RULE
CONVEYANCE EXPENSES,,400.0,,Missing Entry,0.0,RULE
CONVEYANCE EXPENSES,,350.0,,Missing Entry,0.0,RULE
TDS Receivable @ 2%,,157319.0,,Missing Entry,0.0,RULE
Central Warehousing Corporation (InterState),,230516.0,,Missing Entry,0.0,RULE
Central Warehousing Corporation (InterState),,153677.0,,Missing Entry,0.0,RULE
Central Warehousing Corporation (InterState),,134522.0,,Missing Entry,0.0,RULE
DY DIRECTOR(HOR) DIV 6,,574382.0,,Missing Entry,0.0,RULE
QUTAB GOLF COURSE,,601828.0,,Missing Entry,0.0,RULE
QUTAB GOLF COURSE,,165559.0,,Missing Entry,0.0,RULE
QUTAB GOLF COURSE,,13424.0,,Missing Entry,0.0,RULE
QUTAB GOLF COURSE,,232102.0,,Missing Entry,0.0,RULE
QUTAB GOLF COURSE,,111094.0,,Missing Entry,0.0,RULE
QUTAB GOLF COURSE,,2296002.0,,Missing Entry,0.0,RULE
National Company Law Appellate Tribunal,,776200.0,,Missing Entry,0.0,RULE
Sub Regional Office Esic,,814749.0,,Missing Entry,0.0,RULE
DEPARTMENT OF SPACE,,397492.0,,Missing Entry,0.0,RULE
Fisheries Animal Husbandry and Dairying,,138490.0,,Missing Entry,0.0,RULE
SHAHEED SUKHDEV COLLEGE OF BUSINESS STUDIES,,501143.0,,Missing Entry,0.0,RULE
SHAHEED SUKHDEV COLLEGE OF BUSINESS STUDIES,,200457.0,,Missing Entry,0.0,RULE
Ex Engineer NPD 8,,92005.0,,Missing Entry,0.0,RULE
DY DIRECTOR(HOR) DIV 6,,569370.06,,Missing Entry,0.0,RULE
Dwarka Project  Division 1,,4752750.0,,Missing Entry,0.0,RULE
Central Warehousing Corporation (InterState),,230515.8,,Missing Entry,0.0,RULE
Central Warehousing Corporation (InterState),,230515.8,,Missing Entry,0.0,RULE
Central Warehousing Corporation (InterState),,134522.38,,Missing Entry,0.0,RULE
Central Warehousing Corporation (InterState),,153677.2,,Missing Entry,0.0,RULE
Central Warehousing Corporation (InterState),,153677.2,,Missing Entry,0.0,RULE
Central Warehousing Corporation (InterState),,134522.38,,Missing Entry,0.0,RULE
Vehicle Maintenance Charges,,60.0,,Missing Entry,0.0,RULE
Stamp Paper,,620.0,,Missing Entry,0.0,RULE
Cash,,10000.0,,Missing Entry,0.0,RULE
Cash,,10000.0,,Missing Entry,0.0,RULE
HDFC BANK - 95177,,200000.0,,Missing Entry,0.0,RULE
CONVEYANCE EXPENSES,,2000.0,,Missing Entry,0.0,RULE
CONVEYANCE EXPENSES,,2150.0,,Missing Entry,0.0,RULE
Office Petty Expenses,,53556.0,,Missing Entry,0.0,RULE
Other Expenses,,6000.0,,Missing Entry,0.0,RULE
ELEGANT APPARELS,,17640.0,,Missing Entry,0.0,RULE
Electricity Expenses,,4980.0,,Missing Entry,0.0,RULE
MASTER RUBER WORKSS,,25373.0,,Missing Entry,0.0,RULE
Stamp Paper,,90.0,,Missing Entry,0.0,RULE
CONVEYANCE EXPENSES,,350.0,,Missing Entry,0.0,RULE
CONVEYANCE EXPENSES,,500.0,,Missing Entry,0.0,RULE
COL  SUNIL DALAL (PROPRIETOR),,200000.0,,Missing Entry,0.0,RULE
DY. Director Hort-X,,7599823.0,,Missing Entry,0.0,RULE
TDS Receivable @ 2%,,162563.0,,Missing Entry,0.0,RULE
CONVEYANCE EXPENSES,,2880.0,,Missing Entry,0.0,RULE
REPAIRS AND MAINTENANCE,,1390.0,,Missing Entry,0.0,RULE
CONVEYANCE EXPENSES,,2750.0,,Missing Entry,0.0,RULE
SALARY PAYABLE,,5599769.0,,Missing Entry,0.0,RULE
Cash,,10000.0,,Missing Entry,0.0,RULE
Office  Equipments,,450.0,,Missing Entry,0.0,RULE
Other Expenses,,100.0,,Missing Entry,0.0,RULE
PROFESSIONAL CHARGES,,8500.0,,Missing Entry,0.0,RULE
CONVEYANCE EXPENSES,,150.0,,Missing Entry,0.0,RULE
CONVEYANCE EXPENSES,,1724.0,,Missing Entry,0.0,RULE
STATIONERY FOR OFFICE,,4536.0,,Missing Entry,0.0,RULE
CONVEYANCE EXPENSES,,5800.0,,Missing Entry,0.0,RULE
SALARY PAYABLE,,1645.0,,Missing Entry,0.0,RULE
RAJA PROPERTIES & CONSTRUCTION,,69300.0,,Missing Entry,0.0,RULE
Haryana Offfice Rent,,6000.0,,Missing Entry,0.0,RULE
UP Office Rent,,4500.0,,Missing Entry,0.0,RULE
THE RIGHT CHOICE,,5227.0,,Missing Entry,0.0,RULE
COL  SUNIL DALAL (PROPRIETOR),,100000.0,,Missing Entry,0.0,RULE
Uniform Expense,,13425.0,,Missing Entry,0.0,RULE
RENT DELHI OFFICE,,77000.0,,Missing Entry,0.0,RULE
Cash,,10000.0,,Missing Entry,0.0,RULE
CONVEYANCE EXPENSES,,600.0,,Missing Entry,0.0,RULE
CONVEYANCE EXPENSES,,3080.0,,Missing Entry,0.0,RULE
PRINTING AND STATIONARY,,200.0,,Missing Entry,0.0,RULE
CONVEYANCE EXPENSES,,200.0,,Missing Entry,0.0,RULE
Cash,,4300.0,,Missing Entry,0.0,RULE
CONVEYANCE EXPENSES,,3220.0,,Missing Entry,0.0,RULE
REPAIRS AND MAINTENANCE,,600.0,,Missing Entry,0.0,RULE
Stamp Paper,,530.0,,Missing Entry,0.0,RULE
Other Expenses,,1600.0,,Missing Entry,0.0,RULE
Other Expenses,,680.0,,Missing Entry,0.0,RULE
CONVEYANCE EXPENSES,,540.0,,Missing Entry,0.0,RULE
REPAIRS AND MAINTENANCE,,500.0,,Missing Entry,0.0,RULE
PRINTING AND STATIONARY,,300.0,,Missing Entry,0.0,RULE
Stamp Paper,,650.0,,Missing Entry,0.0,RULE
SALARY PAYABLE,,24687.0,,Missing Entry,0.0,RULE
COL  SUNIL DALAL (PROPRIETOR),,50000.0,,Missing Entry,0.0,RULE
Cash,,10000.0,,Missing Entry,0.0,RULE
Cash,,13000.0,,Missing Entry,0.0,RULE
HDFC BANK - 95177,,200000.0,,Missing Entry,0.0,RULE
CONVEYANCE EXPENSES,,2776.0,,Missing Entry,0.0,RULE
Cartage Outwards,,165.0,,Missing Entry,0.0,RULE
Office Petty Expenses,,50.0,,Missing Entry,0.0,RULE
CONVEYANCE EXPENSES,,1668.0,,Missing Entry,0.0,RULE
CONVEYANCE EXPENSES,,1440.0,,Missing Entry,0.0,RULE
CONVEYANCE EXPENSES,,120.0,,Missing Entry,0.0,RULE
PRINTING AND STATIONARY,,500.0,,Missing Entry,0.0,RULE
IT SYSTEMS,,12450.0,,Missing Entry,0.0,RULE
COL  SUNIL DALAL (PROPRIETOR),,200000.0,,Missing Entry,0.0,RULE
PRINTING AND STATIONARY,,10550.9,,Missing Entry,0.0,RULE
PG HCD-10,,26911.0,,Missing Entry,0.0,RULE
Cash,,15000.0,,Missing Entry,0.0,RULE
PRINTING AND STATIONARY,,240.0,,Missing Entry,0.0,RULE
Stamp Paper,,50.0,,Missing Entry,0.0,RULE
CONVEYANCE EXPENSES,,100.0,,Missing Entry,0.0,RULE
Vehicle Maintenance Charges,,2160.0,,Missing Entry,0.0,RULE
Stamp Paper,,550.0,,Missing Entry,0.0,RULE
CONVEYANCE EXPENSES,,215.0,,Missing Entry,0.0,RULE
SALARY PAYABLE,,525000.0,,Missing Entry,0.0,RULE
Uniform Expense,,32000.0,,Missing Entry,0.0,RULE
REPAIRS AND MAINTENANCE,,840.0,,Missing Entry,0.0,RULE
CONVEYANCE EXPENSES,,6768.0,,Missing Entry,0.0,RULE
CONVEYANCE EXPENSES,,5040.0,,Missing Entry,0.0,RULE
AIRTEL POSTPAID BILL,,1811.3,,Missing Entry,0.0,RULE
MASTER RUBER WORKSS,,11277.0,,Missing Entry,0.0,RULE
SALARY PAYABLE,,13353.0,,Missing Entry,0.0,RULE
SALARY PAYABLE,,390.0,,Missing Entry,0.0,RULE
Cartage Outwards,,250.0,,Missing Entry,0.0,RULE
COL  SUNIL DALAL (PROPRIETOR),,60000.0,,Missing Entry,0.0,RULE
Uniform Expense,,10740.0,,Missing Entry,0.0,RULE
Cash,,3200.0,,Missing Entry,0.0,RULE
CONVEYANCE EXPENSES,,772.0,,Missing Entry,0.0,RULE
Expertsoul Consultancy Services,,3540.0,,Missing Entry,0.0,RULE
ELEGANT APPARELS,,33600.0,,Missing Entry,0.0,RULE
CONVEYANCE EXPENSES,,200.0,,Missing Entry,0.0,RULE
Vehicle Maintenance Charges,,100.0,,Missing Entry,0.0,RULE
Other Expenses,,3000.0,,Missing Entry,0.0,RULE
OFFICE  MAINTENANCE,,200.0,,Missing Entry,0.0,RULE
Diesel and Petrol Charges,,23354.98,,Missing Entry,0.0,RULE
Interest,,11977.0,,Missing Entry,0.0,RULE
Salary,,9932669.0,,Missing Entry,0.0,RULE
PF Employer Contribution,,637190.0,,Missing Entry,0.0,RULE
Salary,,55000.0,,Missing Entry,0.0,RULE
OUTPUT CGST@9%,,1963708.35,,Missing Entry,0.0,RULE
OUTPUT CGST@9%,,79126.08,,Missing Entry,0.0,RULE
Dwarka Project  Division 1,,454659.0,,Missing Entry,0.0,RULE
QUTAB GOLF COURSE,,79658.0,,Missing Entry,0.0,RULE
STATIONERY FOR OFFICE,,2865.0,,Missing Entry,0.0,RULE
NITIN ASSOCIATES,,15300.0,,Missing Entry,0.0,RULE
TAX DEDUCTED SOURCES 94C,,359.0,,Missing Entry,0.0,RULE
COL  SUNIL DALAL (PROPRIETOR),,50000.0,,Missing Entry,0.0,RULE
Licenses,,3000.0,,Missing Entry,0.0,RULE
Vehicle Hire Charges,,49000.0,,Missing Entry,0.0,RULE
DY. Director Hort-X,,7341556.0,,Missing Entry,0.0,RULE
REPAIRS AND MAINTENANCE,,590.0,,Missing Entry,0.0,RULE
Stamp Paper,,870.0,,Missing Entry,0.0,RULE
PRINTING AND STATIONARY,,4300.0,,Missing Entry,0.0,RULE
Cash,,15000.0,,Missing Entry,0.0,RULE
Cash,,10300.0,,Missing Entry,0.0,RULE
Cash,,10000.0,,Missing Entry,0.0,RULE
CONVEYANCE EXPENSES,,1120.0,,Missing Entry,0.0,RULE
CONVEYANCE EXPENSES,,3075.0,,Missing Entry,0.0,RULE
CONVEYANCE EXPENSES,,5500.0,,Missing Entry,0.0,RULE
CONVEYANCE EXPENSES,,5670.0,,Missing Entry,0.0,RULE
CONVEYANCE EXPENSES,,410.0,,Missing Entry,0.0,RULE
Miscellaneous,,2025.0,,Missing Entry,0.0,RULE
Other Expenses,,920.0,,Missing Entry,0.0,RULE
REPAIRS AND MAINTENANCE,,2400.0,,Missing Entry,0.0,RULE
REPAIRS AND MAINTENANCE,,2396.0,,Missing Entry,0.0,RULE
Cash,,6000.0,,Missing Entry,0.0,RULE
SBI OD A/C- 6791,,1000000.0,,Missing Entry,0.0,RULE
Other Expenses,,1000.0,,Missing Entry,0.0,RULE
REPAIRS AND MAINTENANCE,,2400.0,,Missing Entry,0.0,RULE
Common Other Misc. Services,,15000.0,,Missing Entry,0.0,RULE
SALARY PAYABLE,,1740843.46,,Missing Entry,0.0,RULE
SALARY PAYABLE,,24687.0,,Missing Entry,0.0,RULE
Rskrish Technology & Services Pvt. Ltd.,,58800.0,,Missing Entry,0.0,RULE
SALARY PAYABLE,,12378.0,,Missing Entry,0.0,RULE
SALARY PAYABLE,,13106.0,,Missing Entry,0.0,RULE
SALARY PAYABLE,,24687.0,,Missing Entry,0.0,RULE
COL  SUNIL DALAL (PROPRIETOR),,100000.0,,Missing Entry,0.0,RULE
COL  SUNIL DALAL (PROPRIETOR),,50000.0,,Missing Entry,0.0,RULE
COMPUTER,,49830.51,,Missing Entry,0.0,RULE
CONVEYANCE EXPENSES,,200.0,,Missing Entry,0.0,RULE
Stamp Paper,,260.0,,Missing Entry,0.0,RULE
SALARY PAYABLE,,2589.84,,Missing Entry,0.0,RULE
Lawyer's Fees,,5000.0,,Missing Entry,0.0,RULE
COL  SUNIL DALAL (PROPRIETOR),,100000.0,,Missing Entry,0.0,RULE
TRANSACTION CHARGES,,68597.51,,Missing Entry,0.0,RULE
Dwarka Project  Division 1,,273395.0,,Missing Entry,0.0,RULE
QUTAB GOLF COURSE,,1154686.0,,Missing Entry,0.0,RULE
National Company Law Appellate Tribunal,,701084.0,,Missing Entry,0.0,RULE
Sub Regional Office Esic,,814749.0,,Missing Entry,0.0,RULE
DEPARTMENT OF SPACE,,359740.0,,Missing Entry,0.0,RULE
Fisheries Animal Husbandry and Dairying,,125088.0,,Missing Entry,0.0,RULE
SHAHEED SUKHDEV COLLEGE OF BUSINESS STUDIES,,452645.0,,Missing Entry,0.0,RULE
SHAHEED SUKHDEV COLLEGE OF BUSINESS STUDIES,,181058.0,,Missing Entry,0.0,RULE
Central Warehousing Corporation,,230516.0,,Missing Entry,0.0,RULE
Central Warehousing Corporation,,230516.0,,Missing Entry,0.0,RULE
Central Warehousing Corporation (InterState),,230516.0,,Missing Entry,0.0,RULE
Central Warehousing Corporation (InterState),,153677.0,,Missing Entry,0.0,RULE
Central Warehousing Corporation (InterState),,134522.0,,Missing Entry,0.0,RULE
Central Warehousing Corporation (InterState),,153677.0,,Missing Entry,0.0,RULE
Central Warehousing Corporation (InterState),,230516.0,,Missing Entry,0.0,RULE
Central Warehousing Corporation (InterState),,134522.0,,Missing Entry,0.0,RULE
Uniform Expense,,10880.0,,Missing Entry,0.0,RULE
CONVEYANCE EXPENSES,,1500.0,,Missing Entry,0.0,RULE
PROFESSIONAL CHARGES,,8500.0,,Missing Entry,0.0,RULE
Cash,,22000.0,,Missing Entry,0.0,RULE
Other Expenses,,17000.0,,Missing Entry,0.0,RULE
GOVERNMENT MARKETPLACE (GEM),,79573.12,,Missing Entry,0.0,RULE
Electricity Expenses,,2640.0,,Missing Entry,0.0,RULE
National Company Law Appellate Tribunal,,749888.0,,Missing Entry,0.0,RULE
SBI OD A/C- 6791,,1700000.0,,Missing Entry,0.0,RULE
CONVEYANCE EXPENSES,,200.0,,Missing Entry,0.0,RULE
CONVEYANCE EXPENSES,,200.0,,Missing Entry,0.0,RULE
Stamp Paper,,1300.0,,Missing Entry,0.0,RULE
PRINTING AND STATIONARY,,600.0,,Missing Entry,0.0,RULE
SALARY PAYABLE,,845218.0,,Missing Entry,0.0,RULE
BANK CHARGES,,18521.0,,Missing Entry,0.0,RULE
BANK CHARGES,,826.0,,Missing Entry,0.0,RULE
BANK CHARGES,,649.0,,Missing Entry,0.0,RULE
ELEGANT APPARELS,,11424.0,,Missing Entry,0.0,RULE
SARASWATI ENTERPRISES,,5074.0,,Missing Entry,0.0,RULE
THE RIGHT CHOICE,,3331.0,,Missing Entry,0.0,RULE
ROHIT TIWARI,,48510.0,,Missing Entry,0.0,RULE
NITIN ASSOCIATES,,7650.0,,Missing Entry,0.0,RULE
SALARY PAYABLE,,9043.0,,Missing Entry,0.0,RULE
SALARY PAYABLE,,19500.0,,Missing Entry,0.0,RULE
CONVEYANCE EXPENSES,,200.0,,Missing Entry,0.0,RULE
BANK CHARGES,,649.0,,Missing Entry,0.0,RULE
Cash,,3800.0,,Missing Entry,0.0,RULE
SBI OD A/C- 6791,,1800000.0,,Missing Entry,0.0,RULE
CONVEYANCE EXPENSES,,200.0,,Missing Entry,0.0,RULE
Stamp Paper,,550.0,,Missing Entry,0.0,RULE
PRINTING AND STATIONARY,,130.0,,Missing Entry,0.0,RULE
PF PAYABLE,,1327480.0,,Missing Entry,0.0,RULE
Esic Payable,,26865.0,,Missing Entry,0.0,RULE
INCOME TAX,,500000.0,,Missing Entry,0.0,RULE
RAJA PROPERTIES & CONSTRUCTION,,69300.0,,Missing Entry,0.0,RULE
Haryana Offfice Rent,,6000.0,,Missing Entry,0.0,RULE
UP Office Rent,,4500.0,,Missing Entry,0.0,RULE
COL  SUNIL DALAL (PROPRIETOR),,100000.0,,Missing Entry,0.0,RULE
RENT DELHI OFFICE,,77000.0,,Missing Entry,0.0,RULE
Water Expense,,2500.0,,Missing Entry,0.0,RULE
GST PAYABLE,,3310852.0,,Missing Entry,0.0,RULE
Salary,,516000.0,,Missing Entry,0.0,RULE
Fees for Cards,,29382.0,,Missing Entry,0.0,RULE
COL  SUNIL DALAL (PROPRIETOR),,3500000.0,,Missing Entry,0.0,RULE
COL  SUNIL DALAL (PROPRIETOR),,550000.0,,Missing Entry,0.0,RULE
"EXECUTIVE ENGR, HCD 10",,102441.0,,Missing Entry,0.0,RULE
HORT DIV  9,,233850.0,,Missing Entry,0.0,RULE
HORT DIV  9,,300771.0,,Missing Entry,0.0,RULE
HORT DIV  9,,694279.0,,Missing Entry,0.0,RULE
SHAHEED SUKHDEV COLLEGE OF BUSINESS STUDIES,,437301.0,,Missing Entry,0.0,RULE
DY. Director Hort-X,,7599822.0,,Missing Entry,0.0,RULE
DY. Director Hort-X,,6864355.0,,Missing Entry,0.0,RULE
DELHI DEVELOPMENT AUTHORITY,,142798.0,,Missing Entry,0.0,RULE
Fees for Cards,,24900.0,,Missing Entry,0.0,RULE
TDS Receivable @ 2%,,162563.0,,Missing Entry,0.0,RULE
SBI 1144,,1851131.0,,Missing Entry,0.0,RULE
SBI 1144,,7599822.0,,Missing Entry,0.0,RULE
SBI BANK- 54238,,4650000.0,,Missing Entry,0.0,RULE
SALARY PAYABLE,,866861.0,,Missing Entry,0.0,RULE
TDS Receivable @ 2%,,146831.0,,Missing Entry,0.0,RULE
QUTAB GOLF COURSE,,179309.0,,Missing Entry,0.0,RULE
QUTAB GOLF COURSE,,1770645.0,,Missing Entry,0.0,RULE
GST Receivable @ 2%,,38915.0,,Missing Entry,0.0,RULE
Cash,,5500.0,,Missing Entry,0.0,RULE
Office Petty Expenses,,200.0,,Missing Entry,0.0,RULE
Stamp Paper,,1140.0,,Missing Entry,0.0,RULE
CONVEYANCE EXPENSES,,2750.0,,Missing Entry,0.0,RULE
Cash,,5000.0,,Missing Entry,0.0,RULE
REPAIRS AND MAINTENANCE,,1900.0,,Missing Entry,0.0,RULE
CONVEYANCE EXPENSES,,600.0,,Missing Entry,0.0,RULE
Cartage Outwards,,600.0,,Missing Entry,0.0,RULE
MASTER RUBER WORKSS,,23100.0,,Missing Entry,0.0,RULE
Uniform Expense,,22000.0,,Missing Entry,0.0,RULE
Cash,,10000.0,,Missing Entry,0.0,RULE
CONVEYANCE EXPENSES,,1500.0,,Missing Entry,0.0,RULE
CONVEYANCE EXPENSES,,3350.0,,Missing Entry,0.0,RULE
Sub Regional Office Esic,,1588068.0,,Missing Entry,0.0,RULE
Cash,,25300.0,,Missing Entry,0.0,RULE
CONVEYANCE EXPENSES,,200.0,,Missing Entry,0.0,RULE
Miscellaneous,,100.0,,Missing Entry,0.0,RULE
CONVEYANCE EXPENSES,,4000.0,,Missing Entry,0.0,RULE
Diesel and Petrol Charges,,800.0,,Missing Entry,0.0,RULE
Diesel and Petrol Charges,,19199.67,,Missing Entry,0.0,RULE
Other Expenses,,2500.0,,Missing Entry,0.0,RULE
SALARY PAYABLE,,175000.0,,Missing Entry,0.0,RULE
BANK CHARGES,,1085.6,,Missing Entry,0.0,RULE
QUTAB GOLF COURSE,,78000.0,,Missing Entry,0.0,RULE
PG NPD-8,,86997.0,,Missing Entry,0.0,RULE
Uniform Expense,,63840.0,,Missing Entry,0.0,RULE
PG NPD-8,,7437.0,,Missing Entry,0.0,RULE
Cash,,5000.0,,Missing Entry,0.0,RULE
HDFC BANK - 95177,,300000.0,,Missing Entry,0.0,RULE
CONVEYANCE EXPENSES,,240.0,,Missing Entry,0.0,RULE
CONVEYANCE EXPENSES,,1056.0,,Missing Entry,0.0,RULE
CONVEYANCE EXPENSES,,3476.0,,Missing Entry,0.0,RULE
REPAIRS AND MAINTENANCE,,500.0,,Missing Entry,0.0,RULE
Office Petty Expenses,,100.0,,Missing Entry,0.0,RULE
BANK CHARGES,,112407.13,,Missing Entry,0.0,RULE
COL  SUNIL DALAL (PROPRIETOR),,300000.0,,Missing Entry,0.0,RULE
Cash,,14000.0,,Missing Entry,0.0,RULE
CONVEYANCE EXPENSES,,4072.0,,Missing Entry,0.0,RULE
CONVEYANCE EXPENSES,,3480.0,,Missing Entry,0.0,RULE
Greatway Infosolutions,,1300.0,,Missing Entry,0.0,RULE
BANK CHARGES,,118.0,,Missing Entry,0.0,RULE
Dwarka Project  Division 1,,4279106.0,,Missing Entry,0.0,RULE
Office  Equipments,,1101.7,,Missing Entry,0.0,RULE
Cash,,9900.0,,Missing Entry,0.0,RULE
Office Petty Expenses,,10204.0,,Missing Entry,0.0,RULE
Other Expenses,,13077.0,,Missing Entry,0.0,RULE
Expertsoul Consultancy Services,,2950.0,,Missing Entry,0.0,RULE
COL  SUNIL DALAL (PROPRIETOR),,5000000.0,,Missing Entry,0.0,RULE
COL  SUNIL DALAL (PROPRIETOR),,1900000.0,,Missing Entry,0.0,RULE
Uniform Expense,,9520.0,,Missing Entry,0.0,RULE
Salary,,11934506.93,,Missing Entry,0.0,RULE
Salary,,55000.0,,Missing Entry,0.0,RULE
SBI BANK- 54238,,113000.0,,Missing Entry,0.0,RULE
SALARY PAYABLE,,195758.0,,Missing Entry,0.0,RULE
BANK CHARGES,,28.32,,Missing Entry,0.0,RULE
National Company Law Appellate Tribunal,,677318.0,,Missing Entry,0.0,RULE
Fisheries Animal Husbandry and Dairying,,120848.0,,Missing Entry,0.0,RULE
COL  SUNIL DALAL (PROPRIETOR),,5000000.0,,Missing Entry,0.0,RULE
SALARY PAYABLE,,6456.0,,Missing Entry,0.0,RULE
SALARY PAYABLE,,951801.26,,Missing Entry,0.0,RULE
ELEGANT APPARELS,,10662.0,,Missing Entry,0.0,RULE
ELEGANT APPARELS,,67032.0,,Missing Entry,0.0,RULE
Interest,,9100.0,,Missing Entry,0.0,RULE
SALARY PAYABLE,,19519.0,,Missing Entry,0.0,RULE
COL  SUNIL DALAL (PROPRIETOR),,100000.0,,Missing Entry,0.0,RULE
Interest,,458.0,,Missing Entry,0.0,RULE
Depreciation,,718418.7,,Missing Entry,0.0,RULE
PROFESSIONAL CHARGES,,8500.0,,Missing Entry,0.0,RULE
PF Employer Contribution,,727429.0,,Missing Entry,0.0,RULE
PG MTNL,,40706.0,,Missing Entry,0.0,RULE
PG Hort-8 New,,48389.0,,Missing Entry,0.0,RULE
PG QGC,,45283.0,,Missing Entry,0.0,RULE
DY. Director Hort-X,,8108045.0,,Missing Entry,0.0,RULE
QUTAB GOLF COURSE,,1278663.0,,Missing Entry,0.0,RULE
National Company Law Appellate Tribunal,,776200.0,,Missing Entry,0.0,RULE
Sub Regional Office Esic,,814749.0,,Missing Entry,0.0,RULE
DEPARTMENT OF SPACE,,397492.0,,Missing Entry,0.0,RULE
SHAHEED SUKHDEV COLLEGE OF BUSINESS STUDIES,,501143.0,,Missing Entry,0.0,RULE
SHAHEED SUKHDEV COLLEGE OF BUSINESS STUDIES,,200457.0,,Missing Entry,0.0,RULE
Lalit Kala Akademi,,299846.0,,Missing Entry,0.0,RULE
Lalit Kala Akademi,,586265.0,,Missing Entry,0.0,RULE
,TO DEBIT THROUGH CHEQUE-SBI   8251327 salary--602327 5714 2251941.0,,2251941.0,Unrecorded Bank Entry,0.0,RULE
,TO TRANSFER-INB-- 99922 643.0,,643.0,Unrecorded Bank Entry,0.0,RULE
,TO DEBIT THROUGH CHEQUE-SBI   000007TRANSFER--602329 5714 1694274.0,,1694274.0,Unrecorded Bank Entry,0.0,RULE
,BY TRANSFER-NEFTRRSBIN325121534616(01-05-25)Incorrect Account-- 4430 0.0,,19751.0,Unrecorded Bank Entry,0.0,RULE
,TO DEBIT THROUGH CHEQUE-SBI   000010TRANSFER--602331 5714 364148.0,,364148.0,Unrecorded Bank Entry,0.0,RULE
,TO TRANSFER-INB-- 99922 1418.0,,1418.0,Unrecorded Bank Entry,0.0,RULE
,TO TRANSFER-INB-- 99922 3021.0,,3021.0,Unrecorded Bank Entry,0.0,RULE
,TO TRANSFER-CMPCHRG/31-MAY-2025/0708211-- 4266 2.36,,2.36,Unrecorded Bank Entry,0.0,RULE
,TO TRANSFER-CMPIFTP/01030625004/251540708670/PMT/-- 4266 1969726.0,,1969726.0,Unrecorded Bank Entry,0.0,RULE
,TO TRANSFER-CMPIFTP/01040625087/251550698374/PMT/-- 4266 467486.0,,467486.0,Unrecorded Bank Entry,0.0,RULE
,TO TRANSFER-INB-- 99922 10102.0,,10102.0,Unrecorded Bank Entry,0.0,RULE
,TO TRANSFER-CMPCHRG/30-JUN-2025/0754911-- 4266 99.12,,99.12,Unrecorded Bank Entry,0.0,RULE
,TO TRANSFER-CMPCHRG/30-JUN-2025/0749904-- 4266 245.44,,245.44,Unrecorded Bank Entry,0.0,RULE
,TO TRANSFER-CMPIFTP/01050725107/251860770935/PMT/-- 4266 439367.0,,439367.0,Unrecorded Bank Entry,0.0,RULE
,TO TRANSFER-INB-- 99922 8143.0,,8143.0,Unrecorded Bank Entry,0.0,RULE
,TO TRANSFER-CMPIFTP/01040825463/252160950988/PMT/-- 4266 2330219.0,,2330219.0,Unrecorded Bank Entry,0.0,RULE
,TO TRANSFER-CMPIFTP/010508251254/252170954591/PMT/-- 4266 391780.0,,391780.0,Unrecorded Bank Entry,0.0,RULE
,TO TRANSFER-INB-- 99922 4122.0,,4122.0,Unrecorded Bank Entry,0.0,RULE
,TO TRANSFER-CMPCHRG/31-AUG-2025/1252453-- 4266 306.8,,306.8,Unrecorded Bank Entry,0.0,RULE
,TO TRANSFER-CMPCHRG/31-AUG-2025/1251625-- 4266 84.96,,84.96,Unrecorded Bank Entry,0.0,RULE
,TO TRANSFER-CMPCHRG/31-AUG-2025/1252781-- 4266 595.9,,595.9,Unrecorded Bank Entry,0.0,RULE
,TO TRANSFER-CMPCHRG/31-AUG-2025/1253853-- 4266 271.4,,271.4,Unrecorded Bank Entry,0.0,RULE
,TO TRANSFER-CMPIFTP/010409251064/252471330669/PMT/-- 4266 2196925.0,,2196925.0,Unrecorded Bank Entry,0.0,RULE
,BY TRANSFER-IMPS/524903467092/RE1-XX757-CP ACCOU/IMPS tran-- 16209 0.0,,1.0,Unrecorded Bank Entry,0.0,RULE
,TO TRANSFER-CMPIFTP/01060925649/252491367046/PMT/-- 4266 297690.0,,297690.0,Unrecorded Bank Entry,0.0,RULE
,TO TRANSFER-INB-- 99922 5732.0,,5732.0,Unrecorded Bank Entry,0.0,RULE
,TO TRANSFER-CMPCHRG/30-SEP-2025/2187324-- 4266 283.2,,283.2,Unrecorded Bank Entry,0.0,RULE
,TO TRANSFER-CMPCHRG/30-SEP-2025/2187484-- 4266 66.08,,66.08,Unrecorded Bank Entry,0.0,RULE
,TO TRANSFER-CMPCHRG/30-SEP-2025/2189608-- 4266 383.5,,383.5,Unrecorded Bank Entry,0.0,RULE
,TO TRANSFER-CMPCHRG/30-SEP-2025/2196129-- 4266 1522.2,,1522.2,Unrecorded Bank Entry,0.0,RULE
,TO TRANSFER- : 0571425BG0Y00075 01822243000001TF89772813256-- 61796 2558.88,,2558.88,Unrecorded Bank Entry,0.0,RULE
,TO TRANSFER-CMPIFTP/010710253401/252802432994/PMT/-- 4266 1743126.0,,1743126.0,Unrecorded Bank Entry,0.0,RULE
,TO TRANSFER-CMPIFTP/01081025452/252812498550/PMT/-- 4266 234174.0,,234174.0,Unrecorded Bank Entry,0.0,RULE
,TO TRANSFER-INB 002141025178835 2510101004645 I-- 99922 4477.0,,4477.0,Unrecorded Bank Entry,0.0,RULE
,TO TRANSFER-INB 002141025180007 2510101004392 I-- 99922 4967.0,,4967.0,Unrecorded Bank Entry,0.0,RULE
,TO TRANSFER-INB 002141025180208 2510101004390 I-- 99922 5301.0,,5301.0,Unrecorded Bank Entry,0.0,RULE
,TO TRANSFER-INB 002141025180468 2510101003700 I-- 99922 8651.0,,8651.0,Unrecorded Bank Entry,0.0,RULE
,TO TRANSFER-INB-- 99922 483.0,,483.0,Unrecorded Bank Entry,0.0,RULE
,BULK POSTING-ACHCr UTIB00396000014236 M T N L NEW DE-- 61076 0.0,,69642.0,Unrecorded Bank Entry,0.0,RULE
,BULK POSTING-ACHCr UTIB00396000014236 M T N L NEW DE-- 61076 0.0,,96842.0,Unrecorded Bank Entry,0.0,RULE
,TO TRANSFER-CMPCHRG/01-NOV-2025/6447675-- 4266 243.08,,243.08,Unrecorded Bank Entry,0.0,RULE
,TO TRANSFER-INB-- 99922 17734.13,,17734.13,Unrecorded Bank Entry,0.0,RULE
,TO TRANSFER-CMPNEFT/011411251708/253187720214/PMT/-- 4266 95175.0,,95175.0,Unrecorded Bank Entry,0.0,RULE
,BY TRANSFER-CMPIFT/01141125170836/SALARY SEP 2025-- 4266 0.0,,452.0,Unrecorded Bank Entry,0.0,RULE
,TO TRANSFER-CMPIFTP/011411251702/253187718146/PMT/-- 4266 1708364.0,,1708364.0,Unrecorded Bank Entry,0.0,RULE
,TO TRANSFER-CMPNEFT/011411251702/253187720218/PMT/-- 4266 3946730.0,,3946730.0,Unrecorded Bank Entry,0.0,RULE
,BY TRANSFER-NEFTRRSBIF400005098605(14-11-25)Incorrect Account-- 4430 0.0,,2323.0,Unrecorded Bank Entry,0.0,RULE
,TO TRANSFER-CMPNEFT/011511251572/253197760532/PMT/-- 4266 946186.0,,946186.0,Unrecorded Bank Entry,0.0,RULE
,TO TRANSFER-INB-- 99922 6721.0,,6721.0,Unrecorded Bank Entry,0.0,RULE
,BY TRANSFER-NEFT*PUNB0112000*PUNBH70041551202*BHARAT SANCHAR N-- 4430 0.0,,2277264.6,Unrecorded Bank Entry,0.0,RULE
,TO TRANSFER-CMPCHRG/30-NOV-2025/8329710-- 4266 1604.8,,1604.8,Unrecorded Bank Entry,0.0,RULE
,TO TRANSFER-CMPNEFT/01121225985/253469030963/PMT/-- 4266 7559833.0,,7559833.0,Unrecorded Bank Entry,0.0,RULE
,BY TRANSFER-NEFTRRSBIF400006024705(12-12-25)Incorrect Account-- 4430 0.0,,833.0,Unrecorded Bank Entry,0.0,RULE
,TO TRANSFER-CMPNEFT/011312253572/253479097729/PMT/-- 4266 2055920.0,,2055920.0,Unrecorded Bank Entry,0.0,RULE
,BY TRANSFER-NEFTRRSBIF400006072125(13-12-25)Incorrect Account-- 4430 0.0,,14717.0,Unrecorded Bank Entry,0.0,RULE
,TO TRANSFER-INB-- 99922 74222.0,,74222.0,Unrecorded Bank Entry,0.0,RULE
,TO TRANSFER-CMPNEFT/010601264785/260061006887/PMT/-- 4266 7130814.98,,7130814.98,Unrecorded Bank Entry,0.0,RULE
,TO TRANSFER-CMPCHRG/06-JAN-2026/1002706-- 4266 198.24,,198.24,Unrecorded Bank Entry,0.0,RULE
,TO TRANSFER-CMPIFTP/010801265344/260081027178/PMT/-- 4266 796210.0,,796210.0,Unrecorded Bank Entry,0.0,RULE
,TO TRANSFER-CMPCHRG/08-JAN-2026/1029299-- 4266 631.3,,631.3,Unrecorded Bank Entry,0.0,RULE
,TO TRANSFER-INB-- 99922 3812.0,,3812.0,Unrecorded Bank Entry,0.0,RULE
,TO TRANSFER-CMPNEFT/011701263516/260171069031/PMT/-- 4266 183667.0,,183667.0,Unrecorded Bank Entry,0.0,RULE
,TO TRANSFER-INB 002170126418097 2601101128270 I-- 99922 7438.0,,7438.0,Unrecorded Bank Entry,0.0,RULE
,TO TRANSFER-CMPCHRG/17-JAN-2026/1069677-- 4266 42.48,,42.48,Unrecorded Bank Entry,0.0,RULE
,TO TRANSFER-INB 002200126454227 2601101129163 I-- 99922 7006.0,,7006.0,Unrecorded Bank Entry,0.0,RULE
,TO TRANSFER-INB-- 99922 487.0,,487.0,Unrecorded Bank Entry,0.0,RULE
,TO TRANSFER-CMPNEFT/010702267947/260381171103/PMT/-- 4266 2054670.0,,2054670.0,Unrecorded Bank Entry,0.0,RULE
,TO TRANSFER-CMPIFTP/011202266105/260431202191/PMT/-- 4266 730513.0,,730513.0,Unrecorded Bank Entry,0.0,RULE
,TO TRANSFER-INB-- 99922 5950.0,,5950.0,Unrecorded Bank Entry,0.0,RULE
,BY TRANSFER-NEFT*IBKL0NEFT01*IBKL260224311245*SHAHEED SUKHDEV-- 4430 0.0,,193661.0,Unrecorded Bank Entry,0.0,RULE
,TO TRANSFER-CMPNEFT/012502265342/260561252919/PMT/-- 4266 4090672.0,,4090672.0,Unrecorded Bank Entry,0.0,RULE
,BY TRANSFER-NEFTRRSBIF400008546738(25-02-26)Incorrect Account-- 4430 0.0,,25000.0,Unrecorded Bank Entry,0.0,RULE
,BY TRANSFER-NEFTRRSBIF400008546748(25-02-26)Incorrect Account-- 4430 0.0,,25000.0,Unrecorded Bank Entry,0.0,RULE
,BY TRANSFER-NEFTRRSBIF400008546733(25-02-26)Incorrect Account-- 4430 0.0,,25000.0,Unrecorded Bank Entry,0.0,RULE
,BY TRANSFER-NEFTRRSBIF400008546700(25-02-26)Incorrect Account-- 4430 0.0,,25000.0,Unrecorded Bank Entry,0.0,RULE
,BY TRANSFER-NEFTRRSBIF400008546770(25-02-26)Incorrect Account-- 4430 0.0,,25000.0,Unrecorded Bank Entry,0.0,RULE
,BY TRANSFER-NEFTRRSBIF400008546779(25-02-26)Incorrect Account-- 4430 0.0,,25000.0,Unrecorded Bank Entry,0.0,RULE
,BY TRANSFER-NEFTRRSBIF400008546698(25-02-26)Incorrect Account-- 4430 0.0,,25000.0,Unrecorded Bank Entry,0.0,RULE
,BY TRANSFER-NEFTRRSBIF400008546764(25-02-26)Incorrect Account-- 4430 0.0,,25000.0,Unrecorded Bank Entry,0.0,RULE
,BY TRANSFER-NEFTRRSBIF400008546664(25-02-26)Incorrect Account-- 4430 0.0,,25000.0,Unrecorded Bank Entry,0.0,RULE
,BY TRANSFER-NEFTRRSBIF400008546773(25-02-26)Incorrect Account-- 4430 0.0,,25000.0,Unrecorded Bank Entry,0.0,RULE
,BY TRANSFER-NEFTRRSBIF400008546628(25-02-26)Incorrect Account-- 4430 0.0,,25000.0,Unrecorded Bank Entry,0.0,RULE
,BY TRANSFER-NEFTRRSBIF400008546640(25-02-26)Incorrect Account-- 4430 0.0,,25000.0,Unrecorded Bank Entry,0.0,RULE
,BY TRANSFER-NEFTRRSBIF400008546702(25-02-26)Incorrect Account-- 4430 0.0,,25000.0,Unrecorded Bank Entry,0.0,RULE
,BY TRANSFER-NEFTRRSBIF400008546666(25-02-26)Incorrect Account-- 4430 0.0,,25000.0,Unrecorded Bank Entry,0.0,RULE
,BY TRANSFER-NEFTRRSBIF400008546683(25-02-26)Incorrect Account-- 4430 0.0,,25000.0,Unrecorded Bank Entry,0.0,RULE
,BY TRANSFER-NEFTRRSBIF400008546701(25-02-26)Incorrect Account-- 4430 0.0,,25000.0,Unrecorded Bank Entry,0.0,RULE
,BY TRANSFER-NEFTRRSBIF400008546662(25-02-26)Incorrect Account-- 4430 0.0,,25000.0,Unrecorded Bank Entry,0.0,RULE
,TO TRANSFER-COMM - OTHER MISC. SERVICES-- 5714 25000.0,,25000.0,Unrecorded Bank Entry,0.0,RULE
,TO TRANSFER-CMPCHRG/01-MAR-2026/1281249-- 4266 7.08,,7.08,Unrecorded Bank Entry,0.0,RULE
,TO TRANSFER-CMPCHRG/01-MAR-2026/1280988-- 4266 885.0,,885.0,Unrecorded Bank Entry,0.0,RULE
