Sunil Dalal Security Agency,,,,,
Bm 37 East 2nd Floor Shalimar Bagh Delhi 110088,,,,,
E-Mail : sunildalal3940@gmail.com,,,,,
Day Book,,,,,
1-Apr-25 to 31-Mar-26,,,,,
Date,Particulars,Vch Type,Vch No.,Debit Amount,Credit Amount
,,,,Inwards Qty,Outwards Qty
01-Apr-25,PG LALIT KALA ACADEMY,Journal,285,514481.25,
02-Apr-25,SBI OD A/C- 6791,Contra,18,,1225000.00
02-Apr-25,SBI BANK- 54238,Contra,19,,900000.00
02-Apr-25,Electricity Expenses,Payment,20,940.00,
02-Apr-25,BANK CHARGES,Payment,777,47.00,
02-Apr-25,SARASWATI ENTERPRISES,Payment,19,4012.00,
02-Apr-25,SALARY PAYABLE,Payment,222,575090.00,
02-Apr-25,KENT RO SYSTEMS LIMITED,Payment,4,8895.00,
02-Apr-25,CONVEYANCE EXPENSES,Payment,572,3020.00,
02-Apr-25,PG QGC,Receipt,77,,211058.00
02-Apr-25,PG QGC,Receipt,78,,629270.00
02-Apr-25,Uniform Expense,Journal,24,2600.00,
02-Apr-25,PRINTING AND STATIONARY,Journal,172,4625.00,
02-Apr-25,Miscellaneous,Journal,30,8895.00,
02-Apr-25,Vehicle Hire Charges,Journal,15,49000.00,
03-Apr-25,CONVEYANCE EXPENSES,Payment,573,1736.00,
03-Apr-25,CONVEYANCE EXPENSES,Payment,574,1736.00,
04-Apr-25,BANK CHARGES,Payment,220,118.00,
04-Apr-25,TAX DEDUCTED AT SOURCE 94I (RENT),Payment,494,7000.00,
04-Apr-25,CONVEYANCE EXPENSES,Payment,575,2232.00,
04-Apr-25,CONVEYANCE EXPENSES,Payment,576,420.00,
04-Apr-25,COL  SUNIL DALAL (PROPRIETOR),Receipt,1,,125000.00
04-Apr-25,SALARY PAYABLE,Receipt,152,,50000.00
05-Apr-25,ROHIT TIWARI,Payment,25,47510.00,
05-Apr-25,KENT RO SYSTEMS LIMITED,Payment,24,8895.00,
05-Apr-25,CONVEYANCE EXPENSES,Payment,577,1750.00,
05-Apr-25,COL  SUNIL DALAL (PROPRIETOR),Receipt,2,,50000.00
05-Apr-25,Miscellaneous,Journal,31,7538.14,
06-Apr-25,AIRTEL POSTPAID BILL,Payment,26,1811.30,
07-Apr-25,Common Other Misc. Services,Payment,420,8772.00,
07-Apr-25,BANK CHARGES,Payment,194,5.90,
07-Apr-25,Bharat Sanchar Nigam Limited,Receipt,19,,1220122.00
08-Apr-25,SBI BANK- 54238,Contra,20,,321490.56
08-Apr-25,COL  SUNIL DALAL (PROPRIETOR),Payment,223,940000.00,
08-Apr-25,CONVEYANCE EXPENSES,Payment,578,3376.00,
08-Apr-25,CONVEYANCE EXPENSES,Payment,579,1040.00,
09-Apr-25,COL  SUNIL DALAL (PROPRIETOR),Payment,536,380000.00,
09-Apr-25,CONVEYANCE EXPENSES,Payment,580,2485.00,
09-Apr-25,DEPARTMENT OF SPACE,Receipt,20,,374056.00
10-Apr-25,COMPUTER,Journal,21,2500.00,
11-Apr-25,COL  SUNIL DALAL (PROPRIETOR),Payment,224,430000.00,
11-Apr-25,COL  SUNIL DALAL (PROPRIETOR),Payment,225,3720000.00,
11-Apr-25,BANK CHARGES,Payment,195,17.70,
11-Apr-25,QUTAB GOLF COURSE,Receipt,21,,140400.00
11-Apr-25,QUTAB GOLF COURSE,Receipt,22,,290653.00
11-Apr-25,Dwarka Project  Division 1,Receipt,23,,3719832.00
12-Apr-25,CONVEYANCE EXPENSES,Payment,581,3276.00,
12-Apr-25,Water Expense,Payment,582,3890.00,
14-Apr-25,SBI OD A/C- 6791,Contra,21,,1650000.00
14-Apr-25,PF PAYABLE,Payment,226,1471342.00,
14-Apr-25,Esic Payable,Payment,229,69594.00,
15-Apr-25,MUSKAN ENTERPRISE,Payment,27,1475.00,
15-Apr-25,RAJA PROPERTIES & CONSTRUCTION,Payment,28,63000.00,
15-Apr-25,CONVEYANCE EXPENSES,Payment,583,2057.00,
15-Apr-25,COL  SUNIL DALAL (PROPRIETOR),Receipt,3,,100000.00
15-Apr-25,STATIONERY FOR OFFICE,Journal,93,1250.00,
15-Apr-25,Uniform Expense,Journal,52,17721.00,
15-Apr-25,RENT DELHI OFFICE,Journal,69,70000.00,
15-Apr-25,"EXECUTIVE ENGR, HCD 10",Sales,140,226654.00,
15-Apr-25,Ex Engineer NPD 8,Sales,159,95423.00,
16-Apr-25,MASTER RUBER WORKSS,Payment,29,19848.00,
16-Apr-25,ASIAR SOLUTIONS PVT LTD DELHI 2025-26,Payment,14,66080.00,
16-Apr-25,COL  SUNIL DALAL (PROPRIETOR),Receipt,4,,50000.00
16-Apr-25,ASIAR SOLUTIONS PVT LTD DELHI 2025-26,Journal,173,,66080.00
17-Apr-25,SBI BANK- 54238,Contra,21,,1650000.00
17-Apr-25,Common Other Misc. Services,Payment,86,25000.00,
17-Apr-25,COL  SUNIL DALAL (PROPRIETOR),Payment,231,1630000.00,
17-Apr-25,LTS ROAD SAFETY,Payment,450,1263.00,
17-Apr-25,Sub Regional Office Esic,Receipt,24,,769885.00
17-Apr-25,MAHANAGAR  TELEPHONE NIGAM LTD,Receipt,25,,1226280.00
17-Apr-25,Bharat Sanchar Nigam Limited,Receipt,26,,1220122.00
17-Apr-25,Office  Equipments,Journal,174,1070.00,
18-Apr-25,GST PAYABLE,Payment,794,2233270.00,
19-Apr-25,Other Expenses,Payment,584,6000.00,
19-Apr-25,MAHANAGAR  TELEPHONE NIGAM LTD,Receipt,27,,66681.00
20-Apr-25,UPI-The Dinners Club,Payment,31,1066.00,
20-Apr-25,Miscellaneous,Payment,585,274.00,
20-Apr-25,Other Expenses,Payment,586,518.00,
20-Apr-25,Miscellaneous,Journal,32,1066.00,
21-Apr-25,Haryana Offfice Rent,Payment,32,9000.00,
21-Apr-25,UP Office Rent,Payment,33,4500.00,
21-Apr-25,IT SYSTEMS,Payment,34,10200.00,
21-Apr-25,A.K. TECH,Payment,10,2950.00,
21-Apr-25,INCOME TAX,Payment,776,15000.00,
21-Apr-25,Fisheries Animal Husbandry and Dairying,Receipt,28,,122452.00
21-Apr-25,PRINTING AND STATIONARY,Journal,91,10200.00,
22-Apr-25,SBI BANK- 54238,Contra,22,,200000.00
22-Apr-25,A.K.R.K. STEEL,Payment,16,4500.00,
22-Apr-25,ELEGANT APPARELS,Payment,17,37852.00,
22-Apr-25,PRINTING AND STATIONARY,Payment,587,125.00,
22-Apr-25,Office  Equipments,Journal,175,4017.86,
22-Apr-25,Uniform Expense,Journal,25,36050.00,
23-Apr-25,SBI BANK- 54238,Contra,23,,2033180.00
23-Apr-25,Airtel Postpaid Bill (Wifi),Payment,37,7016.10,
23-Apr-25,Airtel Postpaid Bill (Wifi),Payment,38,7000.37,
23-Apr-25,BANK CHARGES,Payment,196,5.90,
23-Apr-25,COL  SUNIL DALAL (PROPRIETOR),Payment,232,2635000.00,
23-Apr-25,Ex Engineer NPD 8,Receipt,29,,665959.00
23-Apr-25,EX. ENGR  NPD 6,Receipt,30,,4003199.00
23-Apr-25,COL  SUNIL DALAL (PROPRIETOR),Receipt,353,,50000.00
23-Apr-25,TDS Receivable @ 2%,Journal,306,72097.00,
24-Apr-25,MAHANAGAR  TELEPHONE NIGAM LTD,Receipt,31,,69205.00
25-Apr-25,COL  SUNIL DALAL (PROPRIETOR),Payment,233,4480000.00,
25-Apr-25,FDR Interest,Receipt,32,,14095.00
25-Apr-25,"Dy. Director, Hort 5",Receipt,33,,214370.00
25-Apr-25,"Dy. Director, Hort 5",Receipt,34,,318240.00
25-Apr-25,"Dy. Director, Hort 5",Receipt,81,,90893.00
25-Apr-25,"Dy. Director, Hort 5",Receipt,80,,648302.00
25-Apr-25,HORT DIV  9,Receipt,84,,384593.00
25-Apr-25,DY DIRECTOR(HOR) DIV 6,Receipt,85,,132750.00
25-Apr-25,HORT DIV  9,Receipt,83,,630038.00
25-Apr-25,HORT DIV  9,Receipt,82,,1974879.00
26-Apr-25,CONVEYANCE EXPENSES,Payment,588,1680.00,
26-Apr-25,CONVEYANCE EXPENSES,Payment,589,1680.00,
28-Apr-25,SBI OD A/C- 6791,Contra,24,,250000.00
28-Apr-25,ELEGANT APPARELS,Payment,39,15937.00,
29-Apr-25,PG Sukhdev College,Payment,234,247561.00,
29-Apr-25,QUTAB GOLF COURSE,Receipt,36,,1723736.00
29-Apr-25,TDS Receivable @ 2%,Journal,286,37884.00,
30-Apr-25,SBI BANK- 54238,Contra,25,,250000.00
30-Apr-25,COL  SUNIL DALAL (PROPRIETOR),Payment,537,1470000.00,
30-Apr-25,COL  SUNIL DALAL (PROPRIETOR),Payment,266,348000.00,
30-Apr-25,CONVEYANCE EXPENSES,Payment,590,1684.00,
30-Apr-25,Diesel and Petrol Charges,Payment,390,34977.66,
30-Apr-25,Interest,Payment,795,5126.00,
30-Apr-25,QUTAB GOLF COURSE,Receipt,35,,340959.00
30-Apr-25,THE RIGHT CHOICE,Journal,94,,5873.00
30-Apr-25,Salary,Journal,79,12675939.10,
30-Apr-25,PF Employer Contribution,Journal,80,676945.00,
30-Apr-25,ESIC Employers Contribution,Journal,144,47632.52,
30-Apr-25,OUTPUT CGST@9%,Journal,180,452186.66,
30-Apr-25,TDS Credit CGST,Journal,270,130255.00,
30-Apr-25,Salary,Journal,248,65000.00,
01-May-25,SBI OD A/C- 6791,Contra,26,,7350000.00
01-May-25,Miscellaneous,Payment,41,14160.00,
01-May-25,Salary,Payment,42,172000.00,
01-May-25,SALARY PAYABLE,Payment,273,5605672.00,
01-May-25,COL  SUNIL DALAL (PROPRIETOR),Receipt,6,,250000.00
01-May-25,SALARY PAYABLE,Receipt,153,,14615.00
01-May-25,Vehicle Hire Charges,Journal,33,49000.00,
01-May-25,EX. ENGR  NPD 6,Sales,10,4397931.31,
01-May-25,Dwarka Project  Division 1,Sales,11,2366910.24,
01-May-25,Hort DWK,Sales,12,2870685.12,
01-May-25,QUTAB GOLF COURSE,Sales,13,2224289.98,
01-May-25,Sub Regional Office Esic,Sales,14,814749.04,
01-May-25,Bharat Sanchar Nigam Limited,Sales,15,1271912.66,
01-May-25,DEPARTMENT OF SPACE,Sales,16,385435.94,
01-May-25,Fisheries Animal Husbandry and Dairying,Sales,17,134022.83,
01-May-25,"DEPUTY DIRECTOR, HORT . DIVN 8",Sales,18,2184216.72,
01-May-25,DY.DIRECTOR  HR   DIV  7,Sales,19,2482059.20,
01-May-25,HORT DIV  9,Sales,20,1533015.18,
01-May-25,DY DIRECTOR(HOR) DIV 6,Sales,21,2039757.44,
02-May-25,SBI OD A/C- 6791,Contra,83,,1900000.00
02-May-25,Miscellaneous,Payment,43,5000.00,
02-May-25,Bharat Sanchar Nigam Limited,Credit Note,1,,1271912.66
03-May-25,SARASWATI ENTERPRISES,Payment,47,5458.00,
03-May-25,Electricity Expenses,Payment,48,5050.00,
03-May-25,ROHIT TIWARI,Payment,49,42927.00,
03-May-25,THE RIGHT CHOICE,Payment,50,5873.00,
03-May-25,Miscellaneous,Payment,51,2500.00,
03-May-25,SALARY PAYABLE,Payment,275,1505517.00,
03-May-25,TAX DEDUCTED SOURCES 94C,Payment,526,490.00,
03-May-25,COL  SUNIL DALAL (PROPRIETOR),Receipt,7,,50000.00
04-May-25,AIRTEL POSTPAID BILL,Payment,52,1829.00,
05-May-25,BANK CHARGES,Payment,197,5.90,
05-May-25,CONVEYANCE EXPENSES,Payment,591,10675.00,
06-May-25,Expertsoul Consultancy Services,Payment,53,21830.00,
06-May-25,SAMPURAN FURNITURE,Payment,54,9200.00,
06-May-25,GOVERNMENT MARKETPLACE (GEM),Payment,55,92055.91,
06-May-25,GOVERNMENT MARKETPLACE (GEM),Payment,425,33932.25,
06-May-25,"PAO, DDA",Payment,426,23720.00,
06-May-25,COL  SUNIL DALAL (PROPRIETOR),Receipt,8,,50000.00
06-May-25,COL  SUNIL DALAL (PROPRIETOR),Receipt,9,,100000.00
06-May-25,SAMPURAN FURNITURE,Journal,96,,9200.00
06-May-25,Licenses,Journal,95,18500.00,
06-May-25,Annual Milestone Charges,Journal,28,10000.00,
06-May-25,Annual Maintainance Charge,Journal,98,23600.00,
06-May-25,TRANSACTION CHARGES,Journal,97,79854.34,
07-May-25,Other Expenses,Payment,592,2769.00,
07-May-25,COL  SUNIL DALAL (PROPRIETOR),Receipt,86,,900000.00
07-May-25,Dwarka Project  Division 1,Receipt,87,,379452.00
08-May-25,SBI BANK- 54238,Contra,84,,3153000.00
08-May-25,SBI BANK- 54238,Contra,85,,2248000.00
08-May-25,Salary,Payment,57,10100.00,
08-May-25,SALARY PAYABLE,Payment,58,20000.00,
08-May-25,SALARY PAYABLE,Payment,59,14615.00,
08-May-25,SALARY PAYABLE,Payment,60,15200.00,
08-May-25,PG NCLAT,Payment,235,887270.00,
08-May-25,CONVEYANCE EXPENSES,Payment,593,1144.00,
08-May-25,CONVEYANCE EXPENSES,Payment,594,2148.00,
08-May-25,COL  SUNIL DALAL (PROPRIETOR),Receipt,10,,60000.00
08-May-25,Hort DWK,Receipt,88,,437901.00
08-May-25,Hort DWK,Receipt,89,,437901.00
08-May-25,Hort DWK,Receipt,90,,206489.00
08-May-25,Hort DWK,Receipt,91,,207639.00
08-May-25,Hort DWK,Receipt,92,,102989.00
08-May-25,Hort DWK,Receipt,93,,206489.00
08-May-25,Hort DWK,Receipt,94,,222540.00
08-May-25,"EXECUTIVE ENGR, HCD 10",Receipt,95,,833062.00
08-May-25,Hort DWK,Receipt,96,,2247482.00
09-May-25,Miscellaneous,Payment,62,26116.00,
09-May-25,TECH ARMY ENVIRONMENTA,Payment,63,8483.00,
09-May-25,BANK CHARGES,Payment,198,5.90,
09-May-25,CONVEYANCE EXPENSES,Payment,595,2170.00,
09-May-25,CONVEYANCE EXPENSES,Payment,596,2528.00,
09-May-25,COL  SUNIL DALAL (PROPRIETOR),Receipt,11,,50000.00
09-May-25,Uniform Expense,Journal,99,16110.00,
14-May-25,DIVYA ENTERPRISES,Payment,64,4900.00,
14-May-25,ELEGANT APPARELS,Payment,65,40000.00,
14-May-25,COL  SUNIL DALAL (PROPRIETOR),Receipt,12,,50000.00
14-May-25,Uniform Expense,Journal,26,54220.00,
14-May-25,Uniform Expense,Journal,22,4900.00,
15-May-25,SBI OD A/C- 6791,Contra,86,,2000000.00
15-May-25,Esic Payable,Payment,238,66735.00,
15-May-25,PF PAYABLE,Payment,239,1410302.00,
15-May-25,Common Other Misc. Services,Payment,241,17700.00,
15-May-25,Common Other Misc. Services,Payment,242,3540.00,
15-May-25,CONVEYANCE EXPENSES,Payment,597,620.00,
15-May-25,CONVEYANCE EXPENSES,Payment,598,3552.00,
15-May-25,CONVEYANCE EXPENSES,Payment,599,2660.00,
15-May-25,Sub Regional Office Esic,Receipt,97,,771622.00
15-May-25,RENT DELHI OFFICE,Journal,54,70000.00,
16-May-25,ADVERTISMENT AND PUBLICITY,Payment,66,500.00,
16-May-25,RAJA PROPERTIES & CONSTRUCTION,Payment,67,63000.00,
16-May-25,Other Expenses,Payment,600,7700.00,
16-May-25,COL  SUNIL DALAL (PROPRIETOR),Receipt,13,,70000.00
16-May-25,QUTAB GOLF COURSE,Sales,127,156815.00,
16-May-25,"DEPUTY DIRECTOR, HORT . DIVN 8",Sales,137,225136.00,
16-May-25,EX. ENGR  NPD 6,Sales,143,346409.00,
16-May-25,DY.DIRECTOR  HR   DIV  7,Sales,146,201222.00,
16-May-25,HORT DIV  9,Sales,149,151466.00,
16-May-25,Hort DWK,Sales,152,228273.00,
16-May-25,DY DIRECTOR(HOR) DIV 6,Sales,155,215908.00,
16-May-25,Dwarka Project  Division 1,Sales,161,221852.00,
17-May-25,COL  SUNIL DALAL (PROPRIETOR),Receipt,14,,20000.00
17-May-25,Fisheries Animal Husbandry and Dairying,Receipt,98,,129479.00
19-May-25,CONVEYANCE EXPENSES,Payment,601,9568.00,
19-May-25,GST PAYABLE,Payment,796,619242.00,
20-May-25,Other Expenses,Payment,602,500.00,
20-May-25,DEPARTMENT OF SPACE,Receipt,99,,372371.00
20-May-25,HORT DIV  9,Receipt,100,,1214719.00
20-May-25,HORT DIV  9,Receipt,101,,812374.00
20-May-25,DY.DIRECTOR  HR   DIV  7,Receipt,102,,1966715.00
20-May-25,DY.DIRECTOR  HR   DIV  7,Receipt,103,,381397.00
20-May-25,DY.DIRECTOR  HR   DIV  7,Receipt,104,,173792.00
20-May-25,HORT DIV  9,Receipt,105,,154816.00
20-May-25,Security Deposit,Receipt,106,,495450.00
20-May-25,TRAINING SERVICES,Journal,100,600.00,
21-May-25,SBI BANK- 54238,Contra,87,,6473000.00
21-May-25,ADVERTISMENT AND PUBLICITY,Journal,5,122148.00,
22-May-25,ADONIS CREATIONS  PVT LTD,Payment,68,128256.00,
22-May-25,Haryana Offfice Rent,Payment,69,9000.00,
22-May-25,UP Office Rent,Payment,70,4500.00,
22-May-25,COL  SUNIL DALAL (PROPRIETOR),Receipt,15,,100000.00
22-May-25,Bharat Sanchar Nigam Limited,Sales,22,1245021.84,
23-May-25,STATIONERY FOR OFFICE,Journal,55,3968.00,
26-May-25,ADVERTISMENT AND PUBLICITY,Payment,71,10000.00,
26-May-25,DATA XGEN TECHNOLOGIES PVT LTD,Payment,72,295.00,
26-May-25,COL  SUNIL DALAL (PROPRIETOR),Receipt,16,,25000.00
27-May-25,A.B.S.A. TRADERS PRIVATE LIMITED,Payment,73,5380.00,
27-May-25,SALARY PAYABLE,Payment,401,10.00,
27-May-25,SALARY PAYABLE,Payment,402,10.00,
27-May-25,SALARY PAYABLE,Payment,403,10.00,
27-May-25,SALARY PAYABLE,Payment,404,10.00,
27-May-25,SALARY PAYABLE,Payment,405,10.00,
27-May-25,SALARY PAYABLE,Payment,406,30000.00,
27-May-25,SALARY PAYABLE,Payment,407,55000.00,
27-May-25,SALARY PAYABLE,Payment,408,31800.00,
27-May-25,SALARY PAYABLE,Payment,409,65000.00,
27-May-25,SALARY PAYABLE,Payment,410,20000.00,
27-May-25,SALARY PAYABLE,Payment,411,20000.00,
27-May-25,SALARY PAYABLE,Payment,412,20000.00,
27-May-25,SALARY PAYABLE,Payment,413,23000.00,
27-May-25,Software,Journal,6,250.00,
27-May-25,Office  Equipments,Journal,176,4867.86,
28-May-25,COL  SUNIL DALAL (PROPRIETOR),Payment,244,1953000.00,
28-May-25,MAHANAGAR  TELEPHONE NIGAM LTD,Receipt,107,,1721415.00
28-May-25,ELEGANT APPARELS,Journal,59,,19387.25
29-May-25,Airtel Postpaid Bill (Wifi),Payment,74,5900.00,
29-May-25,Airtel Postpaid Bill (Wifi),Payment,75,6698.87,
29-May-25,MASTER RUBER WORKSS,Payment,76,18043.00,
29-May-25,BANK CHARGES,Payment,199,5.90,
29-May-25,COL  SUNIL DALAL (PROPRIETOR),Payment,245,1065000.00,
29-May-25,COL  SUNIL DALAL (PROPRIETOR),Receipt,17,,20000.00
29-May-25,PG MTNL,Receipt,108,,927046.00
29-May-25,QUTAB GOLF COURSE,Receipt,109,,140400.00
30-May-25,Miscellaneous,Payment,603,3000.00,
31-May-25,BANK CHARGES,Payment,246,70.80,
31-May-25,R.S. ELECTRIC COMPANY,Payment,427,2950.00,
31-May-25,ADVERTISMENT AND PUBLICITY,Payment,82,1654.49,
31-May-25,Diesel and Petrol Charges,Payment,391,28585.12,
31-May-25,Interest,Payment,797,35103.00,
31-May-25,Office  Equipments,Journal,177,2400.00,
31-May-25,Salary,Journal,81,13732083.40,
31-May-25,PF Employer Contribution,Journal,82,743408.00,
31-May-25,ESIC Employers Contribution,Journal,145,58804.24,
31-May-25,OUTPUT CGST@9%,Journal,181,1634725.90,
31-May-25,TDS Credit CGST,Journal,271,86807.00,
31-May-25,Salary,Journal,249,65000.00,
02-Jun-25,CONVEYANCE EXPENSES,Payment,604,4500.00,
02-Jun-25,Office Petty Expenses,Payment,605,274.00,
02-Jun-25,CONVEYANCE EXPENSES,Payment,606,400.00,
02-Jun-25,CONVEYANCE EXPENSES,Payment,607,400.00,
02-Jun-25,Hort DWK,Receipt,110,,206489.00
02-Jun-25,"DEPUTY DIRECTOR, HORT . DIVN 8",Receipt,111,,169324.00
02-Jun-25,"DEPUTY DIRECTOR, HORT . DIVN 8",Receipt,112,,322261.00
02-Jun-25,"DEPUTY DIRECTOR, HORT . DIVN 8",Receipt,113,,1722712.00
02-Jun-25,DY DIRECTOR(HOR) DIV 6,Receipt,114,,1637389.00
02-Jun-25,"DEPUTY DIRECTOR, HORT . DIVN 8",Receipt,115,,187192.00
02-Jun-25,DY DIRECTOR(HOR) DIV 6,Receipt,116,,474255.00
02-Jun-25,Hort DWK,Receipt,117,,423544.00
02-Jun-25,Dwarka Project  Division 1,Receipt,118,,2227505.00
02-Jun-25,TDS Receivable @ 2%,Journal,297,37021.00,
02-Jun-25,Vehicle Hire Charges,Journal,34,49000.00,
02-Jun-25,Licenses,Journal,47,600.00,
03-Jun-25,SALARY PAYABLE,Payment,423,5750224.00,
03-Jun-25,Airtech Private Limited,Payment,414,13917.00,
03-Jun-25,Office Petty Expenses,Payment,608,2118.00,
03-Jun-25,Office Petty Expenses,Payment,609,432.00,
03-Jun-25,Other Expenses,Payment,610,1000.00,
03-Jun-25,OFFICE  MAINTENANCE,Payment,611,2400.00,
03-Jun-25,CONVEYANCE EXPENSES,Payment,612,140.00,
03-Jun-25,COL  SUNIL DALAL (PROPRIETOR),Receipt,119,,1000000.00
03-Jun-25,SALARY PAYABLE,Receipt,412,,11882.00
03-Jun-25,Airtech Private Limited,Receipt,413,,15000.00
04-Jun-25,SBI OD A/C- 6791,Contra,27,,1200000.00
04-Jun-25,BANK CHARGES,Payment,200,4.02,
04-Jun-25,SALARY PAYABLE,Payment,424,1358512.00,
04-Jun-25,CONVEYANCE EXPENSES,Payment,613,8100.00,
04-Jun-25,National Company Law Appellate Tribunal,Sales,23,425658.08,
04-Jun-25,"EXECUTIVE ENGR, HCD 10",Sales,24,1077467.41,
04-Jun-25,QUTAB GOLF COURSE,Sales,25,2298432.97,
04-Jun-25,Sub Regional Office Esic,Sales,26,814749.04,
04-Jun-25,Bharat Sanchar Nigam Limited,Sales,27,1245021.84,
04-Jun-25,DEPARTMENT OF SPACE,Sales,28,398283.74,
04-Jun-25,Fisheries Animal Husbandry and Dairying,Sales,29,138490.26,
04-Jun-25,DY DIRECTOR(HOR) DIV 6,Sales,30,1374619.76,
04-Jun-25,SHAHEED SUKHDEV COLLEGE OF BUSINESS STUDIES,Sales,31,258654.38,
04-Jun-25,SHAHEED SUKHDEV COLLEGE OF BUSINESS STUDIES,Sales,32,103461.75,
05-Jun-25,ROHIT TIWARI,Payment,87,50127.00,
05-Jun-25,AAZAD ALUMINIUM & HARDWARE,Payment,429,2124.00,
05-Jun-25,AIRTEL POSTPAID BILL,Payment,88,1823.10,
05-Jun-25,Pragmatic Educational Society,Payment,89,1416.00,
05-Jun-25,TAX DEDUCTED SOURCES 94C,Payment,527,490.00,
05-Jun-25,CONVEYANCE EXPENSES,Payment,614,920.00,
05-Jun-25,CONVEYANCE EXPENSES,Payment,615,1452.00,
05-Jun-25,Software,Payment,616,3840.00,
05-Jun-25,COL  SUNIL DALAL (PROPRIETOR),Receipt,37,,100000.00
05-Jun-25,COL  SUNIL DALAL (PROPRIETOR),Receipt,38,,200000.00
05-Jun-25,EX. ENGR  NPD 6,Receipt,121,,4138900.00
05-Jun-25,EX. ENGR  NPD 6,Receipt,122,,834050.00
05-Jun-25,Office  Equipments,Journal,106,1800.00,
05-Jun-25,TDS Receivable @ 2%,Journal,305,74571.00,
06-Jun-25,SBI BANK- 54238,Contra,28,,1235471.00
06-Jun-25,Salary,Payment,141,172000.00,
06-Jun-25,COL  SUNIL DALAL (PROPRIETOR),Payment,248,3738000.00,
06-Jun-25,AMAZON.IN,Journal,178,,828.82
06-Jun-25,SUSPESE ACCOUNT,Memorandum,1,449.10,
07-Jun-25,Electricity Expenses,Payment,91,610.00,
07-Jun-25,ELEGANT APPARELS,Payment,92,4134.00,
07-Jun-25,Electricity Expenses,Payment,90,15400.00,
07-Jun-25,THE RIGHT CHOICE,Payment,93,3968.00,
07-Jun-25,AIRTEL POSTPAID BILL,Payment,191,2950.00,
09-Jun-25,COL  SUNIL DALAL (PROPRIETOR),Payment,249,800000.00,
09-Jun-25,AMAZON.IN,Payment,418,529.00,
09-Jun-25,Sub Regional Office Esic,Receipt,123,,788621.00
09-Jun-25,MAHANAGAR  TELEPHONE NIGAM LTD,Receipt,124,,64372.00
09-Jun-25,QUTAB GOLF COURSE,Receipt,125,,140400.00
09-Jun-25,QUTAB GOLF COURSE,Receipt,126,,1715342.00
09-Jun-25,QUTAB GOLF COURSE,Receipt,127,,307963.00
09-Jun-25,Uniform Expense,Journal,125,20000.00,
09-Jun-25,TDS Receivable @ 2%,Journal,288,37700.00,
10-Jun-25,COL  SUNIL DALAL (PROPRIETOR),Payment,250,2230000.00,
10-Jun-25,COL  SUNIL DALAL (PROPRIETOR),Payment,251,680000.00,
10-Jun-25,TAX  DEDUCTED  U/S 94J,Payment,528,2172.00,
10-Jun-25,CONVEYANCE EXPENSES,Payment,617,3247.00,
10-Jun-25,CONVEYANCE EXPENSES,Payment,618,1620.00,
10-Jun-25,COL  SUNIL DALAL (PROPRIETOR),Receipt,39,,50000.00
10-Jun-25,SHAHEED SUKHDEV COLLEGE OF BUSINESS STUDIES,Receipt,414,,655000.00
11-Jun-25,MASTER RUBER WORKSS,Payment,94,14435.00,
11-Jun-25,SALARY PAYABLE,Payment,95,11882.00,
11-Jun-25,CONVEYANCE EXPENSES,Payment,619,2000.00,
11-Jun-25,CONVEYANCE EXPENSES,Payment,620,1780.00,
11-Jun-25,MASTER RUBER WORKSS,Journal,105,,14435.00
11-Jun-25,THE RIGHT CHOICE,Journal,103,,1143.00
11-Jun-25,STATIONERY FOR OFFICE,Journal,104,3080.00,
12-Jun-25,SALARY PAYABLE,Payment,96,11800.00,
12-Jun-25,PRINTING AND STATIONARY,Payment,621,980.00,
12-Jun-25,Water Expense,Payment,622,4200.00,
12-Jun-25,PRINTING AND STATIONARY,Journal,102,1652.54,
12-Jun-25,PROFESSIONAL CHARGES,Journal,46,10000.00,
13-Jun-25,SBI OD A/C- 6791,Contra,29,,200000.00
13-Jun-25,OLIVE HERITAGE FOUNDATION,Payment,97,11800.00,
13-Jun-25,NITIN ASSOCIATES,Payment,270,8500.00,
13-Jun-25,IT SYSTEMS,Payment,98,1950.00,
13-Jun-25,PF PAYABLE,Payment,252,1548768.00,
13-Jun-25,Esic Payable,Payment,253,72796.00,
13-Jun-25,CONVEYANCE EXPENSES,Payment,623,533.00,
13-Jun-25,CONVEYANCE EXPENSES,Payment,624,200.00,
13-Jun-25,CONVEYANCE EXPENSES,Payment,625,368.00,
13-Jun-25,CONVEYANCE EXPENSES,Payment,626,1058.00,
13-Jun-25,CONVEYANCE EXPENSES,Payment,627,1460.00,
13-Jun-25,COL  SUNIL DALAL (PROPRIETOR),Receipt,40,,50000.00
13-Jun-25,COL  SUNIL DALAL (PROPRIETOR),Receipt,41,,40000.00
13-Jun-25,COL  SUNIL DALAL (PROPRIETOR),Receipt,128,,1543000.00
13-Jun-25,PROFESSIONAL CHARGES,Journal,43,8500.00,
14-Jun-25,CONVEYANCE EXPENSES,Payment,628,1736.00,
14-Jun-25,CONVEYANCE EXPENSES,Payment,629,1960.00,
14-Jun-25,QUTAB GOLF COURSE,Sales,129,154684.00,
15-Jun-25,RENT DELHI OFFICE,Journal,70,70000.00,
15-Jun-25,"EXECUTIVE ENGR, HCD 10",Sales,141,92077.00,
15-Jun-25,DY DIRECTOR(HOR) DIV 6,Sales,156,108414.00,
16-Jun-25,RAJA PROPERTIES & CONSTRUCTION,Payment,99,63000.00,
16-Jun-25,Haryana Offfice Rent,Payment,100,9000.00,
16-Jun-25,UP Office Rent,Payment,101,4500.00,
16-Jun-25,Mobile Bill,Payment,102,6691.76,
16-Jun-25,Other Expenses,Payment,811,8000.00,
17-Jun-25,Other Expenses,Payment,630,1845.00,
17-Jun-25,Other Expenses,Payment,812,4000.00,
17-Jun-25,Bharat Sanchar Nigam Limited,Receipt,130,,1220122.00
17-Jun-25,DEPARTMENT OF SPACE,Receipt,131,,384017.00
17-Jun-25,DY DIRECTOR(HOR) DIV 6,Receipt,132,,1118334.00
17-Jun-25,"DEPUTY DIRECTOR, HORT . DIVN 8",Sales,33,1647114.26,
18-Jun-25,AGNI HUNTEX PRIVATE LIMITED,Payment,421,22656.00,
18-Jun-25,GST PAYABLE,Payment,411,3017162.00,
18-Jun-25,COL  SUNIL DALAL (PROPRIETOR),Receipt,42,,50000.00
18-Jun-25,SBI OD A/C- 6791,Receipt,133,,300000.00
18-Jun-25,Security Deposit,Receipt,134,,61932.00
18-Jun-25,Office  Equipments,Journal,76,19200.00,
21-Jun-25,Lawyer's Fees,Payment,104,5000.00,
21-Jun-25,Lawyer's Fees,Payment,105,2500.00,
21-Jun-25,STATIONERY FOR OFFICE,Journal,7,4223.00,
23-Jun-25,Singhla Steel,Payment,428,1000.00,
23-Jun-25,Office  Equipments,Journal,101,847.50,
24-Jun-25,SHAHEED SUKHDEV COLLEGE OF BUSINESS STUDIES,Receipt,135,,249886.00
25-Jun-25,THE RIGHT CHOICE,Payment,106,4223.00,
25-Jun-25,Mobile Bill,Payment,107,2828.46,
25-Jun-25,Mobile Bill,Payment,108,6039.24,
25-Jun-25,Fisheries Animal Husbandry and Dairying,Receipt,136,,133794.00
26-Jun-25,CONVEYANCE EXPENSES,Payment,631,3120.00,
26-Jun-25,CONVEYANCE EXPENSES,Payment,632,3536.00,
26-Jun-25,Water Expense,Payment,633,7780.00,
26-Jun-25,CONVEYANCE EXPENSES,Payment,635,2608.00,
27-Jun-25,BANK CHARGES,Payment,201,5.90,
28-Jun-25,Car Insurance,Payment,192,8490.00,
28-Jun-25,DOMAIN NAME PURCHASE,Payment,778,449.10,
28-Jun-25,Uniform Expense,Journal,107,18465.00,
30-Jun-25,BANK CHARGES,Payment,202,5.90,
30-Jun-25,BANK CHARGES,Payment,256,1817.20,
30-Jun-25,CONVEYANCE EXPENSES,Payment,636,3587.00,
30-Jun-25,CONVEYANCE EXPENSES,Payment,637,3040.00,
30-Jun-25,CONVEYANCE EXPENSES,Payment,638,100.00,
30-Jun-25,CONVEYANCE EXPENSES,Payment,639,320.00,
30-Jun-25,Diesel and Petrol Charges,Payment,392,18365.43,
30-Jun-25,Interest,Payment,798,2705.00,
30-Jun-25,Salary,Journal,83,13625390.32,
30-Jun-25,PF Employer Contribution,Journal,84,755570.00,
30-Jun-25,ESIC Employers Contribution,Journal,146,64405.92,
30-Jun-25,Uniform Expense,Journal,179,54220.00,
30-Jun-25,OUTPUT CGST@9%,Journal,182,651121.90,
30-Jun-25,TDS Credit CGST,Journal,272,132152.00,
30-Jun-25,Salary,Journal,250,65000.00,
01-Jul-25,BANK CHARGES,Payment,203,5.90,
01-Jul-25,CONVEYANCE EXPENSES,Payment,640,660.00,
01-Jul-25,CONVEYANCE EXPENSES,Payment,641,2060.00,
02-Jul-25,SBI OD A/C- 6791,Contra,30,,7500000.00
02-Jul-25,SBI OD A/C- 6791,Contra,31,,300000.00
02-Jul-25,SALARY PAYABLE,Payment,447,5873465.00,
02-Jul-25,"DEPUTY DIRECTOR, HORT . DIVN 8",Receipt,139,,1300131.00
02-Jul-25,SALARY PAYABLE,Receipt,310,,13762.00
02-Jul-25,TDS Receivable @ 2%,Journal,298,27917.00,
03-Jul-25,Electricity Expenses,Payment,471,20020.00,
03-Jul-25,Electricity Expenses,Payment,472,950.00,
03-Jul-25,Salary,Payment,140,172000.00,
03-Jul-25,SALARY PAYABLE,Payment,448,2248232.00,
03-Jul-25,Miscellaneous,Payment,642,2000.00,
03-Jul-25,COL  SUNIL DALAL (PROPRIETOR),Receipt,43,,600000.00
04-Jul-25,REPAIRS AND MAINTENANCE,Payment,643,1050.00,
04-Jul-25,AIRTEL POSTPAID BILL,Payment,779,1811.30,
04-Jul-25,National Company Law Appellate Tribunal,Receipt,140,,411228.00
04-Jul-25,EX. ENGR  NPD 6,Sales,34,4397931.31,
04-Jul-25,DY DIRECTOR(HOR) DIV 6,Sales,35,1330276.54,
04-Jul-25,DY.DIRECTOR  HR   DIV  7,Sales,36,2482059.20,
04-Jul-25,HORT DIV  9,Sales,37,2032911.43,
04-Jul-25,Dwarka Project  Division 1,Sales,38,2366910.24,
04-Jul-25,National Company Law Appellate Tribunal,Sales,39,751161.29,
04-Jul-25,QUTAB GOLF COURSE,Sales,40,2224289.98,
04-Jul-25,Sub Regional Office Esic,Sales,41,814749.04,
04-Jul-25,Bharat Sanchar Nigam Limited,Sales,42,1245021.84,
04-Jul-25,DEPARTMENT OF SPACE,Sales,43,385435.88,
04-Jul-25,Fisheries Animal Husbandry and Dairying,Sales,44,134022.83,
04-Jul-25,SHAHEED SUKHDEV COLLEGE OF BUSINESS STUDIES,Sales,45,484976.96,
04-Jul-25,SHAHEED SUKHDEV COLLEGE OF BUSINESS STUDIES,Sales,46,193990.79,
04-Jul-25,Hort DWK,Sales,47,2870685.12,
04-Jul-25,Ex Engineer NPD 8,Sales,48,652972.88,
04-Jul-25,Bharat Sanchar Nigam Limited,Sales,52,80626.23,
05-Jul-25,R.S. ELECTRIC COMPANY,Payment,433,7198.00,
05-Jul-25,SALARY PAYABLE,Payment,449,1485320.00,
05-Jul-25,TAX DEDUCTED SOURCES 94C,Payment,529,490.00,
05-Jul-25,CONVEYANCE EXPENSES,Payment,644,2720.00,
05-Jul-25,CONVEYANCE EXPENSES,Payment,645,3010.00,
05-Jul-25,CONVEYANCE EXPENSES,Payment,646,600.00,
05-Jul-25,Office  Equipments,Payment,647,250.00,
05-Jul-25,SALARY PAYABLE,Receipt,311,,3500.00
05-Jul-25,Office  Equipments,Journal,119,6000.00,
05-Jul-25,STATIONERY FOR OFFICE,Journal,117,2321.00,
05-Jul-25,STATIONERY FOR OFFICE,Journal,118,2475.00,
05-Jul-25,Vehicle Hire Charges,Journal,120,49000.00,
07-Jul-25,ROHIT TIWARI,Payment,110,38700.00,
07-Jul-25,ELEGANT APPARELS,Payment,111,19230.00,
07-Jul-25,CONVEYANCE EXPENSES,Payment,648,3375.00,
07-Jul-25,Miscellaneous,Payment,649,1770.00,
07-Jul-25,Miscellaneous,Payment,650,7100.00,
07-Jul-25,CONVEYANCE EXPENSES,Payment,651,5700.00,
07-Jul-25,Miscellaneous,Payment,652,6384.00,
07-Jul-25,Uniform Expense,Journal,60,17170.00,
08-Jul-25,HDFC BANK - 95177,Contra,6,,350000.00
08-Jul-25,Other Expenses,Payment,653,1000.00,
08-Jul-25,CONVEYANCE EXPENSES,Payment,654,140.00,
08-Jul-25,CONVEYANCE EXPENSES,Payment,655,200.00,
08-Jul-25,CONVEYANCE EXPENSES,Payment,656,700.00,
08-Jul-25,COL  SUNIL DALAL (PROPRIETOR),Receipt,48,,100000.00
09-Jul-25,Water Expense,Payment,657,3900.00,
10-Jul-25,CONVEYANCE EXPENSES,Payment,658,1400.00,
10-Jul-25,CONVEYANCE EXPENSES,Payment,659,1960.00,
10-Jul-25,Sub Regional Office Esic,Receipt,141,,788621.00
11-Jul-25,ADVERTISMENT AND PUBLICITY,Payment,113,10000.00,
11-Jul-25,IT SYSTEMS,Journal,116,,5500.00
14-Jul-25,PROFESSIONAL CHARGES,Journal,78,130000.00,
15-Jul-25,SBI OD A/C- 6791,Contra,32,,1200000.00
15-Jul-25,MASTER RUBER WORKSS,Payment,114,25862.00,
15-Jul-25,Bawa Canvas Sore,Payment,432,7403.00,
15-Jul-25,THE RIGHT CHOICE,Payment,115,4796.00,
15-Jul-25,PF PAYABLE,Payment,257,1574104.00,
15-Jul-25,Esic Payable,Payment,258,79217.00,
15-Jul-25,ESSAR ASSOCIATES,Payment,431,2688.00,
15-Jul-25,Office  Equipments,Payment,660,2148.00,
15-Jul-25,CONVEYANCE EXPENSES,Payment,661,300.00,
15-Jul-25,Office  Equipments,Journal,114,2400.00,
15-Jul-25,Office  Equipments,Journal,115,7050.00,
15-Jul-25,RENT DELHI OFFICE,Journal,71,70000.00,
15-Jul-25,Uniform Expense,Journal,113,23091.00,
15-Jul-25,QUTAB GOLF COURSE,Sales,131,158089.00,
15-Jul-25,EX. ENGR  NPD 6,Sales,144,348340.00,
15-Jul-25,DY.DIRECTOR  HR   DIV  7,Sales,147,206977.00,
15-Jul-25,HORT DIV  9,Sales,150,148804.00,
15-Jul-25,Hort DWK,Sales,153,235801.00,
15-Jul-25,DY DIRECTOR(HOR) DIV 6,Sales,157,107383.00,
15-Jul-25,Dwarka Project  Division 1,Sales,162,230053.00,
16-Jul-25,SBI BANK- 54238,Contra,33,,3300000.00
16-Jul-25,Common Other Misc. Services,Payment,260,16200.00,
16-Jul-25,DEPARTMENT OF SPACE,Receipt,143,,372372.00
16-Jul-25,QUTAB GOLF COURSE,Receipt,144,,340959.00
16-Jul-25,QUTAB GOLF COURSE,Receipt,145,,1772521.00
16-Jul-25,QUTAB GOLF COURSE,Receipt,146,,140400.00
16-Jul-25,QUTAB GOLF COURSE,Receipt,147,,339298.00
16-Jul-25,TDS Receivable @ 2%,Journal,287,38957.00,
17-Jul-25,GST PAYABLE,Payment,412,1025684.00,
17-Jul-25,COL  SUNIL DALAL (PROPRIETOR),Receipt,49,,120000.00
17-Jul-25,SHAHEED SUKHDEV COLLEGE OF BUSINESS STUDIES,Receipt,148,,468537.00
17-Jul-25,EX. ENGR  NPD 6,Sales,49,1405872.06,
17-Jul-25,"DEPUTY DIRECTOR, HORT . DIVN 8",Sales,50,1074204.96,
17-Jul-25,"DEPUTY DIRECTOR, HORT . DIVN 8",Sales,138,227453.00,
18-Jul-25,RAJA PROPERTIES & CONSTRUCTION,Payment,116,63000.00,
18-Jul-25,IT SYSTEMS,Payment,117,5500.00,
18-Jul-25,SALARY PAYABLE,Payment,118,5410.00,
18-Jul-25,DY.DIRECTOR  HR   DIV  7,Receipt,149,,1966717.00
18-Jul-25,"Dy. Director, Hort 5",Receipt,150,,40194.00
18-Jul-25,DY DIRECTOR(HOR) DIV 6,Receipt,151,,1082259.00
19-Jul-25,SBI BANK- 54238,Contra,34,,2550000.00
19-Jul-25,SALARY PAYABLE,Payment,119,3500.00,
21-Jul-25,Sunshine Engineers,Payment,120,75000.00,
21-Jul-25,Haryana Offfice Rent,Payment,121,9000.00,
21-Jul-25,UP Office Rent,Payment,122,4500.00,
21-Jul-25,IT SYSTEMS,Payment,123,10500.00,
21-Jul-25,COL  SUNIL DALAL (PROPRIETOR),Receipt,50,,75000.00
21-Jul-25,TRAINING SERVICES,Journal,111,3600.00,
21-Jul-25,PRINTING AND STATIONARY,Journal,112,8898.36,
21-Jul-25,Dwarka Project  Division 1,Sales,53,297440.00,
22-Jul-25,SBI BANK- 54238,Contra,35,,1215000.00
22-Jul-25,R.S. ELECTRIC COMPANY,Payment,430,3658.00,
22-Jul-25,Bharat Sanchar Nigam Limited,Receipt,158,,1220122.00
22-Jul-25,Office  Equipments,Journal,110,3000.00,
23-Jul-25,Chintpurni Overseas Private Limited,Sales,51,51233.14,
25-Jul-25,Pragmatic Educational Society,Payment,128,4248.00,
25-Jul-25,Karnataka BHAWAN,Payment,133,238728.00,
25-Jul-25,COL  SUNIL DALAL (PROPRIETOR),Receipt,51,,300000.00
25-Jul-25,FDR Interest,Receipt,159,,14096.00
25-Jul-25,SHAHEED SUKHDEV COLLEGE OF BUSINESS STUDIES,Receipt,160,,187415.00
25-Jul-25,STATIONERY FOR OFFICE,Journal,108,2625.00,
25-Jul-25,STATIONERY FOR OFFICE,Journal,109,1328.00,
26-Jul-25,Airtel Postpaid Bill (Wifi),Payment,134,6691.60,
28-Jul-25,SBI BANK- 54238,Contra,36,,1060000.00
28-Jul-25,BANK CHARGES,Payment,204,5.90,
28-Jul-25,National Company Law Appellate Tribunal,Receipt,161,,725697.00
28-Jul-25,Fisheries Animal Husbandry and Dairying,Receipt,162,,129479.00
29-Jul-25,SBI BANK- 54238,Contra,37,,1378000.00
29-Jul-25,Mobile Bill,Payment,135,6042.52,
29-Jul-25,Airtel Postpaid Bill (Wifi),Payment,136,118.00,
29-Jul-25,BANK CHARGES,Payment,205,5.90,
29-Jul-25,COL  SUNIL DALAL (PROPRIETOR),Payment,285,2858000.00,
29-Jul-25,EX. ENGR  NPD 6,Receipt,163,,4232627.00
30-Jul-25,BANK CHARGES,Payment,206,5.90,
30-Jul-25,Software,Journal,48,4500.00,
30-Jul-25,OUTPUT CGST@9%,Journal,277,1607830.00,
31-Jul-25,AIRTEL POSTPAID BILL,Payment,137,1811.30,
31-Jul-25,ANU INTERNATIONAL,Payment,85,5310.00,
31-Jul-25,BANK CHARGES,Payment,207,5.90,
31-Jul-25,BANK CHARGES,Payment,286,266.68,
31-Jul-25,Diesel and Petrol Charges,Payment,393,27049.22,
31-Jul-25,Interest,Payment,799,43230.00,
31-Jul-25,Salary,Journal,85,13779188.08,
31-Jul-25,PF Employer Contribution,Journal,86,753774.00,
31-Jul-25,ESIC Employers Contribution,Journal,147,65128.40,
31-Jul-25,Salary,Journal,251,65000.00,
31-Jul-25,Hort DWK,Credit Note,2,,2870685.12
01-Aug-25,Ex Engineer NPD 8,Receipt,164,,743809.00
01-Aug-25,STATIONERY FOR OFFICE,Journal,121,2428.00,
01-Aug-25,STATIONERY FOR OFFICE,Journal,122,793.00,
02-Aug-25,TRAVELLING EXPENSES,Payment,211,13010.91,
02-Aug-25,Other Expenses,Payment,213,350.00,
02-Aug-25,Other Expenses,Payment,780,2652.65,
02-Aug-25,Water Expense,Payment,662,3890.00,
02-Aug-25,CONVEYANCE EXPENSES,Payment,663,2270.00,
02-Aug-25,Other Expenses,Payment,782,2602.20,
02-Aug-25,SHAHEED SUKHDEV COLLEGE OF BUSINESS STUDIES,Receipt,165,,99954.00
02-Aug-25,MAHANAGAR  TELEPHONE NIGAM LTD,Receipt,166,,32280.00
02-Aug-25,Vehicle Hire Charges,Journal,36,49000.00,
03-Aug-25,COL  SUNIL DALAL (PROPRIETOR),Payment,287,876000.00,
04-Aug-25,SBI OD A/C- 6791,Contra,38,,8200000.00
04-Aug-25,NITIN ASSOCIATES,Payment,138,47500.00,
04-Aug-25,ROHIT TIWARI,Payment,139,40595.00,
04-Aug-25,SALARY PAYABLE,Payment,288,5845862.00,
04-Aug-25,COL  SUNIL DALAL (PROPRIETOR),Receipt,53,,250000.00
04-Aug-25,PROFESSIONAL CHARGES,Journal,44,47500.00,
04-Aug-25,National Company Law Appellate Tribunal,Sales,54,776200.02,
04-Aug-25,QUTAB GOLF COURSE,Sales,55,2298432.97,
04-Aug-25,Sub Regional Office Esic,Sales,56,814748.99,
04-Aug-25,Bharat Sanchar Nigam Limited,Sales,57,1122960.87,
04-Aug-25,DEPARTMENT OF SPACE,Sales,58,394741.81,
04-Aug-25,Fisheries Animal Husbandry and Dairying,Sales,59,138490.26,
04-Aug-25,SHAHEED SUKHDEV COLLEGE OF BUSINESS STUDIES,Sales,60,501142.86,
04-Aug-25,SHAHEED SUKHDEV COLLEGE OF BUSINESS STUDIES,Sales,61,200457.13,
04-Aug-25,Bharat Sanchar Nigam Limited,Sales,63,24240.57,
04-Aug-25,Hort DWK,Sales,64,2870685.12,
05-Aug-25,SBI OD A/C- 6791,Contra,39,,1500000.00
05-Aug-25,SBI BANK- 54238,Contra,40,,5350000.00
05-Aug-25,SALARY PAYABLE,Payment,290,1372544.00,
05-Aug-25,Security Deposit,Receipt,169,,265839.00
05-Aug-25,HORT DIV  9,Receipt,170,,1628994.00
05-Aug-25,"DEPUTY DIRECTOR, HORT . DIVN 8",Receipt,171,,207776.00
05-Aug-25,"DEPUTY DIRECTOR, HORT . DIVN 8",Receipt,172,,851169.00
05-Aug-25,"EXECUTIVE ENGR, HCD 10",Receipt,173,,2487703.00
05-Aug-25,HORT DIV  9,Receipt,174,,151467.00
05-Aug-25,TDS Receivable @ 2%,Journal,299,18207.00,
06-Aug-25,SBI BANK- 54238,Contra,41,,1700000.00
06-Aug-25,Miscellaneous,Payment,149,100.00,
06-Aug-25,Miscellaneous,Payment,150,16900.00,
06-Aug-25,Salary,Payment,142,172000.00,
06-Aug-25,Electricity Expenses,Payment,146,31320.00,
06-Aug-25,Electricity Expenses,Payment,147,1030.00,
06-Aug-25,THE RIGHT CHOICE,Payment,148,7174.00,
06-Aug-25,TAX DEDUCTED SOURCES 94C,Payment,530,387.00,
06-Aug-25,COL  SUNIL DALAL (PROPRIETOR),Receipt,54,,100000.00
06-Aug-25,QUTAB GOLF COURSE,Receipt,175,,1715342.00
06-Aug-25,TDS Receivable @ 2%,Journal,296,37700.00,
07-Aug-25,BANK CHARGES,Payment,208,5.90,
07-Aug-25,Raitel Corporation of India Limited,Payment,434,2950.00,
07-Aug-25,TRAVELLING EXPENSES,Payment,212,9238.54,
07-Aug-25,Miscellaneous,Receipt,423,,1290.36
07-Aug-25,Miscellaneous,Receipt,424,,2490.00
07-Aug-25,Software,Journal,123,2500.00,
08-Aug-25,BANK CHARGES,Payment,209,5.90,
09-Aug-25,CONVEYANCE EXPENSES,Payment,664,3507.00,
09-Aug-25,Water Expense,Payment,665,3640.00,
09-Aug-25,CONVEYANCE EXPENSES,Payment,666,10152.00,
11-Aug-25,Hort DWK,Sales,65,1929477.00,
12-Aug-25,CONVEYANCE EXPENSES,Payment,667,696.00,
12-Aug-25,CONVEYANCE EXPENSES,Payment,668,660.00,
13-Aug-25,ELEGANT APPARELS,Payment,151,30000.00,
13-Aug-25,MASTER RUBER WORKSS,Payment,153,16239.00,
13-Aug-25,IT SYSTEMS,Payment,435,3900.00,
13-Aug-25,NITIN ASSOCIATES,Payment,155,8500.00,
13-Aug-25,CONVEYANCE EXPENSES,Payment,669,2905.00,
13-Aug-25,COL  SUNIL DALAL (PROPRIETOR),Receipt,55,,75000.00
13-Aug-25,Uniform Expense,Journal,53,14499.00,
13-Aug-25,PRINTING AND STATIONARY,Journal,124,3305.08,
13-Aug-25,PROFESSIONAL CHARGES,Journal,45,8500.00,
14-Aug-25,SBI OD A/C- 6791,Contra,42,,1200000.00
14-Aug-25,PF PAYABLE,Payment,295,1570362.00,
14-Aug-25,Esic Payable,Payment,296,85329.00,
14-Aug-25,CONVEYANCE EXPENSES,Payment,670,1736.00,
14-Aug-25,CONVEYANCE EXPENSES,Payment,671,1904.00,
14-Aug-25,CONVEYANCE EXPENSES,Payment,672,3040.00,
14-Aug-25,Office Petty Expenses,Payment,673,5000.00,
14-Aug-25,QUTAB GOLF COURSE,Receipt,176,,350608.00
14-Aug-25,QUTAB GOLF COURSE,Receipt,177,,140400.00
14-Aug-25,QUTAB GOLF COURSE,Sales,132,162045.00,
16-Aug-25,RAJA PROPERTIES & CONSTRUCTION,Payment,156,63000.00,
16-Aug-25,COL  SUNIL DALAL (PROPRIETOR),Receipt,56,,50000.00
16-Aug-25,RENT DELHI OFFICE,Journal,72,70000.00,
16-Aug-25,"EXECUTIVE ENGR, HCD 10",Sales,142,185519.00,
18-Aug-25,SBI OD A/C- 6791,Contra,43,,1700000.00
18-Aug-25,GST PAYABLE,Payment,413,2917098.00,
18-Aug-25,Bharat Sanchar Nigam Limited,Receipt,179,,1195222.00
18-Aug-25,"DEPUTY DIRECTOR, HORT . DIVN 8",Sales,66,1181625.43,
18-Aug-25,"DEPUTY DIRECTOR, HORT . DIVN 8",Sales,67,433366.80,
18-Aug-25,Hort DWK,Sales,68,789339.76,
19-Aug-25,Haryana Offfice Rent,Payment,157,6000.00,
19-Aug-25,UP Office Rent,Payment,158,4500.00,
19-Aug-25,Chintpurni Overseas Private Limited,Receipt,181,,51233.00
20-Aug-25,SBI BANK- 54238,Contra,44,,1230000.00
20-Aug-25,Miscellaneous,Payment,214,4000.00,
20-Aug-25,Common Other Misc. Services,Payment,297,17700.00,
20-Aug-25,Sub Regional Office Esic,Receipt,183,,794034.00
20-Aug-25,DEPARTMENT OF SPACE,Receipt,182,,381361.00
20-Aug-25,Fisheries Animal Husbandry and Dairying,Receipt,184,,133794.00
21-Aug-25,SBI BANK- 54238,Contra,45,,2360000.00
21-Aug-25,Dwarka Project  Division 1,Receipt,185,,2227503.00
21-Aug-25,Vehicle Maintenance Charges,Journal,126,32613.60,
21-Aug-25,Vehicle Maintenance Charges,Journal,127,30250.00,
22-Aug-25,Liftech India Private Limited,Payment,159,35695.00,
22-Aug-25,Liftech India Private Limited,Payment,160,38484.00,
22-Aug-25,COL  SUNIL DALAL (PROPRIETOR),Receipt,57,,70000.00
25-Aug-25,ADVERTISMENT AND PUBLICITY,Payment,161,10000.00,
25-Aug-25,STATIONERY FOR OFFICE,Journal,128,2576.00,
25-Aug-25,Uniform Expense,Journal,61,37905.00,
25-Aug-25,Ex Engineer NPD 8,Credit Note,3,,652972.88
25-Aug-25,Apartment of Owners Welfare,Sales,69,29500.00,
25-Aug-25,Ex Engineer NPD 8,Sales,70,646651.31,
25-Aug-25,Ex Engineer NPD 8,Sales,160,64287.00,
26-Aug-25,SBI OD A/C- 6791,Contra,46,,1400000.00
26-Aug-25,SBI BANK- 54238,Contra,47,,1150000.00
26-Aug-25,ELEGANT APPARELS,Payment,162,28820.00,
26-Aug-25,Miscellaneous,Payment,215,400.00,
26-Aug-25,SALARY PAYABLE,Payment,330,1060000.00,
26-Aug-25,CONVEYANCE EXPENSES,Payment,674,1220.00,
26-Aug-25,CONVEYANCE EXPENSES,Payment,675,2398.00,
26-Aug-25,Office Petty Expenses,Payment,676,50.00,
26-Aug-25,COL  SUNIL DALAL (PROPRIETOR),Receipt,58,,30000.00
26-Aug-25,DY.DIRECTOR  HR   DIV  7,Receipt,193,,378619.00
26-Aug-25,DY DIRECTOR(HOR) DIV 6,Receipt,194,,196725.00
26-Aug-25,DY.DIRECTOR  HR   DIV  7,Receipt,195,,270540.00
26-Aug-25,Salary,Receipt,415,,20000.00
27-Aug-25,SBI BANK- 54238,Contra,48,,1340000.00
27-Aug-25,BANK CHARGES,Payment,333,118.00,
27-Aug-25,EX. ENGR  NPD 6,Receipt,196,,1143761.00
27-Aug-25,Security Deposit,Receipt,416,,200000.00
28-Aug-25,GST PAYABLE,Payment,769,21332.00,
28-Aug-25,SBI OD A/C- 6791,Receipt,197,,30000.00
28-Aug-25,STATIONERY FOR OFFICE,Journal,130,789.00,
28-Aug-25,STATIONERY FOR OFFICE,Journal,129,2697.00,
29-Aug-25,SBI BANK- 54238,Contra,49,,760000.00
29-Aug-25,Miscellaneous,Payment,677,1618.00,
29-Aug-25,National Company Law Appellate Tribunal,Receipt,198,,749888.00
30-Aug-25,Airtel Postpaid Bill (Wifi),Payment,163,6042.61,
30-Aug-25,Airtel Postpaid Bill (Wifi),Payment,164,6691.57,
30-Aug-25,BANK CHARGES,Payment,210,5.90,
30-Aug-25,COL  SUNIL DALAL (PROPRIETOR),Receipt,60,,20000.00
30-Aug-25,Chintpurni Overseas Private Limited,Sales,71,62211.68,
31-Aug-25,Miscellaneous,Payment,216,1215.00,
31-Aug-25,BANK CHARGES,Payment,336,1870.30,
31-Aug-25,Diesel and Petrol Charges,Payment,394,25453.35,
31-Aug-25,Interest,Payment,800,21177.00,
31-Aug-25,Salary,Journal,87,12831422.00,
31-Aug-25,PF Employer Contribution,Journal,88,672425.00,
31-Aug-25,ESIC Employers Contribution,Journal,148,58216.82,
31-Aug-25,OUTPUT CGST@9%,Journal,183,946838.00,
31-Aug-25,TDS Credit CGST,Journal,273,125716.00,
31-Aug-25,Salary,Journal,252,65000.00,
01-Sep-25,CONVEYANCE EXPENSES,Payment,678,3488.00,
01-Sep-25,CONVEYANCE EXPENSES,Payment,679,9700.00,
01-Sep-25,Vehicle Hire Charges,Journal,37,49000.00,
01-Sep-25,EX. ENGR  NPD 6,Sales,72,4470028.54,
01-Sep-25,DY DIRECTOR(HOR) DIV 6,Sales,73,2749238.34,
01-Sep-25,DY DIRECTOR(HOR) DIV 6,Sales,74,574381.52,
01-Sep-25,DY.DIRECTOR  HR   DIV  7,Sales,75,2522749.14,
01-Sep-25,DY.DIRECTOR  HR   DIV  7,Sales,76,685513.92,
01-Sep-25,HORT DIV  9,Sales,77,2066237.83,
01-Sep-25,HORT DIV  9,Sales,78,452235.00,
01-Sep-25,EX. ENGR  NPD 6,Sales,145,362978.00,
01-Sep-25,DY.DIRECTOR  HR   DIV  7,Sales,148,212674.00,
02-Sep-25,SBI BANK- 54238,Contra,50,,204000.00
02-Sep-25,COL  SUNIL DALAL (PROPRIETOR),Payment,337,1000000.00,
02-Sep-25,Miscellaneous,Payment,680,7000.00,
02-Sep-25,"DEPUTY DIRECTOR, HORT . DIVN 8",Receipt,199,,333186.00
02-Sep-25,"DEPUTY DIRECTOR, HORT . DIVN 8",Receipt,200,,208282.00
02-Sep-25,"DEPUTY DIRECTOR, HORT . DIVN 8",Receipt,201,,251254.00
02-Sep-25,Hort DWK,Receipt,202,,437901.00
03-Sep-25,AIRTEL POSTPAID BILL,Payment,165,1829.00,
04-Sep-25,SBI OD A/C- 6791,Contra,51,,7200000.00
04-Sep-25,Salary,Payment,166,172000.00,
04-Sep-25,ROHIT TIWARI,Payment,167,42419.00,
04-Sep-25,SALARY PAYABLE,Payment,339,4985550.00,
04-Sep-25,COL  SUNIL DALAL (PROPRIETOR),Receipt,61,,225000.00
04-Sep-25,SHAHEED SUKHDEV COLLEGE OF BUSINESS STUDIES,Receipt,204,,484155.00
04-Sep-25,MAHANAGAR  TELEPHONE NIGAM LTD,Receipt,205,,819723.00
04-Sep-25,National Company Law Appellate Tribunal,Sales,79,776200.02,
04-Sep-25,QUTAB GOLF COURSE,Sales,80,2298432.97,
04-Sep-25,Sub Regional Office Esic,Sales,81,814748.99,
04-Sep-25,Bharat Sanchar Nigam Limited,Sales,82,1147215.00,
04-Sep-25,Dwarka Project  Division 1,Sales,83,2385839.64,
04-Sep-25,DEPARTMENT OF SPACE,Sales,84,397491.70,
04-Sep-25,Fisheries Animal Husbandry and Dairying,Sales,85,138490.26,
04-Sep-25,SHAHEED SUKHDEV COLLEGE OF BUSINESS STUDIES,Sales,86,501142.86,
04-Sep-25,SHAHEED SUKHDEV COLLEGE OF BUSINESS STUDIES,Sales,87,200457.13,
04-Sep-25,Chintpurni Overseas Private Limited,Sales,88,62211.68,
05-Sep-25,TAX DEDUCTED SOURCES 94C,Payment,531,490.00,
05-Sep-25,CONVEYANCE EXPENSES,Payment,681,1472.00,
05-Sep-25,COL  SUNIL DALAL (PROPRIETOR),Receipt,62,,60000.00
06-Sep-25,SBI OD A/C- 6791,Contra,52,,500000.00
06-Sep-25,BANK CHARGES,Payment,217,5.90,
06-Sep-25,FDR,Payment,569,657887.00,
06-Sep-25,SALARY PAYABLE,Payment,343,891004.00,
06-Sep-25,COL  SUNIL DALAL (PROPRIETOR),Receipt,425,,265000.00
08-Sep-25,THE RIGHT CHOICE,Payment,171,6062.00,
08-Sep-25,Electricity Expenses,Payment,172,15710.00,
08-Sep-25,Electricity Expenses,Payment,173,740.00,
08-Sep-25,Soft Fab India,Payment,237,11100.00,
08-Sep-25,Water Expense,Payment,682,2700.00,
08-Sep-25,TRAINING SERVICES,Payment,683,6000.00,
08-Sep-25,STATIONERY FOR OFFICE,Journal,134,2572.00,
08-Sep-25,PROFESSIONAL CHARGES,Journal,263,8500.00,
09-Sep-25,SBI BANK- 54238,Contra,53,,2260000.00
09-Sep-25,CONVEYANCE EXPENSES,Payment,684,8740.00,
09-Sep-25,Hort DWK,Receipt,207,,2262652.00
10-Sep-25,SHAHEED SUKHDEV COLLEGE OF BUSINESS STUDIES,Receipt,208,,484155.00
11-Sep-25,SBI BANK- 54238,Contra,54,,680000.00
11-Sep-25,Liftech India Private Limited,Payment,174,29074.00,
11-Sep-25,BANK CHARGES,Payment,786,5.90,
11-Sep-25,SHAHEED SUKHDEV COLLEGE OF BUSINESS STUDIES,Receipt,209,,193661.00
11-Sep-25,Vehicle Maintenance Charges,Journal,41,24639.00,
12-Sep-25,Lawyer's Fees,Payment,175,5000.00,
12-Sep-25,Lawyer's Fees,Payment,176,2500.00,
13-Sep-25,SBI OD A/C- 6791,Contra,55,,1500000.00
13-Sep-25,PF PAYABLE,Payment,347,1401235.00,
13-Sep-25,PF PAYABLE,Payment,348,3750.00,
13-Sep-25,PF PAYABLE,Payment,349,7500.00,
13-Sep-25,Esic Payable,Payment,350,75165.00,
15-Sep-25,HDFC BANK - 95177,Contra,4,,200000.00
15-Sep-25,RENT DELHI OFFICE,Journal,73,70000.00,
15-Sep-25,QUTAB GOLF COURSE,Sales,133,147431.00,
15-Sep-25,"DEPUTY DIRECTOR, HORT . DIVN 8",Sales,139,189534.00,
15-Sep-25,HORT DIV  9,Sales,151,151967.00,
15-Sep-25,Hort DWK,Sales,154,169764.00,
15-Sep-25,DY DIRECTOR(HOR) DIV 6,Sales,158,224178.00,
15-Sep-25,Dwarka Project  Division 1,Sales,163,230666.00,
16-Sep-25,SBI BANK- 54238,Contra,56,,1225000.00
16-Sep-25,RAJA PROPERTIES & CONSTRUCTION,Payment,178,63000.00,
16-Sep-25,UP Office Rent,Payment,179,4500.00,
16-Sep-25,Haryana Offfice Rent,Payment,180,6000.00,
16-Sep-25,CONVEYANCE EXPENSES,Payment,685,1560.00,
16-Sep-25,COL  SUNIL DALAL (PROPRIETOR),Receipt,63,,50000.00
16-Sep-25,COL  SUNIL DALAL (PROPRIETOR),Receipt,64,,15000.00
16-Sep-25,Bharat Sanchar Nigam Limited,Receipt,211,,1220122.00
17-Sep-25,SBI BANK- 54238,Contra,57,,455000.00
17-Sep-25,Ex Engineer NPD 8,Receipt,214,,70228.00
17-Sep-25,DEPARTMENT OF SPACE,Receipt,213,,384019.00
18-Sep-25,CONVEYANCE EXPENSES,Payment,686,4643.00,
18-Sep-25,Sub Regional Office Esic,Receipt,215,,792240.00
18-Sep-25,QUTAB GOLF COURSE,Receipt,216,,339298.00
18-Sep-25,SHAHEED SUKHDEV COLLEGE OF BUSINESS STUDIES,Receipt,217,,193662.00
18-Sep-25,Dwarka Project  Division 1,Receipt,218,,221852.00
18-Sep-25,Dwarka Project  Division 1,Receipt,219,,230053.00
18-Sep-25,Fisheries Animal Husbandry and Dairying,Receipt,220,,133794.00
19-Sep-25,SBI BANK- 54238,Contra,58,,4365000.00
19-Sep-25,SBI BANK- 54238,Contra,59,,215000.00
19-Sep-25,GST PAYABLE,Payment,414,1865165.00,
19-Sep-25,EX. ENGR  NPD 6,Receipt,221,,4318502.00
19-Sep-25,COL  SUNIL DALAL (PROPRIETOR),Receipt,222,,215000.00
20-Sep-25,COL  SUNIL DALAL (PROPRIETOR),Payment,356,750000.00,
20-Sep-25,National Company Law Appellate Tribunal,Receipt,224,,749880.00
23-Sep-25,SBI OD A/C- 6791,Contra,60,,50000.00
24-Sep-25,SBI OD A/C- 6791,Contra,61,,200000.00
24-Sep-25,GOVERNMENT MARKETPLACE (GEM),Payment,357,132375.17,
24-Sep-25,Chintpurni Overseas Private Limited,Receipt,226,,62000.00
24-Sep-25,TRANSACTION CHARGES,Journal,29,114116.52,
25-Sep-25,Car Insurance,Payment,218,11949.00,
26-Sep-25,QUTAB GOLF COURSE,Receipt,228,,78000.00
27-Sep-25,Salary,Payment,181,3500.00,
27-Sep-25,BANK CHARGES,Payment,785,5.90,
29-Sep-25,ELEGANT APPARELS,Payment,419,25206.00,
29-Sep-25,Water Expense,Payment,687,7765.00,
29-Sep-25,CONVEYANCE EXPENSES,Payment,688,5248.00,
29-Sep-25,COL  SUNIL DALAL (PROPRIETOR),Receipt,65,,50000.00
29-Sep-25,Uniform Expense,Journal,62,23968.00,
30-Sep-25,Airtel Postpaid Bill (Wifi),Payment,783,6691.57,
30-Sep-25,Airtel Postpaid Bill (Wifi),Payment,784,6042.61,
30-Sep-25,BANK CHARGES,Payment,358,25000.00,
30-Sep-25,Diesel and Petrol Charges,Payment,395,25937.00,
30-Sep-25,Interest,Payment,801,24557.00,
30-Sep-25,Salary,Journal,149,8128443.00,
30-Sep-25,ESIC Employers Contribution,Journal,151,53227.44,
30-Sep-25,PF Employer Contribution,Journal,150,497751.00,
30-Sep-25,OUTPUT CGST@9%,Journal,184,1609263.32,
30-Sep-25,TDS Credit CGST,Journal,274,86444.00,
30-Sep-25,Salary,Journal,253,65000.00,
01-Oct-25,Cash,Contra,2,,19794.00
01-Oct-25,Fees for Cards,Payment,265,12699.00,
01-Oct-25,SALARY PAYABLE,Payment,771,14216.00,
01-Oct-25,CONVEYANCE EXPENSES,Payment,689,3600.00,
01-Oct-25,QUTAB GOLF COURSE,Receipt,229,,987962.00
01-Oct-25,QUTAB GOLF COURSE,Receipt,230,,987962.00
01-Oct-25,DY.DIRECTOR  HR   DIV  7,Receipt,231,,1998958.00
01-Oct-25,DY.DIRECTOR  HR   DIV  7,Receipt,232,,557708.00
01-Oct-25,TDS Receivable @ 2%,Journal,289,21713.00,
01-Oct-25,TDS Receivable @ 2%,Journal,290,21713.00,
02-Oct-25,SBI BANK- 54238,Contra,62,,275000.00
02-Oct-25,COL  SUNIL DALAL (PROPRIETOR),Payment,361,4400000.00,
02-Oct-25,Vehicle Hire Charges,Journal,38,49000.00,
03-Oct-25,SBI OD A/C- 6791,Contra,63,,2000000.00
04-Oct-25,BANK CHARGES,Payment,300,5.90,
04-Oct-25,PG CWC,Payment,362,1901942.00,
04-Oct-25,PG Hort-7,Receipt,260,,674840.00
04-Oct-25,PG Hort-7,Journal,241,53682.00,
05-Oct-25,AIRTEL POSTPAID BILL,Payment,301,1811.30,
05-Oct-25,Miscellaneous,Payment,787,17656.00,
05-Oct-25,Miscellaneous,Payment,790,100.00,
05-Oct-25,COL  SUNIL DALAL (PROPRIETOR),Receipt,187,,50000.00
05-Oct-25,STATIONERY FOR OFFICE,Journal,135,2466.00,
06-Oct-25,BANK CHARGES,Payment,302,5.42,
06-Oct-25,SALARY PAYABLE,Payment,307,20800.00,
06-Oct-25,ROHIT TIWARI,Payment,308,40510.00,
06-Oct-25,TAX DEDUCTED SOURCES 94C,Payment,532,490.00,
06-Oct-25,COL  SUNIL DALAL (PROPRIETOR),Receipt,188,,25000.00
06-Oct-25,COL  SUNIL DALAL (PROPRIETOR),Receipt,189,,75000.00
07-Oct-25,SBI OD A/C- 6791,Contra,64,,5200000.00
07-Oct-25,SBI OD A/C- 6791,Contra,65,,520000.00
07-Oct-25,MASTER RUBER WORKSS,Payment,309,8458.00,
07-Oct-25,SALARY PAYABLE,Payment,373,3728968.00,
07-Oct-25,Uniform Expense,Journal,131,8055.00,
07-Oct-25,Dwarka Project  Division 1,Credit Note,4,,2385839.64
07-Oct-25,MAHANAGAR  TELEPHONE NIGAM LTD,Sales,89,751161.29,
07-Oct-25,QUTAB GOLF COURSE,Sales,90,2224289.98,
07-Oct-25,Sub Regional Office Esic,Sales,91,814748.99,
07-Oct-25,Bharat Sanchar Nigam Limited,Sales,92,1271913.00,
07-Oct-25,DEPARTMENT OF SPACE,Sales,93,385435.87,
07-Oct-25,Fisheries Animal Husbandry and Dairying,Sales,94,134022.83,
07-Oct-25,SHAHEED SUKHDEV COLLEGE OF BUSINESS STUDIES,Sales,95,484976.96,
07-Oct-25,SHAHEED SUKHDEV COLLEGE OF BUSINESS STUDIES,Sales,96,193990.79,
07-Oct-25,Dwarka Project  Division 1,Sales,97,3559830.12,
07-Oct-25,"EXECUTIVE ENGR, HCD 10",Sales,98,1984188.60,
07-Oct-25,"EXECUTIVE ENGR, HCD 10",Sales,99,124034.52,
08-Oct-25,SALARY PAYABLE,Payment,374,819847.00,
09-Oct-25,ELEGANT APPARELS,Payment,311,21968.00,
09-Oct-25,Electricity Expenses,Payment,312,510.00,
09-Oct-25,BANK CHARGES,Payment,313,5.90,
09-Oct-25,CONVEYANCE EXPENSES,Payment,690,6504.00,
09-Oct-25,CONVEYANCE EXPENSES,Payment,691,2700.00,
09-Oct-25,COL  SUNIL DALAL (PROPRIETOR),Receipt,190,,200000.00
09-Oct-25,PRINTING AND STATIONARY,Journal,133,10550.90,
09-Oct-25,Uniform Expense,Journal,132,39960.00,
10-Oct-25,COL  SUNIL DALAL (PROPRIETOR),Receipt,243,,4700000.00
10-Oct-25,STATIONERY FOR OFFICE,Journal,136,1517.00,
10-Oct-25,Dwarka Project  Division 1,Sales,164,116066.00,
11-Oct-25,SBI BANK- 54238,Contra,66,,4700000.00
11-Oct-25,Soft Fab India,Payment,314,10000.00,
11-Oct-25,CONVEYANCE EXPENSES,Payment,692,2737.00,
12-Oct-25,Diesel and Petrol Charges,Payment,005,3900.00,
12-Oct-25,Uniform Expense,Journal,13,20000.00,
13-Oct-25,QUTAB GOLF COURSE,Receipt,251,,78000.00
14-Oct-25,SBI BANK- 54238,Contra,67,,3020000.00
14-Oct-25,COL  SUNIL DALAL (PROPRIETOR),Payment,365,1400000.00,
14-Oct-25,Employees Provident Fund,Payment,770,975406.00,
14-Oct-25,Esic Payable,Payment,376,63997.00,
14-Oct-25,COL  SUNIL DALAL (PROPRIETOR),Receipt,244,,4000000.00
14-Oct-25,SHAHEED SUKHDEV COLLEGE OF BUSINESS STUDIES,Receipt,252,,468537.00
14-Oct-25,EX. ENGR  NPD 6,Receipt,420,,657887.00
14-Oct-25,EX. ENGR  NPD 6,Receipt,419,,282800.00
14-Oct-25,PROFESSIONAL CHARGES,Journal,264,8500.00,
14-Oct-25,QUTAB GOLF COURSE,Sales,134,147978.00,
15-Oct-25,SBI OD A/C- 6791,Contra,68,,100000.00
15-Oct-25,PF PAYABLE,Payment,377,61576.00,
15-Oct-25,Miscellaneous,Payment,693,910.00,
15-Oct-25,RENT DELHI OFFICE,Journal,74,70000.00,
16-Oct-25,BANK CHARGES,Payment,315,5.90,
16-Oct-25,CONVEYANCE EXPENSES,Payment,694,5000.00,
16-Oct-25,Water Expense,Payment,695,4500.00,
16-Oct-25,CONVEYANCE EXPENSES,Payment,696,1526.00,
16-Oct-25,Sub Regional Office Esic,Receipt,253,,790427.00
16-Oct-25,DEPARTMENT OF SPACE,Receipt,254,,372371.00
16-Oct-25,DELHI DEVELOPMENT AUTHORITY,Receipt,418,,360290.00
17-Oct-25,Haryana Offfice Rent,Payment,318,6000.00,
17-Oct-25,THE RIGHT CHOICE,Payment,316,6555.00,
17-Oct-25,IT SYSTEMS,Payment,317,12450.00,
17-Oct-25,UP Office Rent,Payment,319,4500.00,
17-Oct-25,RAJA PROPERTIES & CONSTRUCTION,Payment,320,63000.00,
17-Oct-25,ELEGANT APPARELS,Payment,321,60000.00,
17-Oct-25,COL  SUNIL DALAL (PROPRIETOR),Payment,366,3500000.00,
17-Oct-25,COL  SUNIL DALAL (PROPRIETOR),Payment,367,2251000.00,
17-Oct-25,GST PAYABLE,Payment,401,2783011.00,
17-Oct-25,MAHANAGAR  TELEPHONE NIGAM LTD,Receipt,255,,171568.00
17-Oct-25,HORT DIV  9,Receipt,256,,1681008.00
17-Oct-25,PG Hort-9,Receipt,261,,557413.00
17-Oct-25,MAHANAGAR  TELEPHONE NIGAM LTD,Receipt,262,,2139090.00
17-Oct-25,DY DIRECTOR(HOR) DIV 6,Receipt,263,,2236668.00
17-Oct-25,PG Hort-9,Journal,242,41983.00,
18-Oct-25,Salary,Payment,322,172000.00,
18-Oct-25,COL  SUNIL DALAL (PROPRIETOR),Receipt,191,,200000.00
18-Oct-25,MAHANAGAR  TELEPHONE NIGAM LTD,Receipt,264,,32280.00
18-Oct-25,Diwali Expense,Journal,238,150000.00,
21-Oct-25,Miscellaneous,Payment,788,700.00,
21-Oct-25,Miscellaneous,Payment,789,8350.00,
22-Oct-25,Fisheries Animal Husbandry and Dairying,Receipt,265,,129479.00
22-Oct-25,FDR Interest,Receipt,266,,29500.00
22-Oct-25,Chintpurni Overseas Private Limited,Receipt,267,,62212.00
23-Oct-25,National Company Law Appellate Tribunal,Receipt,268,,725699.00
24-Oct-25,ADVERTISMENT AND PUBLICITY,Journal,18,16200.00,
25-Oct-25,FDR Interest,Receipt,269,,14096.00
27-Oct-25,SBI OD A/C- 6791,Contra,69,,4000000.00
27-Oct-25,MASTER RUBER WORKSS,Payment,323,112770.00,
27-Oct-25,ADONIS CREATIONS  PVT LTD,Payment,324,17010.00,
27-Oct-25,PG HORT-X,Payment,402,4719573.00,
27-Oct-25,Water Expense,Payment,697,6075.00,
27-Oct-25,COL  SUNIL DALAL (PROPRIETOR),Receipt,192,,100000.00
27-Oct-25,PG Hort-6,Receipt,270,,573848.00
27-Oct-25,PG Hort-6,Journal,240,47626.00,
28-Oct-25,Airtel Postpaid Bill (Wifi),Payment,325,8871.07,
28-Oct-25,BANK CHARGES,Payment,326,5.90,
28-Oct-25,Uniform Expense,Journal,137,107400.00,
30-Oct-25,ELEGANT APPARELS,Payment,328,50000.00,
30-Oct-25,COL  SUNIL DALAL (PROPRIETOR),Receipt,250,,100000.00
30-Oct-25,Uniform Expense,Journal,63,92690.00,
31-Oct-25,MASTER RUBER WORKSS,Payment,329,28193.00,
31-Oct-25,Interest,Payment,802,18482.00,
31-Oct-25,Salary,Journal,89,8447950.00,
31-Oct-25,PF Employer Contribution,Journal,90,503851.00,
31-Oct-25,ESIC Employers Contribution,Journal,152,56481.88,
31-Oct-25,Uniform Expense,Journal,138,26850.00,
31-Oct-25,OUTPUT CGST@9%,Journal,185,1207974.52,
31-Oct-25,TDS Credit CGST,Journal,275,135292.00,
31-Oct-25,Salary,Journal,254,65000.00,
01-Nov-25,SBI BANK- 54238,Contra,70,,2525000.00
01-Nov-25,Office Petty Expenses,Payment,006,8431.00,
01-Nov-25,BANK CHARGES,Payment,403,1309.80,
01-Nov-25,"DEPUTY DIRECTOR, HORT . DIVN 8",Receipt,271,,936288.00
01-Nov-25,"DEPUTY DIRECTOR, HORT . DIVN 8",Receipt,272,,163914.00
01-Nov-25,Security Deposit,Receipt,421,,293661.00
01-Nov-25,DY DIRECTOR(HOR) DIV 6,Receipt,273,,311149.00
01-Nov-25,Uniform Expense,Journal,64,90000.00,
01-Nov-25,Uniform Expense,Journal,65,25200.00,
01-Nov-25,TDS Receivable @ 2%,Journal,300,20027.00,
02-Nov-25,ELEGANT APPARELS,Payment,378,107284.00,
02-Nov-25,The Aggarwal Hardware Mill Store,Payment,436,15300.00,
02-Nov-25,COL  SUNIL DALAL (PROPRIETOR),Receipt,257,,160000.00
02-Nov-25,Office  Equipments,Journal,139,12966.00,
03-Nov-25,Vehicle Hire Charges,Journal,14,49000.00,
04-Nov-25,DIVYA ENTERPRISES,Payment,379,2160.00,
04-Nov-25,Light Gallery,Payment,380,27000.00,
04-Nov-25,SALARY PAYABLE,Payment,772,154.13,
04-Nov-25,SALARY PAYABLE,Payment,773,17734.53,
04-Nov-25,Uniform Expense,Journal,23,2160.00,
04-Nov-25,Office  Equipments,Journal,42,22881.00,
06-Nov-25,BANK CHARGES,Payment,381,5.90,
06-Nov-25,SALARY PAYABLE,Payment,382,4000.00,
07-Nov-25,BANK CHARGES,Payment,383,590.00,
07-Nov-25,GST PAYABLE,Payment,404,1154296.00,
07-Nov-25,Security Deposit,Receipt,274,,691657.00
07-Nov-25,QUTAB GOLF COURSE,Receipt,275,,956091.00
07-Nov-25,TDS Receivable @ 2%,Journal,292,21013.00,
08-Nov-25,SHREE SHYAAM TRADING CO.,Payment,385,7222.00,
08-Nov-25,TAX DEDUCTED SOURCES 94C,Payment,533,490.00,
08-Nov-25,COL  SUNIL DALAL (PROPRIETOR),Receipt,234,,50000.00
08-Nov-25,FURNITURE  AND FIXTURES,Journal,77,7222.00,
10-Nov-25,INCOME TAX,Payment,386,592581.00,
10-Nov-25,INCOME TAX,Payment,774,500000.00,
10-Nov-25,COL  SUNIL DALAL (PROPRIETOR),Receipt,235,,600000.00
10-Nov-25,PG Hort-DWK,Receipt,276,,791496.00
10-Nov-25,PROFESSIONAL CHARGES,Journal,11,60000.00,
10-Nov-25,PROFESSIONAL CHARGES,Journal,12,40000.00,
10-Nov-25,PG Hort-DWK,Journal,243,63655.00,
10-Nov-25,STATIONERY FOR OFFICE,Journal,56,9333.00,
11-Nov-25,Cash,Contra,001,,10000.00
11-Nov-25,CONVEYANCE EXPENSES,Payment,001,1736.00,
11-Nov-25,Lawyer's Fees,Payment,387,20000.00,
11-Nov-25,Uniform Expense,Journal,9,56560.00,
11-Nov-25,Uniform Expense,Journal,10,84900.00,
11-Nov-25,PROFESSIONAL CHARGES,Journal,265,8500.00,
12-Nov-25,CONVEYANCE EXPENSES,Payment,002,854.00,
12-Nov-25,PRINTING AND STATIONARY,Payment,003,610.00,
12-Nov-25,Other Expenses,Payment,004,500.00,
12-Nov-25,Liftech India Private Limited,Payment,219,9927.00,
12-Nov-25,Rskrish Technology & Services Pvt. Ltd.,Payment,437,950.00,
12-Nov-25,ICICI Bank Ltd,Payment,264,44073.00,
12-Nov-25,COL  SUNIL DALAL (PROPRIETOR),Receipt,236,,100000.00
12-Nov-25,Vehicle Maintenance Charges,Journal,8,8412.88,
12-Nov-25,Fees for Cards,Journal,141,37350.00,
12-Nov-25,COMPUTER,Journal,140,805.09,
13-Nov-25,SBI OD A/C- 6791,Contra,71,,6000000.00
13-Nov-25,ROHIT TIWARI,Payment,262,37556.64,
13-Nov-25,CONVEYANCE EXPENSES,Payment,007,6500.00,
13-Nov-25,GST PAYABLE,Payment,775,588.00,
13-Nov-25,COL  SUNIL DALAL (PROPRIETOR),Receipt,237,,250000.00
13-Nov-25,STATIONERY FOR OFFICE,Journal,57,7161.00,
13-Nov-25,STATIONERY FOR OFFICE,Journal,58,333.00,
14-Nov-25,ALOK AND CO LLP,Payment,263,108000.00,
14-Nov-25,ELEGANT APPARELS,Payment,280,148433.00,
14-Nov-25,SALARY PAYABLE,Payment,405,76597.00,
14-Nov-25,SALARY PAYABLE,Receipt,277,,453.00
14-Nov-25,Sub Regional Office Esic,Receipt,278,,794034.00
14-Nov-25,Chintpurni Overseas Private Limited,Sales,100,49403.40,
14-Nov-25,National Company Law Appellate Tribunal,Sales,101,776200.02,
14-Nov-25,QUTAB GOLF COURSE,Sales,102,2296002.05,
14-Nov-25,Sub Regional Office Esic,Sales,103,814748.99,
14-Nov-25,Bharat Sanchar Nigam Limited,Sales,104,1271913.00,
14-Nov-25,DEPARTMENT OF SPACE,Sales,105,397492.00,
14-Nov-25,Fisheries Animal Husbandry and Dairying,Sales,106,138490.26,
14-Nov-25,SHAHEED SUKHDEV COLLEGE OF BUSINESS STUDIES,Sales,107,501142.86,
14-Nov-25,SHAHEED SUKHDEV COLLEGE OF BUSINESS STUDIES,Sales,108,200480.73,
14-Nov-25,Central Warehousing Corporation (InterState),Sales,109,230515.81,
14-Nov-25,Central Warehousing Corporation,Sales,110,230515.80,
14-Nov-25,Central Warehousing Corporation (InterState),Sales,111,153677.23,
14-Nov-25,Central Warehousing Corporation (InterState),Sales,112,134522.38,
14-Nov-25,SHAHEED SUKHDEV COLLEGE OF BUSINESS STUDIES,Sales,113,8326.08,
15-Nov-25,SBI OD A/C- 6791,Contra,72,,800000.00
15-Nov-25,SALARY PAYABLE,Payment,406,310084.00,
15-Nov-25,PF PAYABLE,Payment,407,1049690.00,
15-Nov-25,Esic Payable,Payment,408,71952.00,
17-Nov-25,Uniform Expense,Journal,66,17304.00,
17-Nov-25,Uniform Expense,Journal,142,8960.00,
17-Nov-25,RENT DELHI OFFICE,Journal,75,70000.00,
17-Nov-25,QUTAB GOLF COURSE,Sales,135,149072.00,
18-Nov-25,Cash,Contra,3,,10000.00
18-Nov-25,SBI BANK- 54238,Contra,73,,2325000.00
18-Nov-25,Water Expense,Payment,008,2800.00,
18-Nov-25,CONVEYANCE EXPENSES,Payment,009,8680.00,
18-Nov-25,UP Office Rent,Payment,388,4500.00,
18-Nov-25,Haryana Offfice Rent,Payment,389,6000.00,
18-Nov-25,RAJA PROPERTIES & CONSTRUCTION,Payment,390,63000.00,
18-Nov-25,COL  SUNIL DALAL (PROPRIETOR),Receipt,238,,100000.00
18-Nov-25,Hort DWK,Receipt,279,,1528864.00
18-Nov-25,Hort DWK,Receipt,280,,642175.00
19-Nov-25,Ex Engineer NPD 8,Receipt,281,,604620.00
20-Nov-25,SBI OD A/C- 6791,Contra,74,,500000.00
20-Nov-25,GST PAYABLE,Payment,409,960982.00,
21-Nov-25,SBI BANK- 54238,Contra,75,,2771000.00
21-Nov-25,BANK CHARGES,Payment,391,5.90,
21-Nov-25,DY.DIRECTOR  HR   DIV  7,Receipt,282,,351000.00
21-Nov-25,Bharat Sanchar Nigam Limited,Receipt,283,,2277264.00
21-Nov-25,QUTAB GOLF COURSE,Receipt,284,,78000.00
22-Nov-25,Cash,Contra,4,,10000.00
22-Nov-25,CONVEYANCE EXPENSES,Payment,010,2500.00,
22-Nov-25,CONVEYANCE EXPENSES,Payment,011,1690.00,
22-Nov-25,CONVEYANCE EXPENSES,Payment,012,2750.00,
22-Nov-25,ELEGANT APPARELS,Payment,392,28254.40,
22-Nov-25,SALARY PAYABLE,Payment,393,10250.00,
24-Nov-25,ADVERTISMENT AND PUBLICITY,Journal,19,22680.00,
25-Nov-25,Lawyer's Fees,Payment,394,5000.00,
25-Nov-25,COL  SUNIL DALAL (PROPRIETOR),Receipt,239,,100000.00
25-Nov-25,"EXECUTIVE ENGR, HCD 10",Receipt,285,,928735.00
26-Nov-25,Cash,Contra,5,,5000.00
26-Nov-25,SBI BANK- 54238,Contra,76,,1400000.00
26-Nov-25,REPAIRS AND MAINTENANCE,Payment,012,1500.00,
26-Nov-25,RAVLEEN ENTERPRISES,Payment,438,5300.00,
26-Nov-25,CONVEYANCE EXPENSES,Payment,013,1920.00,
26-Nov-25,DEPARTMENT OF SPACE,Receipt,286,,384017.00
26-Nov-25,Vehicle Maintenance Charges,Journal,143,4461.02,
26-Nov-25,STATIONERY FOR OFFICE,Journal,163,2655.00,
27-Nov-25,ADONIS CREATIONS  PVT LTD,Payment,395,23814.00,
27-Nov-25,BANK CHARGES,Payment,396,5.90,
27-Nov-25,Licenses,Payment,397,1340.90,
28-Nov-25,ICICI Bank Ltd,Payment,398,14691.00,
28-Nov-25,Airtel Postpaid Bill (Wifi),Payment,399,13024.47,
28-Nov-25,Airtel Postpaid Bill (Wifi),Payment,400,6160.61,
28-Nov-25,Karnataka BHAWAN,Receipt,240,,238728.00
28-Nov-25,Fees for Cards,Journal,156,12450.00,
29-Nov-25,National Company Law Appellate Tribunal,Receipt,287,,749888.00
29-Nov-25,TRANSACTION CHARGES,Journal,157,283174.35,
30-Nov-25,CONVEYANCE EXPENSES,Payment,014,200.00,
30-Nov-25,Diesel and Petrol Charges,Payment,015,1000.00,
30-Nov-25,Diesel and Petrol Charges,Payment,396,6500.00,
30-Nov-25,REPAIRS AND MAINTENANCE,Payment,017,500.00,
30-Nov-25,BANK CHARGES,Payment,410,280.84,
30-Nov-25,BANK CHARGES,Payment,791,5.90,
30-Nov-25,Interest,Payment,803,28860.00,
30-Nov-25,Salary,Journal,153,13451137.00,
30-Nov-25,ESIC Employers Contribution,Journal,155,48461.00,
30-Nov-25,PF Employer Contribution,Journal,154,806453.00,
30-Nov-25,OUTPUT CGST@9%,Journal,186,412839.05,
30-Nov-25,Salary,Journal,255,65000.00,
30-Nov-25,Uniform Expense,Journal,262,10740.00,
01-Dec-25,Cash,Contra,6,,5000.00
01-Dec-25,CONVEYANCE EXPENSES,Payment,018,485.00,
01-Dec-25,SHAHEED SUKHDEV COLLEGE OF BUSINESS STUDIES,Receipt,288,,187415.00
01-Dec-25,COL  SUNIL DALAL (PROPRIETOR),Receipt,312,,200000.00
01-Dec-25,STATIONERY FOR OFFICE,Journal,169,4158.00,
01-Dec-25,STATIONERY FOR OFFICE,Journal,170,1889.00,
01-Dec-25,TRAINING SERVICES,Journal,158,20000.00,
02-Dec-25,Cash,Contra,7,,6000.00
02-Dec-25,Water Expense,Payment,018,2040.00,
02-Dec-25,PRINTING AND STATIONARY,Payment,019,640.00,
02-Dec-25,Miscellaneous,Payment,021,1100.00,
02-Dec-25,GOVERNMENT MARKETPLACE (GEM),Payment,440,328482.24,
02-Dec-25,BANK CHARGES,Payment,451,4.48,
02-Dec-25,OLIVE HERITAGE FOUNDATION,Payment,452,23600.00,
02-Dec-25,THE RIGHT CHOICE,Payment,455,16827.00,
02-Dec-25,TAX DEDUCTED SOURCES 94C,Payment,534,379.00,
02-Dec-25,EX. ENGR  NPD 6,Receipt,289,,282100.00
03-Dec-25,Cash,Contra,8,,107000.00
03-Dec-25,CONVEYANCE EXPENSES,Payment,022,3190.00,
03-Dec-25,Uniform Expense,Payment,023,9000.00,
03-Dec-25,Other Expenses,Payment,698,1000.00,
03-Dec-25,Stamp Paper,Payment,699,570.00,
03-Dec-25,SHAHEED SUKHDEV COLLEGE OF BUSINESS STUDIES,Receipt,290,,484155.00
04-Dec-25,Uniform Expense,Payment,026,9500.00,
04-Dec-25,Electricity Expenses,Payment,456,22600.00,
05-Dec-25,Cash,Contra,23,,5000.00
05-Dec-25,Uniform Expense,Payment,028,9800.00,
05-Dec-25,Office Petty Expenses,Payment,027,16564.00,
05-Dec-25,SHAHEED SUKHDEV COLLEGE OF BUSINESS STUDIES,Receipt,291,,8042.00
06-Dec-25,Uniform Expense,Payment,029,9500.00,
06-Dec-25,Greatway Infosolutions,Payment,439,1650.00,
06-Dec-25,Stamp Paper,Payment,700,530.00,
06-Dec-25,COMPUTER,Journal,159,1398.31,
08-Dec-25,Uniform Expense,Payment,030,9200.00,
08-Dec-25,QUTAB GOLF COURSE,Receipt,313,,390842.00
09-Dec-25,Uniform Expense,Payment,033,10000.00,
09-Dec-25,Common Other Misc. Services,Payment,441,25000.00,
10-Dec-25,Cash,Contra,7,,5000.00
10-Dec-25,Uniform Expense,Payment,034,9000.00,
10-Dec-25,PRINTING AND STATIONARY,Payment,701,260.00,
11-Dec-25,Uniform Expense,Payment,035,9900.00,
11-Dec-25,Stamp Paper,Payment,702,680.00,
11-Dec-25,COL  SUNIL DALAL (PROPRIETOR),Receipt,292,,4500000.00
12-Dec-25,Cash,Contra,9,,5000.00
12-Dec-25,SBI OD A/C- 6791,Contra,77,,4000000.00
12-Dec-25,Uniform Expense,Payment,036,9900.00,
12-Dec-25,CONVEYANCE EXPENSES,Payment,041,740.00,
12-Dec-25,SALARY PAYABLE,Payment,442,1795091.00,
12-Dec-25,CONVEYANCE EXPENSES,Payment,703,120.00,
12-Dec-25,REPAIRS AND MAINTENANCE,Payment,024,1000.00,
12-Dec-25,SALARY PAYABLE,Receipt,294,,13867.00
12-Dec-25,Bharat Sanchar Nigam Limited,Receipt,295,,1245082.60
12-Dec-25,PROFESSIONAL CHARGES,Journal,266,8500.00,
12-Dec-25,QUTAB GOLF COURSE,Sales,114,2221859.06,
12-Dec-25,EX. ENGR  NPD 6,Sales,115,4522216.61,
12-Dec-25,National Company Law Appellate Tribunal,Sales,116,751161.29,
12-Dec-25,Sub Regional Office Esic,Sales,117,814748.99,
12-Dec-25,Bharat Sanchar Nigam Limited,Sales,118,1271912.66,
12-Dec-25,DEPARTMENT OF SPACE,Sales,119,385436.00,
12-Dec-25,Fisheries Animal Husbandry and Dairying,Sales,120,134022.83,
12-Dec-25,SHAHEED SUKHDEV COLLEGE OF BUSINESS STUDIES,Sales,121,484976.96,
12-Dec-25,SHAHEED SUKHDEV COLLEGE OF BUSINESS STUDIES,Sales,122,193990.79,
12-Dec-25,Central Warehousing Corporation (InterState),Sales,123,230515.81,
12-Dec-25,Central Warehousing Corporation,Sales,124,230515.80,
12-Dec-25,Central Warehousing Corporation (InterState),Sales,125,153677.21,
12-Dec-25,Central Warehousing Corporation (InterState),Sales,126,134522.38,
13-Dec-25,SBI OD A/C- 6791,Contra,78,,1000000.00
13-Dec-25,Uniform Expense,Payment,037,9900.00,
13-Dec-25,SALARY PAYABLE,Payment,443,784354.00,
13-Dec-25,Miscellaneous,Payment,457,5725.38,
13-Dec-25,SALARY PAYABLE,Receipt,299,,6500.00
14-Dec-25,Uniform Expense,Payment,039,9900.00,
14-Dec-25,Uniform Expense,Payment,040,1400.00,
15-Dec-25,SBI OD A/C- 6791,Contra,79,,1400000.00
15-Dec-25,SBI OD A/C- 6791,Contra,80,,100000.00
15-Dec-25,Interest,Payment,444,30000.00,
15-Dec-25,PF PAYABLE,Payment,445,1673321.00,
15-Dec-25,Esic Payable,Payment,446,753.00,
15-Dec-25,SALARY PAYABLE,Payment,458,6500.00,
15-Dec-25,Interest,Receipt,428,,30000.00
15-Dec-25,FURNITURE  AND FIXTURES,Journal,161,5500.00,
15-Dec-25,RENT DELHI OFFICE,Journal,166,70000.00,
16-Dec-25,AIRTEL POSTPAID BILL,Payment,459,1811.30,
16-Dec-25,Stamp Paper,Payment,704,500.00,
16-Dec-25,Fisheries Animal Husbandry and Dairying,Receipt,297,,133794.00
16-Dec-25,Vehicle Hire Charges,Journal,162,35500.00,
17-Dec-25,RAJA PROPERTIES & CONSTRUCTION,Payment,460,63000.00,
17-Dec-25,Sunshine Engineers,Payment,461,20000.00,
17-Dec-25,UP Office Rent,Payment,462,4500.00,
17-Dec-25,Haryana Offfice Rent,Payment,463,6000.00,
17-Dec-25,QUTAB GOLF COURSE,Sales,136,149035.00,
18-Dec-25,Cash,Contra,10,,5000.00
18-Dec-25,ROHIT TIWARI,Payment,465,35145.00,
18-Dec-25,Sunshine Engineers,Payment,466,58400.00,
18-Dec-25,SALARY PAYABLE,Payment,467,13000.00,
19-Dec-25,SBI OD A/C- 6791,Contra,81,,500000.00
19-Dec-25,Office Petty Expenses,Payment,42,5000.00,
19-Dec-25,CONVEYANCE EXPENSES,Payment,043,720.00,
19-Dec-25,SALARY PAYABLE,Payment,468,7525.00,
19-Dec-25,GST PAYABLE,Payment,487,683752.00,
19-Dec-25,Office Petty Expenses,Payment,705,160.00,
19-Dec-25,PRINTING AND STATIONARY,Payment,706,100.00,
19-Dec-25,Other Expenses,Payment,707,2270.00,
20-Dec-25,Cash,Contra,11,,5000.00
20-Dec-25,CONVEYANCE EXPENSES,Payment,044,2250.00,
20-Dec-25,CONVEYANCE EXPENSES,Payment,045,1400.00,
20-Dec-25,SALARY PAYABLE,Payment,469,4000.00,
20-Dec-25,NEW ERA STEEL COMPANY,Payment,470,6690.00,
20-Dec-25,THE RIGHT CHOICE,Payment,473,2655.00,
20-Dec-25,QUTAB GOLF COURSE,Receipt,303,,78000.00
22-Dec-25,SALARY PAYABLE,Payment,474,7353.00,
22-Dec-25,Liftech India Private Limited,Payment,475,12713.00,
22-Dec-25,NITIN ASSOCIATES,Payment,478,7650.00,
22-Dec-25,Other Expenses,Payment,708,30.00,
22-Dec-25,Stamp Paper,Payment,709,1060.00,
22-Dec-25,Hort DWK,Receipt,304,,405565.00
22-Dec-25,QUTAB GOLF COURSE,Receipt,305,,885603.00
22-Dec-25,Vehicle Maintenance Charges,Journal,164,11621.19,
22-Dec-25,GST Receivable @ 2%,Journal,291,19464.00,
23-Dec-25,Cash,Contra,12,,7000.00
23-Dec-25,REPAIRS AND MAINTENANCE,Payment,046,5050.00,
23-Dec-25,CONVEYANCE EXPENSES,Payment,47,1620.00,
23-Dec-25,NITIN ASSOCIATES,Payment,477,15300.00,
23-Dec-25,NITIN ASSOCIATES,Payment,479,7650.00,
23-Dec-25,National Company Law Appellate Tribunal,Receipt,308,,725697.00
23-Dec-25,SHAHEED SUKHDEV COLLEGE OF BUSINESS STUDIES,Receipt,309,,193661.00
23-Dec-25,COL  SUNIL DALAL (PROPRIETOR),Receipt,315,,100000.00
24-Dec-25,Cash,Contra,24,,6190.00
24-Dec-25,Sunshine Engineers,Payment,480,50000.00,
24-Dec-25,SALARY PAYABLE,Payment,481,8200.00,
24-Dec-25,Stamp Paper,Payment,710,1550.00,
24-Dec-25,Licenses,Journal,167,155000.00,
26-Dec-25,SBI BANK- 54238,Contra,82,,3200000.00
26-Dec-25,Electricity Expenses,Payment,482,3320.00,
26-Dec-25,PG Hort-8 New,Receipt,306,,554713.00
26-Dec-25,Fisheries Animal Husbandry and Dairying,Receipt,307,,129479.00
26-Dec-25,QUTAB GOLF COURSE,Receipt,314,,189117.00
26-Dec-25,COMPUTER,Journal,168,39830.51,
27-Dec-25,Cash,Contra,13,,27000.00
27-Dec-25,CONVEYANCE EXPENSES,Payment,048,2490.00,
27-Dec-25,CONVEYANCE EXPENSES,Payment,049,5350.00,
27-Dec-25,Water Expense,Payment,050,2330.00,
29-Dec-25,HDFC BANK - 95177,Contra,8,,200000.00
29-Dec-25,Cash,Contra,110,,2500.00
29-Dec-25,Salary,Payment,483,344000.00,
29-Dec-25,Rskrish Technology & Services Pvt. Ltd.,Payment,484,47000.00,
29-Dec-25,Stamp Paper,Payment,485,360.00,
29-Dec-25,Stamp Paper,Payment,322,1000.00,
29-Dec-25,COL  SUNIL DALAL (PROPRIETOR),Receipt,316,,615000.00
30-Dec-25,REPAIRS AND MAINTENANCE,Payment,051,500.00,
30-Dec-25,THE RIGHT CHOICE,Payment,486,6047.00,
30-Dec-25,OUTPUT CGST@9%,Journal,187,742799.61,
31-Dec-25,CONVEYANCE EXPENSES,Payment,052,1120.00,
31-Dec-25,Stamp Paper,Payment,323,140.00,
31-Dec-25,GST PAYABLE,Payment,488,5000.00,
31-Dec-25,Diesel and Petrol Charges,Payment,397,26593.14,
31-Dec-25,Interest,Payment,804,48358.00,
31-Dec-25,Salary,Journal,196,13020167.00,
31-Dec-25,ESIC Employers Contribution,Journal,197,42811.00,
31-Dec-25,PF Employer Contribution,Journal,198,774813.00,
31-Dec-25,Salary,Journal,256,55000.00,
01-Jan-26,Cash,Contra,25,,5000.00
01-Jan-26,Cash,Contra,14,,5000.00
01-Jan-26,Rskrish Technology & Services Pvt. Ltd.,Payment,WZ/25-26/924,950.00,
01-Jan-26,CONVEYANCE EXPENSES,Payment,054,3880.00,
01-Jan-26,TAX  DEDUCTED  U/S 94J,Payment,489,1700.00,
01-Jan-26,HORT DIV  9,Receipt,321,,367919.00
01-Jan-26,COMPUTER,Journal,171,805.08,
01-Jan-26,DY. Director Hort-X,Sales,165,7865953.00,
02-Jan-26,BANK CHARGES,Payment,508,3050.30,
02-Jan-26,BANK CHARGES,Payment,509,337.48,
03-Jan-26,Cash,Contra,26,,5000.00
03-Jan-26,SALARY PAYABLE,Payment,490,11650.00,
03-Jan-26,ROHIT TIWARI,Payment,491,40613.00,
03-Jan-26,SALARY PAYABLE,Payment,492,50000.00,
03-Jan-26,AIRTEL POSTPAID BILL,Payment,493,1811.30,
03-Jan-26,Stamp Paper,Payment,324,340.00,
03-Jan-26,Greatway Infosolutions,Payment,325,4200.00,
03-Jan-26,COL  SUNIL DALAL (PROPRIETOR),Receipt,317,,100000.00
03-Jan-26,COMPUTER,Journal,188,3559.32,
03-Jan-26,Vehicle Hire Charges,Journal,189,40613.00,
03-Jan-26,RENT DELHI OFFICE,Journal,190,70000.00,
04-Jan-26,FDR Interest,Receipt,324,,26746.00
05-Jan-26,Office Petty Expenses,Payment,326,650.00,
05-Jan-26,SHAHEED SUKHDEV COLLEGE OF BUSINESS STUDIES,Receipt,322,,468537.00
06-Jan-26,Cash,Contra,15,,11000.00
06-Jan-26,SBI OD A/C- 6791,Contra,9,,3200000.00
06-Jan-26,CONVEYANCE EXPENSES,Payment,55,9500.00,
06-Jan-26,TAX DEDUCTED SOURCES 94C,Payment,495,406.00,
06-Jan-26,TAX DEUCTED AT SOURCE SECTION 92B,Payment,510,76000.00,
06-Jan-26,SALARY PAYABLE,Payment,511,1746975.06,
06-Jan-26,BANK CHARGES,Payment,512,1628.40,
06-Jan-26,COL  SUNIL DALAL (PROPRIETOR),Receipt,323,,5000000.00
06-Jan-26,COL  SUNIL DALAL (PROPRIETOR),Receipt,325,,100000.00
07-Jan-26,TAX  DEDUCTED  U/S 94J,Payment,498,5663.00,
07-Jan-26,BANK CHARGES,Payment,513,501.50,
07-Jan-26,Other Expenses,Payment,327,1000.00,
07-Jan-26,Sub Regional Office Esic,Receipt,326,,794034.00
07-Jan-26,QUTAB GOLF COURSE,Receipt,327,,906506.00
07-Jan-26,GST Receivable @ 2%,Journal,293,19923.00,
07-Jan-26,Central Warehousing Corporation (InterState),Credit Note,5,,230516.00
07-Jan-26,Central Warehousing Corporation (InterState),Credit Note,6,,153677.00
07-Jan-26,Central Warehousing Corporation (InterState),Credit Note,7,,134522.00
07-Jan-26,Ex Engineer NPD 8,Sales,166,109463.00,
07-Jan-26,QUTAB GOLF COURSE,Sales,167,2296002.00,
07-Jan-26,National Company Law Appellate Tribunal,Sales,168,776200.00,
07-Jan-26,Sub Regional Office Esic,Sales,169,815103.00,
07-Jan-26,DEPARTMENT OF SPACE,Sales,170,397492.00,
07-Jan-26,Fisheries Animal Husbandry and Dairying,Sales,171,138490.00,
07-Jan-26,SHAHEED SUKHDEV COLLEGE OF BUSINESS STUDIES,Sales,172,501143.00,
07-Jan-26,SHAHEED SUKHDEV COLLEGE OF BUSINESS STUDIES,Sales,173,200457.13,
07-Jan-26,Bharat Sanchar Nigam Limited,Sales,174,1271913.00,
07-Jan-26,"DEPUTY DIRECTOR, HORT . DIVN 8",Sales,181,463006.04,
08-Jan-26,Cash,Contra,16,,11500.00
08-Jan-26,CONVEYANCE EXPENSES,Payment,056,4170.00,
08-Jan-26,CONVEYANCE EXPENSES,Payment,057,4530.00,
08-Jan-26,Miscellaneous,Payment,058,1340.00,
08-Jan-26,CONVEYANCE EXPENSES,Payment,059,2100.00,
08-Jan-26,SALARY PAYABLE,Payment,514,1900819.00,
08-Jan-26,BANK CHARGES,Payment,515,139.24,
08-Jan-26,COL  SUNIL DALAL (PROPRIETOR),Receipt,328,,1000000.00
08-Jan-26,SALARY PAYABLE,Receipt,329,,11710.00
08-Jan-26,SHAHEED SUKHDEV COLLEGE OF BUSINESS STUDIES,Receipt,330,,187415.00
09-Jan-26,Cash,Contra,27,,5000.00
09-Jan-26,BANK CHARGES,Payment,516,177.00,
09-Jan-26,MAHANAGAR  TELEPHONE NIGAM LTD,Receipt,331,,193684.00
10-Jan-26,Cash,Contra,28,,11000.00
10-Jan-26,Electricity Expenses,Payment,496,2290.00,
10-Jan-26,SALARY PAYABLE,Payment,497,11710.00,
10-Jan-26,Stamp Paper,Payment,328,880.00,
10-Jan-26,Other Expenses,Payment,329,10733.00,
12-Jan-26,Sunshine Engineers,Payment,499,25000.00,
12-Jan-26,SALARY PAYABLE,Payment,500,4000.00,
12-Jan-26,SALARY PAYABLE,Payment,501,15548.00,
12-Jan-26,COL  SUNIL DALAL (PROPRIETOR),Receipt,318,,100000.00
12-Jan-26,DY DIRECTOR(HOR) DIV 6,Receipt,332,,396675.00
14-Jan-26,Salary,Receipt,333,,20000.00
15-Jan-26,PF PAYABLE,Payment,517,1520238.00,
15-Jan-26,Esic Payable,Payment,518,73698.00,
15-Jan-26,COL  SUNIL DALAL (PROPRIETOR),Receipt,334,,1000000.00
15-Jan-26,EX. ENGR  NPD 6,Sales,176,386810.00,
16-Jan-26,DEPARTMENT OF SPACE,Receipt,335,,372371.00
17-Jan-26,AIRTEL POSTPAID BILL,Payment,502,8688.58,
17-Jan-26,RAJA PROPERTIES & CONSTRUCTION,Payment,503,63000.00,
17-Jan-26,UP Office Rent,Payment,504,4500.00,
17-Jan-26,Haryana Offfice Rent,Payment,505,6000.00,
17-Jan-26,SALARY PAYABLE,Payment,519,134768.00,
17-Jan-26,PF PAYABLE,Payment,520,83226.00,
17-Jan-26,BANK CHARGES,Payment,521,153.40,
17-Jan-26,COL  SUNIL DALAL (PROPRIETOR),Receipt,319,,50000.00
17-Jan-26,PROFESSIONAL CHARGES,Journal,267,8500.00,
17-Jan-26,QUTAB GOLF COURSE,Sales,177,148982.00,
19-Jan-26,Cash,Contra,17,,15000.00
19-Jan-26,Water Expense,Payment,060,1640.00,
19-Jan-26,Miscellaneous,Payment,062,1040.00,
19-Jan-26,CONVEYANCE EXPENSES,Payment,063,4960.00,
19-Jan-26,CONVEYANCE EXPENSES,Payment,064,2335.00,
19-Jan-26,PF PAYABLE,Payment,522,3750.00,
20-Jan-26,SBI BANK- 54238,Contra,10,,5000000.00
20-Jan-26,GST PAYABLE,Payment,523,1478276.00,
20-Jan-26,PF PAYABLE,Payment,524,6980.00,
20-Jan-26,Esic Payable,Payment,525,517.00,
20-Jan-26,COL  SUNIL DALAL (PROPRIETOR),Receipt,336,,1500000.00
20-Jan-26,EX. ENGR  NPD 6,Receipt,337,,4368921.00
20-Jan-26,DEPARTMENT OF SPACE,Receipt,338,,290644.00
20-Jan-26,STATIONERY FOR OFFICE,Journal,191,1841.00,
21-Jan-26,SBI BANK- 54238,Contra,11,,800000.00
21-Jan-26,National Company Law Appellate Tribunal,Receipt,339,,749888.00
22-Jan-26,Stamp Paper,Payment,330,90.00,
24-Jan-26,Stamp Paper,Payment,331,530.00,
25-Jan-26,FDR Interest,Receipt,340,,14096.00
28-Jan-26,REPAIRS AND MAINTENANCE,Payment,065,500.00,
28-Jan-26,Stamp Paper,Payment,332,140.00,
29-Jan-26,SHAHEED SUKHDEV COLLEGE OF BUSINESS STUDIES,Receipt,341,,484155.00
29-Jan-26,Security Deposit,Receipt,342,,509329.00
29-Jan-26,QUTAB GOLF COURSE,Receipt,343,,78000.00
30-Jan-26,ELEGANT APPARELS,Payment,506,18000.00,
30-Jan-26,THE RIGHT CHOICE,Payment,507,2117.00,
30-Jan-26,Cartage Outwards,Payment,333,222.00,
30-Jan-26,Vehicle Maintenance Charges,Payment,334,80.00,
30-Jan-26,Cartage Outwards,Payment,335,222.00,
30-Jan-26,COL  SUNIL DALAL (PROPRIETOR),Receipt,320,,50000.00
30-Jan-26,TRAINING SERVICES,Journal,193,3000.00,
30-Jan-26,"DEPUTY DIRECTOR, HORT . DIVN 8",Credit Note,8,,433366.80
31-Jan-26,Stamp Paper,Payment,336,530.00,
31-Jan-26,Diesel and Petrol Charges,Payment,398,23698.41,
31-Jan-26,Interest,Payment,805,53561.00,
31-Jan-26,Fisheries Animal Husbandry and Dairying,Receipt,344,,133794.00
31-Jan-26,Vehicle Maintenance Charges,Journal,192,22298.31,
31-Jan-26,PF Employer Contribution,Journal,210,681459.00,
31-Jan-26,Salary,Journal,209,11751808.00,
31-Jan-26,ESIC Employers Contribution,Journal,211,43710.00,
31-Jan-26,Salary,Journal,257,55000.00,
01-Feb-26,DY. Director Hort-X,Sales,178,8128153.00,
02-Feb-26,Cash,Contra,29,,10000.00
02-Feb-26,REPAIRS AND MAINTENANCE,Payment,066,800.00,
02-Feb-26,REPAIRS AND MAINTENANCE,Payment,067,250.00,
02-Feb-26,Uniform Expense,Journal,194,33000.00,
02-Feb-26,Uniform Expense,Journal,212,33000.00,
02-Feb-26,DY. Director Hort-X,Sales,179,8128153.00,
03-Feb-26,Cash,Contra,30,,7500.00
03-Feb-26,CONVEYANCE EXPENSES,Payment,068,2150.00,
03-Feb-26,Stamp Paper,Payment,337,1260.00,
03-Feb-26,CONVEYANCE EXPENSES,Payment,338,7500.00,
03-Feb-26,AIRTEL POSTPAID BILL,Payment,541,1830.18,
03-Feb-26,SALARY PAYABLE,Payment,542,9687.00,
03-Feb-26,Vehicle Hire Charges,Journal,213,35950.00,
03-Feb-26,EX. ENGR  NPD 6,Sales,180,649822.00,
04-Feb-26,REPAIRS AND MAINTENANCE,Payment,070,1800.00,
04-Feb-26,ELEGANT APPARELS,Payment,543,31386.00,
04-Feb-26,Pragmatic Educational Society,Payment,544,3540.00,
04-Feb-26,Uniform Expense,Journal,214,12800.00,
05-Feb-26,SBI BANK- 54238,Contra,90,,2685000.00
05-Feb-26,REPAIRS AND MAINTENANCE,Payment,339,200.00,
05-Feb-26,PG NPD-6,Receipt,355,,1454624.00
05-Feb-26,PG NPD-6,Journal,244,138849.00,
06-Feb-26,SBI BANK- 54238,Contra,91,,1012900.00
06-Feb-26,SBI OD A/C- 6791,Contra,92,,3000000.00
06-Feb-26,Security Deposit,Payment,564,93373.00,
06-Feb-26,COL  SUNIL DALAL (PROPRIETOR),Payment,538,5000000.00,
06-Feb-26,Pragmatic Educational Society,Payment,545,708.00,
06-Feb-26,ROHIT TIWARI,Payment,546,35591.00,
06-Feb-26,TAX DEDUCTED SOURCES 94C,Payment,547,355.00,
06-Feb-26,Other Expenses,Payment,340,1000.00,
06-Feb-26,Cartage Outwards,Payment,341,202.00,
06-Feb-26,Cartage Outwards,Payment,342,222.00,
06-Feb-26,Sub Regional Office Esic,Receipt,356,,794034.00
06-Feb-26,COL  SUNIL DALAL (PROPRIETOR),Receipt,345,,100000.00
06-Feb-26,QUTAB GOLF COURSE,Receipt,357,,5526402.00
06-Feb-26,TRAINING SERVICES,Journal,215,600.00,
06-Feb-26,GST Receivable @ 2%,Journal,294,121459.00,
07-Feb-26,SALARY PAYABLE,Payment,565,843532.00,
07-Feb-26,CONVEYANCE EXPENSES,Payment,071,1040.00,
07-Feb-26,CONVEYANCE EXPENSES,Payment,343,100.00,
07-Feb-26,SALARY PAYABLE,Receipt,358,,7273.00
07-Feb-26,Uniform Expense,Journal,216,16800.00,
09-Feb-26,Cash,Contra,12,,12000.00
09-Feb-26,SBI BANK- 54238,Contra,93,,3000000.00
09-Feb-26,Other Expenses,Payment,072,10000.00,
09-Feb-26,Other Expenses,Payment,345,2000.00,
09-Feb-26,CONVEYANCE EXPENSES,Payment,344,400.00,
09-Feb-26,CONVEYANCE EXPENSES,Payment,073,350.00,
09-Feb-26,COL  SUNIL DALAL (PROPRIETOR),Payment,539,5000000.00,
09-Feb-26,"DEPUTY DIRECTOR, HORT . DIVN 8",Receipt,359,,376682.00
09-Feb-26,DY. Director Hort-X,Receipt,360,,7354666.00
09-Feb-26,DY.DIRECTOR  HR   DIV  7,Receipt,361,,378619.00
09-Feb-26,TDS Receivable @ 2%,Journal,301,157319.00,
09-Feb-26,Central Warehousing Corporation (InterState),Credit Note,9,,230516.00
09-Feb-26,Central Warehousing Corporation (InterState),Credit Note,10,,153677.00
09-Feb-26,Central Warehousing Corporation (InterState),Credit Note,11,,134522.00
09-Feb-26,DY DIRECTOR(HOR) DIV 6,Credit Note,12,,574382.00
09-Feb-26,QUTAB GOLF COURSE,Credit Note,13,,601828.00
09-Feb-26,QUTAB GOLF COURSE,Credit Note,14,,165559.00
09-Feb-26,QUTAB GOLF COURSE,Credit Note,15,,13424.00
09-Feb-26,QUTAB GOLF COURSE,Credit Note,16,,232102.00
09-Feb-26,QUTAB GOLF COURSE,Credit Note,17,,111094.00
09-Feb-26,QUTAB GOLF COURSE,Sales,182,2296002.00,
09-Feb-26,National Company Law Appellate Tribunal,Sales,183,776200.00,
09-Feb-26,Sub Regional Office Esic,Sales,184,814749.00,
09-Feb-26,DEPARTMENT OF SPACE,Sales,185,397492.00,
09-Feb-26,Fisheries Animal Husbandry and Dairying,Sales,186,138490.00,
09-Feb-26,SHAHEED SUKHDEV COLLEGE OF BUSINESS STUDIES,Sales,187,501143.00,
09-Feb-26,SHAHEED SUKHDEV COLLEGE OF BUSINESS STUDIES,Sales,188,200457.00,
09-Feb-26,Ex Engineer NPD 8,Sales,189,92005.00,
09-Feb-26,DY DIRECTOR(HOR) DIV 6,Sales,190,569370.06,
09-Feb-26,Dwarka Project  Division 1,Sales,191,4752750.00,
09-Feb-26,Central Warehousing Corporation (InterState),Sales,226,230515.80,
09-Feb-26,Central Warehousing Corporation (InterState),Sales,227,230515.80,
09-Feb-26,Central Warehousing Corporation (InterState),Sales,228,134522.38,
09-Feb-26,Central Warehousing Corporation (InterState),Sales,229,153677.20,
09-Feb-26,Central Warehousing Corporation (InterState),Sales,230,153677.20,
09-Feb-26,Central Warehousing Corporation (InterState),Sales,231,134522.38,
10-Feb-26,Vehicle Maintenance Charges,Payment,346,60.00,
10-Feb-26,Stamp Paper,Payment,347,620.00,
11-Feb-26,Cash,Contra,13,,10000.00
11-Feb-26,Cash,Contra,14,,10000.00
11-Feb-26,HDFC BANK - 95177,Contra,88,,200000.00
11-Feb-26,CONVEYANCE EXPENSES,Payment,074,2000.00,
11-Feb-26,CONVEYANCE EXPENSES,Payment,075,2150.00,
11-Feb-26,Office Petty Expenses,Payment,076,53556.00,
11-Feb-26,Other Expenses,Payment,077,6000.00,
11-Feb-26,ELEGANT APPARELS,Payment,548,17640.00,
11-Feb-26,Electricity Expenses,Payment,549,4980.00,
11-Feb-26,MASTER RUBER WORKSS,Payment,550,25373.00,
11-Feb-26,Stamp Paper,Payment,348,90.00,
11-Feb-26,CONVEYANCE EXPENSES,Payment,349,350.00,
11-Feb-26,CONVEYANCE EXPENSES,Payment,350,500.00,
11-Feb-26,COL  SUNIL DALAL (PROPRIETOR),Receipt,354,,200000.00
11-Feb-26,DEPARTMENT OF SPACE,Receipt,362,,93373.00
11-Feb-26,DY. Director Hort-X,Receipt,408,,7599823.00
11-Feb-26,TDS Receivable @ 2%,Journal,302,162563.00,
12-Feb-26,CONVEYANCE EXPENSES,Payment,078,2880.00,
12-Feb-26,REPAIRS AND MAINTENANCE,Payment,079,1390.00,
12-Feb-26,CONVEYANCE EXPENSES,Payment,080,2750.00,
12-Feb-26,SALARY PAYABLE,Payment,319,1728290.00,
12-Feb-26,SALARY PAYABLE,Payment,767,5599769.00,
12-Feb-26,SBI 1144,Receipt,422,,2000054.00
13-Feb-26,Cash,Contra,15,,10000.00
13-Feb-26,Office  Equipments,Payment,081,450.00,
13-Feb-26,Other Expenses,Payment,711,100.00,
13-Feb-26,PROFESSIONAL CHARGES,Journal,268,8500.00,
14-Feb-26,CONVEYANCE EXPENSES,Payment,082,150.00,
14-Feb-26,CONVEYANCE EXPENSES,Payment,083,1724.00,
14-Feb-26,BANK CHARGES,Payment,320,1463.20,
14-Feb-26,STATIONERY FOR OFFICE,Journal,217,4536.00,
15-Feb-26,SBI OD A/C- 6791,Contra,94,,1600000.00
15-Feb-26,Esic Payable,Payment,566,37575.00,
15-Feb-26,PF PAYABLE,Payment,567,1408456.00,
16-Feb-26,CONVEYANCE EXPENSES,Payment,084,5800.00,
16-Feb-26,SALARY PAYABLE,Payment,085,1645.00,
16-Feb-26,RAJA PROPERTIES & CONSTRUCTION,Payment,551,69300.00,
16-Feb-26,Haryana Offfice Rent,Payment,552,6000.00,
16-Feb-26,UP Office Rent,Payment,553,4500.00,
16-Feb-26,THE RIGHT CHOICE,Payment,554,5227.00,
16-Feb-26,COL  SUNIL DALAL (PROPRIETOR),Receipt,346,,100000.00
16-Feb-26,Uniform Expense,Journal,218,13425.00,
16-Feb-26,RENT DELHI OFFICE,Journal,219,77000.00,
17-Feb-26,Cash,Contra,16,,10000.00
17-Feb-26,CONVEYANCE EXPENSES,Payment,086,600.00,
17-Feb-26,CONVEYANCE EXPENSES,Payment,087,3080.00,
17-Feb-26,SALARY PAYABLE,Payment,555,23706.00,
17-Feb-26,PRINTING AND STATIONARY,Payment,712,200.00,
17-Feb-26,SHAHEED SUKHDEV COLLEGE OF BUSINESS STUDIES,Receipt,363,,193661.00
18-Feb-26,CONVEYANCE EXPENSES,Payment,713,200.00,
19-Feb-26,Cash,Contra,18,,4300.00
19-Feb-26,SBI OD A/C- 6791,Contra,95,,1700000.00
19-Feb-26,CONVEYANCE EXPENSES,Payment,088,3220.00,
19-Feb-26,REPAIRS AND MAINTENANCE,Payment,089,600.00,
19-Feb-26,GST PAYABLE,Payment,568,1807782.00,
19-Feb-26,Stamp Paper,Payment,714,530.00,
19-Feb-26,Other Expenses,Payment,715,1600.00,
19-Feb-26,Other Expenses,Payment,716,680.00,
19-Feb-26,Bharat Sanchar Nigam Limited,Receipt,364,,1246475.00
20-Feb-26,CONVEYANCE EXPENSES,Payment,090,540.00,
20-Feb-26,REPAIRS AND MAINTENANCE,Payment,717,500.00,
20-Feb-26,PRINTING AND STATIONARY,Payment,718,300.00,
20-Feb-26,Stamp Paper,Payment,719,650.00,
20-Feb-26,SALARY PAYABLE,Payment,556,24687.00,
20-Feb-26,COL  SUNIL DALAL (PROPRIETOR),Receipt,347,,50000.00
21-Feb-26,Cash,Contra,17,,10000.00
23-Feb-26,Cash,Contra,18,,13000.00
23-Feb-26,HDFC BANK - 95177,Contra,89,,200000.00
23-Feb-26,SBI OD A/C- 6791,Contra,96,,1600000.00
23-Feb-26,SBI BANK- 54238,Contra,97,,3200000.00
23-Feb-26,CONVEYANCE EXPENSES,Payment,091,2776.00,
23-Feb-26,Cartage Outwards,Payment,721,165.00,
23-Feb-26,Office Petty Expenses,Payment,720,50.00,
23-Feb-26,CONVEYANCE EXPENSES,Payment,092,1668.00,
23-Feb-26,CONVEYANCE EXPENSES,Payment,093,1440.00,
23-Feb-26,CONVEYANCE EXPENSES,Payment,094,120.00,
23-Feb-26,PRINTING AND STATIONARY,Payment,722,500.00,
23-Feb-26,IT SYSTEMS,Payment,557,12450.00,
23-Feb-26,COL  SUNIL DALAL (PROPRIETOR),Receipt,348,,200000.00
23-Feb-26,DY DIRECTOR(HOR) DIV 6,Receipt,365,,831987.00
23-Feb-26,"EXECUTIVE ENGR, HCD 10",Receipt,366,,1850674.00
23-Feb-26,DY DIRECTOR(HOR) DIV 6,Receipt,367,,463217.00
23-Feb-26,"DEPUTY DIRECTOR, HORT . DIVN 8",Receipt,368,,163862.00
23-Feb-26,PG HCD-10,Receipt,369,,349268.00
23-Feb-26,SHAHEED SUKHDEV COLLEGE OF BUSINESS STUDIES,Receipt,370,,484154.00
23-Feb-26,PRINTING AND STATIONARY,Journal,220,10550.90,
23-Feb-26,PG HCD-10,Journal,239,26911.00,
24-Feb-26,SHAHEED SUKHDEV COLLEGE OF BUSINESS STUDIES,Receipt,371,,193661.00
25-Feb-26,Cash,Contra,19,,15000.00
25-Feb-26,PRINTING AND STATIONARY,Payment,351,240.00,
25-Feb-26,Stamp Paper,Payment,352,50.00,
25-Feb-26,CONVEYANCE EXPENSES,Payment,353,100.00,
25-Feb-26,Vehicle Maintenance Charges,Payment,355,2160.00,
25-Feb-26,Stamp Paper,Payment,354,550.00,
25-Feb-26,CONVEYANCE EXPENSES,Payment,356,215.00,
25-Feb-26,SALARY PAYABLE,Payment,570,11363.00,
25-Feb-26,DEPARTMENT OF SPACE,Receipt,372,,384017.00
25-Feb-26,SALARY PAYABLE,Receipt,373,,525000.00
25-Feb-26,Uniform Expense,Journal,222,32000.00,
26-Feb-26,SBI BANK- 54238,Contra,98,,1700000.00
26-Feb-26,REPAIRS AND MAINTENANCE,Payment,095,840.00,
26-Feb-26,CONVEYANCE EXPENSES,Payment,096,6768.00,
26-Feb-26,CONVEYANCE EXPENSES,Payment,097,5040.00,
26-Feb-26,COL  SUNIL DALAL (PROPRIETOR),Payment,540,2700000.00,
26-Feb-26,AIRTEL POSTPAID BILL,Payment,558,1811.30,
26-Feb-26,Common Other Misc. Services,Payment,571,25000.00,
26-Feb-26,Dwarka Project  Division 1,Receipt,374,,3350162.00
27-Feb-26,MASTER RUBER WORKSS,Payment,559,11277.00,
27-Feb-26,SALARY PAYABLE,Payment,560,13353.00,
27-Feb-26,SALARY PAYABLE,Payment,561,390.00,
27-Feb-26,Cartage Outwards,Payment,357,250.00,
27-Feb-26,COL  SUNIL DALAL (PROPRIETOR),Receipt,349,,60000.00
27-Feb-26,Uniform Expense,Journal,221,10740.00,
28-Feb-26,Cash,Contra,20,,3200.00
28-Feb-26,CONVEYANCE EXPENSES,Payment,097,772.00,
28-Feb-26,Expertsoul Consultancy Services,Payment,562,3540.00,
28-Feb-26,ELEGANT APPARELS,Payment,792,33600.00,
28-Feb-26,CONVEYANCE EXPENSES,Payment,358,200.00,
28-Feb-26,Vehicle Maintenance Charges,Payment,359,100.00,
28-Feb-26,Other Expenses,Payment,361,3000.00,
28-Feb-26,OFFICE  MAINTENANCE,Payment,360,200.00,
28-Feb-26,Diesel and Petrol Charges,Payment,399,23354.98,
28-Feb-26,Interest,Payment,806,11977.00,
28-Feb-26,Salary,Journal,224,9932669.00,
28-Feb-26,PF Employer Contribution,Journal,236,637190.00,
28-Feb-26,Salary,Journal,258,55000.00,
28-Feb-26,OUTPUT CGST@9%,Journal,260,1963708.35,
28-Feb-26,OUTPUT CGST@9%,Journal,261,79126.08,
28-Feb-26,Dwarka Project  Division 1,Sales,208,454659.00,
28-Feb-26,QUTAB GOLF COURSE,Sales,209,79658.00,
01-Mar-26,BANK CHARGES,Payment,723,7.08,
01-Mar-26,STATIONERY FOR OFFICE,Journal,227,2865.00,
02-Mar-26,PF PAYABLE,Payment,724,11417.00,
02-Mar-26,NITIN ASSOCIATES,Payment,743,15300.00,
02-Mar-26,TAX DEDUCTED SOURCES 94C,Payment,744,359.00,
02-Mar-26,COL  SUNIL DALAL (PROPRIETOR),Receipt,350,,50000.00
02-Mar-26,Licenses,Journal,223,3000.00,
02-Mar-26,Vehicle Hire Charges,Journal,228,49000.00,
02-Mar-26,DY. Director Hort-X,Sales,192,7341556.00,
03-Mar-26,REPAIRS AND MAINTENANCE,Payment,098,590.00,
03-Mar-26,Stamp Paper,Payment,362,870.00,
03-Mar-26,EX. ENGR  NPD 6,Receipt,375,,300300.00
03-Mar-26,EX. ENGR  NPD 6,Receipt,376,,214455.00
03-Mar-26,EX. ENGR  NPD 6,Receipt,377,,528658.00
03-Mar-26,PRINTING AND STATIONARY,Journal,226,4300.00,
05-Mar-26,Cash,Contra,99,,15000.00
05-Mar-26,Cash,Contra,100,,10300.00
05-Mar-26,Cash,Contra,101,,10000.00
05-Mar-26,CONVEYANCE EXPENSES,Payment,099,1120.00,
05-Mar-26,CONVEYANCE EXPENSES,Payment,100,3075.00,
05-Mar-26,CONVEYANCE EXPENSES,Payment,101,5500.00,
05-Mar-26,CONVEYANCE EXPENSES,Payment,102,5670.00,
05-Mar-26,CONVEYANCE EXPENSES,Payment,103,410.00,
05-Mar-26,Miscellaneous,Payment,365,2025.00,
05-Mar-26,Other Expenses,Payment,364,920.00,
05-Mar-26,REPAIRS AND MAINTENANCE,Payment,363,2400.00,
05-Mar-26,REPAIRS AND MAINTENANCE,Payment,104,2396.00,
05-Mar-26,QUTAB GOLF COURSE,Receipt,378,,374400.00
05-Mar-26,QUTAB GOLF COURSE,Receipt,379,,175174.00
06-Mar-26,Cash,Contra,102,,6000.00
06-Mar-26,SBI OD A/C- 6791,Contra,111,,1000000.00
06-Mar-26,Other Expenses,Payment,366,1000.00,
06-Mar-26,REPAIRS AND MAINTENANCE,Payment,367,2400.00,
06-Mar-26,Common Other Misc. Services,Payment,725,15000.00,
06-Mar-26,SALARY PAYABLE,Payment,726,1740843.46,
06-Mar-26,SALARY PAYABLE,Payment,745,24687.00,
06-Mar-26,Rskrish Technology & Services Pvt. Ltd.,Payment,746,58800.00,
06-Mar-26,SALARY PAYABLE,Payment,747,12378.00,
06-Mar-26,SALARY PAYABLE,Payment,748,13106.00,
06-Mar-26,SALARY PAYABLE,Payment,749,24687.00,
06-Mar-26,COL  SUNIL DALAL (PROPRIETOR),Receipt,351,,100000.00
06-Mar-26,COL  SUNIL DALAL (PROPRIETOR),Receipt,352,,50000.00
06-Mar-26,COMPUTER,Journal,225,49830.51,
07-Mar-26,CONVEYANCE EXPENSES,Payment,368,200.00,
07-Mar-26,Stamp Paper,Payment,369,260.00,
07-Mar-26,SALARY PAYABLE,Payment,727,2589.84,
07-Mar-26,BANK CHARGES,Payment,728,572.30,
07-Mar-26,Lawyer's Fees,Payment,750,5000.00,
07-Mar-26,COL  SUNIL DALAL (PROPRIETOR),Receipt,403,,100000.00
07-Mar-26,TRANSACTION CHARGES,Journal,231,68597.51,
07-Mar-26,Dwarka Project  Division 1,Credit Note,18,,273395.00
07-Mar-26,QUTAB GOLF COURSE,Sales,193,1154686.00,
07-Mar-26,National Company Law Appellate Tribunal,Sales,194,701084.00,
07-Mar-26,Sub Regional Office Esic,Sales,195,814749.00,
07-Mar-26,DEPARTMENT OF SPACE,Sales,196,359740.00,
07-Mar-26,Fisheries Animal Husbandry and Dairying,Sales,197,125088.00,
07-Mar-26,SHAHEED SUKHDEV COLLEGE OF BUSINESS STUDIES,Sales,198,452645.00,
07-Mar-26,SHAHEED SUKHDEV COLLEGE OF BUSINESS STUDIES,Sales,199,181058.00,
07-Mar-26,Central Warehousing Corporation,Sales,200,230516.00,
07-Mar-26,Central Warehousing Corporation,Sales,204,230516.00,
07-Mar-26,Central Warehousing Corporation (InterState),Sales,213,230516.00,
07-Mar-26,Central Warehousing Corporation (InterState),Sales,214,153677.00,
07-Mar-26,Central Warehousing Corporation (InterState),Sales,215,134522.00,
07-Mar-26,Central Warehousing Corporation (InterState),Sales,217,153677.00,
07-Mar-26,Central Warehousing Corporation (InterState),Sales,216,230516.00,
07-Mar-26,Central Warehousing Corporation (InterState),Sales,218,134522.00,
08-Mar-26,Uniform Expense,Journal,229,10880.00,
09-Mar-26,CONVEYANCE EXPENSES,Payment,105,1500.00,
09-Mar-26,PROFESSIONAL CHARGES,Journal,269,8500.00,
10-Mar-26,Cash,Contra,103,,22000.00
10-Mar-26,Other Expenses,Payment,370,17000.00,
10-Mar-26,GOVERNMENT MARKETPLACE (GEM),Payment,729,79573.12,
10-Mar-26,Electricity Expenses,Payment,751,2640.00,
10-Mar-26,National Company Law Appellate Tribunal,Receipt,380,,749888.00
11-Mar-26,SBI OD A/C- 6791,Contra,112,,1700000.00
11-Mar-26,CONVEYANCE EXPENSES,Payment,371,200.00,
11-Mar-26,CONVEYANCE EXPENSES,Payment,106,200.00,
11-Mar-26,Stamp Paper,Payment,372,1300.00,
11-Mar-26,PRINTING AND STATIONARY,Payment,373,600.00,
11-Mar-26,SALARY PAYABLE,Payment,730,845218.00,
11-Mar-26,BANK CHARGES,Payment,731,18521.00,
11-Mar-26,BANK CHARGES,Payment,732,826.00,
11-Mar-26,BANK CHARGES,Payment,733,649.00,
11-Mar-26,ELEGANT APPARELS,Payment,752,11424.00,
11-Mar-26,SARASWATI ENTERPRISES,Payment,753,5074.00,
11-Mar-26,THE RIGHT CHOICE,Payment,754,3331.00,
11-Mar-26,ROHIT TIWARI,Payment,755,48510.00,
11-Mar-26,NITIN ASSOCIATES,Payment,756,7650.00,
11-Mar-26,SALARY PAYABLE,Receipt,381,,9043.00
12-Mar-26,SALARY PAYABLE,Payment,757,19500.00,
12-Mar-26,CONVEYANCE EXPENSES,Payment,374,200.00,
13-Mar-26,BANK CHARGES,Payment,810,649.00,
14-Mar-26,Cash,Contra,104,,3800.00
14-Mar-26,SBI OD A/C- 6791,Contra,120,,1800000.00
14-Mar-26,CONVEYANCE EXPENSES,Payment,375,200.00,
14-Mar-26,Stamp Paper,Payment,376,550.00,
14-Mar-26,PRINTING AND STATIONARY,Payment,377,130.00,
14-Mar-26,PF PAYABLE,Payment,734,1327480.00,
15-Mar-26,Esic Payable,Payment,735,26865.00,
16-Mar-26,INCOME TAX,Payment,736,500000.00,
16-Mar-26,RAJA PROPERTIES & CONSTRUCTION,Payment,758,69300.00,
16-Mar-26,Haryana Offfice Rent,Payment,759,6000.00,
16-Mar-26,UP Office Rent,Payment,760,4500.00,
16-Mar-26,COL  SUNIL DALAL (PROPRIETOR),Receipt,404,,100000.00
16-Mar-26,RENT DELHI OFFICE,Journal,232,77000.00,
17-Mar-26,Water Expense,Payment,107,2500.00,
17-Mar-26,GST PAYABLE,Payment,737,3310852.00,
17-Mar-26,Salary,Payment,761,516000.00,
17-Mar-26,Fees for Cards,Payment,762,29382.00,
17-Mar-26,COL  SUNIL DALAL (PROPRIETOR),Receipt,382,,3500000.00
17-Mar-26,COL  SUNIL DALAL (PROPRIETOR),Receipt,405,,550000.00
18-Mar-26,"EXECUTIVE ENGR, HCD 10",Receipt,383,,102441.00
18-Mar-26,HORT DIV  9,Receipt,384,,233850.00
18-Mar-26,HORT DIV  9,Receipt,385,,300771.00
18-Mar-26,HORT DIV  9,Receipt,386,,694279.00
18-Mar-26,SHAHEED SUKHDEV COLLEGE OF BUSINESS STUDIES,Receipt,387,,437301.00
18-Mar-26,DY. Director Hort-X,Receipt,409,,7599822.00
18-Mar-26,DY. Director Hort-X,Receipt,410,,6864355.00
18-Mar-26,DELHI DEVELOPMENT AUTHORITY,Receipt,427,,142798.00
18-Mar-26,Fees for Cards,Journal,230,24900.00,
18-Mar-26,TDS Receivable @ 2%,Journal,303,162563.00,
19-Mar-26,SBI 1144,Contra,117,,1851131.00
19-Mar-26,SBI 1144,Contra,118,,7599822.00
19-Mar-26,SBI BANK- 54238,Contra,114,,4650000.00
19-Mar-26,SALARY PAYABLE,Payment,768,866861.00,
19-Mar-26,TDS Receivable @ 2%,Journal,304,146831.00,
20-Mar-26,QUTAB GOLF COURSE,Receipt,389,,179309.00
20-Mar-26,QUTAB GOLF COURSE,Receipt,390,,1770645.00
20-Mar-26,GST Receivable @ 2%,Journal,295,38915.00,
21-Mar-26,Cash,Contra,105,,5500.00
21-Mar-26,Office Petty Expenses,Payment,378,200.00,
21-Mar-26,Stamp Paper,Payment,379,1140.00,
21-Mar-26,CONVEYANCE EXPENSES,Payment,117,2750.00,
23-Mar-26,Cash,Contra,106,,5000.00
23-Mar-26,REPAIRS AND MAINTENANCE,Payment,381,1900.00,
23-Mar-26,CONVEYANCE EXPENSES,Payment,109,600.00,
23-Mar-26,Cartage Outwards,Payment,382,600.00,
23-Mar-26,MASTER RUBER WORKSS,Payment,763,23100.00,
23-Mar-26,Uniform Expense,Journal,247,22000.00,
24-Mar-26,Cash,Contra,107,,10000.00
24-Mar-26,CONVEYANCE EXPENSES,Payment,110,1500.00,
24-Mar-26,CONVEYANCE EXPENSES,Payment,111,3350.00,
24-Mar-26,Sub Regional Office Esic,Receipt,391,,1588068.00
25-Mar-26,Cash,Contra,108,,25300.00
25-Mar-26,CONVEYANCE EXPENSES,Payment,383,200.00,
25-Mar-26,Miscellaneous,Payment,384,100.00,
25-Mar-26,CONVEYANCE EXPENSES,Payment,118,4000.00,
25-Mar-26,Diesel and Petrol Charges,Payment,385,800.00,
25-Mar-26,Diesel and Petrol Charges,Payment,400,19199.67,
25-Mar-26,Other Expenses,Payment,386,2500.00,
25-Mar-26,SALARY PAYABLE,Payment,738,175000.00,
25-Mar-26,BANK CHARGES,Payment,739,1085.60,
25-Mar-26,QUTAB GOLF COURSE,Receipt,392,,78000.00
25-Mar-26,PG NPD-8,Receipt,393,,86997.00
25-Mar-26,Uniform Expense,Journal,234,63840.00,
25-Mar-26,PG NPD-8,Journal,245,7437.00,
26-Mar-26,Cash,Contra,109,,5000.00
26-Mar-26,HDFC BANK - 95177,Contra,116,,300000.00
26-Mar-26,CONVEYANCE EXPENSES,Payment,112,240.00,
26-Mar-26,CONVEYANCE EXPENSES,Payment,113,1056.00,
26-Mar-26,CONVEYANCE EXPENSES,Payment,114,3476.00,
26-Mar-26,REPAIRS AND MAINTENANCE,Payment,388,500.00,
26-Mar-26,Office Petty Expenses,Payment,387,100.00,
26-Mar-26,BANK CHARGES,Payment,809,112407.13,
26-Mar-26,COL  SUNIL DALAL (PROPRIETOR),Receipt,406,,300000.00
27-Mar-26,Cash,Contra,31,,14000.00
27-Mar-26,CONVEYANCE EXPENSES,Payment,115,4072.00,
27-Mar-26,CONVEYANCE EXPENSES,Payment,116,3480.00,
27-Mar-26,Greatway Infosolutions,Payment,389,1300.00,
27-Mar-26,BANK CHARGES,Payment,808,118.00,
27-Mar-26,Dwarka Project  Division 1,Receipt,395,,4279106.00
27-Mar-26,Office  Equipments,Journal,233,1101.70,
28-Mar-26,Cash,Contra,119,,9900.00
28-Mar-26,Office Petty Expenses,Payment,119,10204.00,
28-Mar-26,Other Expenses,Payment,120,13077.00,
28-Mar-26,Expertsoul Consultancy Services,Payment,764,2950.00,
28-Mar-26,COL  SUNIL DALAL (PROPRIETOR),Receipt,394,,5000000.00
28-Mar-26,COL  SUNIL DALAL (PROPRIETOR),Receipt,411,,1900000.00
28-Mar-26,Uniform Expense,Journal,235,9520.00,
28-Mar-26,Salary,Journal,246,11934506.93,
28-Mar-26,Salary,Journal,259,55000.00,
30-Mar-26,SBI BANK- 54238,Contra,115,,113000.00
30-Mar-26,SALARY PAYABLE,Payment,740,195758.00,
30-Mar-26,BANK CHARGES,Payment,741,28.32,
30-Mar-26,National Company Law Appellate Tribunal,Receipt,397,,677318.00
30-Mar-26,Fisheries Animal Husbandry and Dairying,Receipt,398,,120848.00
30-Mar-26,COL  SUNIL DALAL (PROPRIETOR),Receipt,399,,5000000.00
30-Mar-26,SALARY PAYABLE,Receipt,400,,6456.00
31-Mar-26,SALARY PAYABLE,Payment,742,951801.26,
31-Mar-26,ELEGANT APPARELS,Payment,765,10662.00,
31-Mar-26,ELEGANT APPARELS,Payment,766,67032.00,
31-Mar-26,Interest,Payment,807,9100.00,
31-Mar-26,SALARY PAYABLE,Receipt,401,,19519.00
31-Mar-26,COL  SUNIL DALAL (PROPRIETOR),Receipt,407,,100000.00
31-Mar-26,Interest,Receipt,429,,458.00
31-Mar-26,Depreciation,Journal,237,718418.70,
31-Mar-26,PROFESSIONAL CHARGES,Journal,280,8500.00,
31-Mar-26,PF Employer Contribution,Journal,281,727429.00,
31-Mar-26,PG MTNL,Journal,282,40706.00,
31-Mar-26,PG Hort-8 New,Journal,283,48389.00,
31-Mar-26,PG QGC,Journal,284,45283.00,
31-Mar-26,DY. Director Hort-X,Sales,210,8108045.00,
31-Mar-26,QUTAB GOLF COURSE,Sales,211,1278663.00,
31-Mar-26,National Company Law Appellate Tribunal,Sales,212,776200.00,
31-Mar-26,Sub Regional Office Esic,Sales,219,814749.00,
31-Mar-26,DEPARTMENT OF SPACE,Sales,220,397492.00,
31-Mar-26,SHAHEED SUKHDEV COLLEGE OF BUSINESS STUDIES,Sales,222,501143.00,
31-Mar-26,SHAHEED SUKHDEV COLLEGE OF BUSINESS STUDIES,Sales,223,200457.00,
31-Mar-26,Lalit Kala Akademi,Sales,224,299846.00,
31-Mar-26,Lalit Kala Akademi,Sales,225,586265.00,