Date,Transaction_Text,Debit Amount,Credit Amount,Amount,Type,Predicted_Category,Confidence,Ledger,Journal,Financial_Statement,Status,Party_Name
02-Apr-25,SBI BANK- 54238,0.0,900000.0,900000.0,Credit,Bank Charges,0.7040702993410379,Bank Charges Expense,Bank Charges Expense Dr | To Bank,Expense,OK,SBI BANK- 54238
02-Apr-25,BANK CHARGES,47.0,0.0,47.0,Debit,Bank Charges,0.9782004775625852,Bank Charges Expense,Bank Charges Expense Dr | To Bank,Expense,OK,BANK CHARGES
04-Apr-25,BANK CHARGES,118.0,0.0,118.0,Debit,Bank Charges,0.9782004775625852,Bank Charges Expense,Bank Charges Expense Dr | To Bank,Expense,OK,BANK CHARGES
07-Apr-25,BANK CHARGES,5.9,0.0,5.9,Debit,Bank Charges,0.9782004775625852,Bank Charges Expense,Bank Charges Expense Dr | To Bank,Expense,OK,BANK CHARGES
08-Apr-25,SBI BANK- 54238,0.0,321490.56,321490.56,Credit,Bank Charges,0.7040702993410379,Bank Charges Expense,Bank Charges Expense Dr | To Bank,Expense,OK,SBI BANK- 54238
11-Apr-25,BANK CHARGES,17.7,0.0,17.7,Debit,Bank Charges,0.9782004775625852,Bank Charges Expense,Bank Charges Expense Dr | To Bank,Expense,OK,BANK CHARGES
17-Apr-25,SBI BANK- 54238,0.0,1650000.0,1650000.0,Credit,Bank Charges,0.7040702993410379,Bank Charges Expense,Bank Charges Expense Dr | To Bank,Expense,OK,SBI BANK- 54238
22-Apr-25,SBI BANK- 54238,0.0,200000.0,200000.0,Credit,Bank Charges,0.7040702993410379,Bank Charges Expense,Bank Charges Expense Dr | To Bank,Expense,OK,SBI BANK- 54238
23-Apr-25,SBI BANK- 54238,0.0,2033180.0,2033180.0,Credit,Bank Charges,0.7040702993410379,Bank Charges Expense,Bank Charges Expense Dr | To Bank,Expense,OK,SBI BANK- 54238
23-Apr-25,BANK CHARGES,5.9,0.0,5.9,Debit,Bank Charges,0.9782004775625852,Bank Charges Expense,Bank Charges Expense Dr | To Bank,Expense,OK,BANK CHARGES
30-Apr-25,SBI BANK- 54238,0.0,250000.0,250000.0,Credit,Bank Charges,0.7040702993410379,Bank Charges Expense,Bank Charges Expense Dr | To Bank,Expense,OK,SBI BANK- 54238
30-Apr-25,Diesel and Petrol Charges,34977.66,0.0,34977.66,Debit,Bank Charges,0.5480258930308662,Bank Charges Expense,Bank Charges Expense Dr | To Bank,Expense,REVIEW,DIESEL AND PETROL CHARGES
05-May-25,BANK CHARGES,5.9,0.0,5.9,Debit,Bank Charges,0.9782004775625852,Bank Charges Expense,Bank Charges Expense Dr | To Bank,Expense,OK,BANK CHARGES
06-May-25,Annual Milestone Charges,10000.0,0.0,10000.0,Debit,Bank Charges,0.5480258930308662,Bank Charges Expense,Bank Charges Expense Dr | To Bank,Expense,REVIEW,ANNUAL MILESTONE CHARGES
06-May-25,TRANSACTION CHARGES,79854.34,0.0,79854.34,Debit,Bank Charges,0.968253967481553,Bank Charges Expense,Bank Charges Expense Dr | To Bank,Expense,OK,TRANSACTION CHARGES
08-May-25,SBI BANK- 54238,0.0,3153000.0,3153000.0,Credit,Bank Charges,0.7040702993410379,Bank Charges Expense,Bank Charges Expense Dr | To Bank,Expense,OK,SBI BANK- 54238
08-May-25,SBI BANK- 54238,0.0,2248000.0,2248000.0,Credit,Bank Charges,0.7040702993410379,Bank Charges Expense,Bank Charges Expense Dr | To Bank,Expense,OK,SBI BANK- 54238
09-May-25,BANK CHARGES,5.9,0.0,5.9,Debit,Bank Charges,0.9782004775625852,Bank Charges Expense,Bank Charges Expense Dr | To Bank,Expense,OK,BANK CHARGES
21-May-25,SBI BANK- 54238,0.0,6473000.0,6473000.0,Credit,Bank Charges,0.7040702993410379,Bank Charges Expense,Bank Charges Expense Dr | To Bank,Expense,OK,SBI BANK- 54238
29-May-25,BANK CHARGES,5.9,0.0,5.9,Debit,Bank Charges,0.9782004775625852,Bank Charges Expense,Bank Charges Expense Dr | To Bank,Expense,OK,BANK CHARGES
31-May-25,BANK CHARGES,70.8,0.0,70.8,Debit,Bank Charges,0.9782004775625852,Bank Charges Expense,Bank Charges Expense Dr | To Bank,Expense,OK,BANK CHARGES
31-May-25,Diesel and Petrol Charges,28585.12,0.0,28585.12,Debit,Bank Charges,0.5480258930308662,Bank Charges Expense,Bank Charges Expense Dr | To Bank,Expense,REVIEW,DIESEL AND PETROL CHARGES
04-Jun-25,BANK CHARGES,4.02,0.0,4.02,Debit,Bank Charges,0.9782004775625852,Bank Charges Expense,Bank Charges Expense Dr | To Bank,Expense,OK,BANK CHARGES
06-Jun-25,SBI BANK- 54238,0.0,1235471.0,1235471.0,Credit,Bank Charges,0.7040702993410379,Bank Charges Expense,Bank Charges Expense Dr | To Bank,Expense,OK,SBI BANK- 54238
27-Jun-25,BANK CHARGES,5.9,0.0,5.9,Debit,Bank Charges,0.9782004775625852,Bank Charges Expense,Bank Charges Expense Dr | To Bank,Expense,OK,BANK CHARGES
30-Jun-25,BANK CHARGES,5.9,0.0,5.9,Debit,Bank Charges,0.9782004775625852,Bank Charges Expense,Bank Charges Expense Dr | To Bank,Expense,OK,BANK CHARGES
30-Jun-25,BANK CHARGES,1817.2,0.0,1817.2,Debit,Bank Charges,0.9782004775625852,Bank Charges Expense,Bank Charges Expense Dr | To Bank,Expense,OK,BANK CHARGES
30-Jun-25,Diesel and Petrol Charges,18365.43,0.0,18365.43,Debit,Bank Charges,0.5480258930308662,Bank Charges Expense,Bank Charges Expense Dr | To Bank,Expense,REVIEW,DIESEL AND PETROL CHARGES
01-Jul-25,BANK CHARGES,5.9,0.0,5.9,Debit,Bank Charges,0.9782004775625852,Bank Charges Expense,Bank Charges Expense Dr | To Bank,Expense,OK,BANK CHARGES
08-Jul-25,HDFC BANK - 95177,0.0,350000.0,350000.0,Credit,Bank Charges,0.7040702993410379,Bank Charges Expense,Bank Charges Expense Dr | To Bank,Expense,OK,HDFC BANK - 95177
16-Jul-25,SBI BANK- 54238,0.0,3300000.0,3300000.0,Credit,Bank Charges,0.7040702993410379,Bank Charges Expense,Bank Charges Expense Dr | To Bank,Expense,OK,SBI BANK- 54238
19-Jul-25,SBI BANK- 54238,0.0,2550000.0,2550000.0,Credit,Bank Charges,0.7040702993410379,Bank Charges Expense,Bank Charges Expense Dr | To Bank,Expense,OK,SBI BANK- 54238
22-Jul-25,SBI BANK- 54238,0.0,1215000.0,1215000.0,Credit,Bank Charges,0.7040702993410379,Bank Charges Expense,Bank Charges Expense Dr | To Bank,Expense,OK,SBI BANK- 54238
28-Jul-25,SBI BANK- 54238,0.0,1060000.0,1060000.0,Credit,Bank Charges,0.7040702993410379,Bank Charges Expense,Bank Charges Expense Dr | To Bank,Expense,OK,SBI BANK- 54238
28-Jul-25,BANK CHARGES,5.9,0.0,5.9,Debit,Bank Charges,0.9782004775625852,Bank Charges Expense,Bank Charges Expense Dr | To Bank,Expense,OK,BANK CHARGES
29-Jul-25,SBI BANK- 54238,0.0,1378000.0,1378000.0,Credit,Bank Charges,0.7040702993410379,Bank Charges Expense,Bank Charges Expense Dr | To Bank,Expense,OK,SBI BANK- 54238
29-Jul-25,BANK CHARGES,5.9,0.0,5.9,Debit,Bank Charges,0.9782004775625852,Bank Charges Expense,Bank Charges Expense Dr | To Bank,Expense,OK,BANK CHARGES
30-Jul-25,BANK CHARGES,5.9,0.0,5.9,Debit,Bank Charges,0.9782004775625852,Bank Charges Expense,Bank Charges Expense Dr | To Bank,Expense,OK,BANK CHARGES
31-Jul-25,BANK CHARGES,5.9,0.0,5.9,Debit,Bank Charges,0.9782004775625852,Bank Charges Expense,Bank Charges Expense Dr | To Bank,Expense,OK,BANK CHARGES
31-Jul-25,BANK CHARGES,266.68,0.0,266.68,Debit,Bank Charges,0.9782004775625852,Bank Charges Expense,Bank Charges Expense Dr | To Bank,Expense,OK,BANK CHARGES
31-Jul-25,Diesel and Petrol Charges,27049.22,0.0,27049.22,Debit,Bank Charges,0.5480258930308662,Bank Charges Expense,Bank Charges Expense Dr | To Bank,Expense,REVIEW,DIESEL AND PETROL CHARGES
05-Aug-25,SBI BANK- 54238,0.0,5350000.0,5350000.0,Credit,Bank Charges,0.7040702993410379,Bank Charges Expense,Bank Charges Expense Dr | To Bank,Expense,OK,SBI BANK- 54238
06-Aug-25,SBI BANK- 54238,0.0,1700000.0,1700000.0,Credit,Bank Charges,0.7040702993410379,Bank Charges Expense,Bank Charges Expense Dr | To Bank,Expense,OK,SBI BANK- 54238
07-Aug-25,BANK CHARGES,5.9,0.0,5.9,Debit,Bank Charges,0.9782004775625852,Bank Charges Expense,Bank Charges Expense Dr | To Bank,Expense,OK,BANK CHARGES
08-Aug-25,BANK CHARGES,5.9,0.0,5.9,Debit,Bank Charges,0.9782004775625852,Bank Charges Expense,Bank Charges Expense Dr | To Bank,Expense,OK,BANK CHARGES
20-Aug-25,SBI BANK- 54238,0.0,1230000.0,1230000.0,Credit,Bank Charges,0.7040702993410379,Bank Charges Expense,Bank Charges Expense Dr | To Bank,Expense,OK,SBI BANK- 54238
21-Aug-25,SBI BANK- 54238,0.0,2360000.0,2360000.0,Credit,Bank Charges,0.7040702993410379,Bank Charges Expense,Bank Charges Expense Dr | To Bank,Expense,OK,SBI BANK- 54238
26-Aug-25,SBI BANK- 54238,0.0,1150000.0,1150000.0,Credit,Bank Charges,0.7040702993410379,Bank Charges Expense,Bank Charges Expense Dr | To Bank,Expense,OK,SBI BANK- 54238
27-Aug-25,SBI BANK- 54238,0.0,1340000.0,1340000.0,Credit,Bank Charges,0.7040702993410379,Bank Charges Expense,Bank Charges Expense Dr | To Bank,Expense,OK,SBI BANK- 54238
27-Aug-25,BANK CHARGES,118.0,0.0,118.0,Debit,Bank Charges,0.9782004775625852,Bank Charges Expense,Bank Charges Expense Dr | To Bank,Expense,OK,BANK CHARGES
29-Aug-25,SBI BANK- 54238,0.0,760000.0,760000.0,Credit,Bank Charges,0.7040702993410379,Bank Charges Expense,Bank Charges Expense Dr | To Bank,Expense,OK,SBI BANK- 54238
30-Aug-25,BANK CHARGES,5.9,0.0,5.9,Debit,Bank Charges,0.9782004775625852,Bank Charges Expense,Bank Charges Expense Dr | To Bank,Expense,OK,BANK CHARGES
31-Aug-25,BANK CHARGES,1870.3,0.0,1870.3,Debit,Bank Charges,0.9782004775625852,Bank Charges Expense,Bank Charges Expense Dr | To Bank,Expense,OK,BANK CHARGES
31-Aug-25,Diesel and Petrol Charges,25453.35,0.0,25453.35,Debit,Bank Charges,0.5480258930308662,Bank Charges Expense,Bank Charges Expense Dr | To Bank,Expense,REVIEW,DIESEL AND PETROL CHARGES
02-Sep-25,SBI BANK- 54238,0.0,204000.0,204000.0,Credit,Bank Charges,0.7040702993410379,Bank Charges Expense,Bank Charges Expense Dr | To Bank,Expense,OK,SBI BANK- 54238
06-Sep-25,BANK CHARGES,5.9,0.0,5.9,Debit,Bank Charges,0.9782004775625852,Bank Charges Expense,Bank Charges Expense Dr | To Bank,Expense,OK,BANK CHARGES
09-Sep-25,SBI BANK- 54238,0.0,2260000.0,2260000.0,Credit,Bank Charges,0.7040702993410379,Bank Charges Expense,Bank Charges Expense Dr | To Bank,Expense,OK,SBI BANK- 54238
11-Sep-25,SBI BANK- 54238,0.0,680000.0,680000.0,Credit,Bank Charges,0.7040702993410379,Bank Charges Expense,Bank Charges Expense Dr | To Bank,Expense,OK,SBI BANK- 54238
11-Sep-25,BANK CHARGES,5.9,0.0,5.9,Debit,Bank Charges,0.9782004775625852,Bank Charges Expense,Bank Charges Expense Dr | To Bank,Expense,OK,BANK CHARGES
15-Sep-25,HDFC BANK - 95177,0.0,200000.0,200000.0,Credit,Bank Charges,0.7040702993410379,Bank Charges Expense,Bank Charges Expense Dr | To Bank,Expense,OK,HDFC BANK - 95177
16-Sep-25,SBI BANK- 54238,0.0,1225000.0,1225000.0,Credit,Bank Charges,0.7040702993410379,Bank Charges Expense,Bank Charges Expense Dr | To Bank,Expense,OK,SBI BANK- 54238
17-Sep-25,SBI BANK- 54238,0.0,455000.0,455000.0,Credit,Bank Charges,0.7040702993410379,Bank Charges Expense,Bank Charges Expense Dr | To Bank,Expense,OK,SBI BANK- 54238
19-Sep-25,SBI BANK- 54238,0.0,4365000.0,4365000.0,Credit,Bank Charges,0.7040702993410379,Bank Charges Expense,Bank Charges Expense Dr | To Bank,Expense,OK,SBI BANK- 54238
19-Sep-25,SBI BANK- 54238,0.0,215000.0,215000.0,Credit,Bank Charges,0.7040702993410379,Bank Charges Expense,Bank Charges Expense Dr | To Bank,Expense,OK,SBI BANK- 54238
24-Sep-25,TRANSACTION CHARGES,114116.52,0.0,114116.52,Debit,Bank Charges,0.968253967481553,Bank Charges Expense,Bank Charges Expense Dr | To Bank,Expense,OK,TRANSACTION CHARGES
27-Sep-25,BANK CHARGES,5.9,0.0,5.9,Debit,Bank Charges,0.9782004775625852,Bank Charges Expense,Bank Charges Expense Dr | To Bank,Expense,OK,BANK CHARGES
30-Sep-25,BANK CHARGES,25000.0,0.0,25000.0,Debit,Bank Charges,0.9782004775625852,Bank Charges Expense,Bank Charges Expense Dr | To Bank,Expense,OK,BANK CHARGES
30-Sep-25,Diesel and Petrol Charges,25937.0,0.0,25937.0,Debit,Bank Charges,0.5480258930308662,Bank Charges Expense,Bank Charges Expense Dr | To Bank,Expense,REVIEW,DIESEL AND PETROL CHARGES
02-Oct-25,SBI BANK- 54238,0.0,275000.0,275000.0,Credit,Bank Charges,0.7040702993410379,Bank Charges Expense,Bank Charges Expense Dr | To Bank,Expense,OK,SBI BANK- 54238
04-Oct-25,BANK CHARGES,5.9,0.0,5.9,Debit,Bank Charges,0.9782004775625852,Bank Charges Expense,Bank Charges Expense Dr | To Bank,Expense,OK,BANK CHARGES
06-Oct-25,BANK CHARGES,5.42,0.0,5.42,Debit,Bank Charges,0.9782004775625852,Bank Charges Expense,Bank Charges Expense Dr | To Bank,Expense,OK,BANK CHARGES
09-Oct-25,BANK CHARGES,5.9,0.0,5.9,Debit,Bank Charges,0.9782004775625852,Bank Charges Expense,Bank Charges Expense Dr | To Bank,Expense,OK,BANK CHARGES
11-Oct-25,SBI BANK- 54238,0.0,4700000.0,4700000.0,Credit,Bank Charges,0.7040702993410379,Bank Charges Expense,Bank Charges Expense Dr | To Bank,Expense,OK,SBI BANK- 54238
12-Oct-25,Diesel and Petrol Charges,3900.0,0.0,3900.0,Debit,Bank Charges,0.5480258930308662,Bank Charges Expense,Bank Charges Expense Dr | To Bank,Expense,REVIEW,DIESEL AND PETROL CHARGES
14-Oct-25,SBI BANK- 54238,0.0,3020000.0,3020000.0,Credit,Bank Charges,0.7040702993410379,Bank Charges Expense,Bank Charges Expense Dr | To Bank,Expense,OK,SBI BANK- 54238
16-Oct-25,BANK CHARGES,5.9,0.0,5.9,Debit,Bank Charges,0.9782004775625852,Bank Charges Expense,Bank Charges Expense Dr | To Bank,Expense,OK,BANK CHARGES
28-Oct-25,BANK CHARGES,5.9,0.0,5.9,Debit,Bank Charges,0.9782004775625852,Bank Charges Expense,Bank Charges Expense Dr | To Bank,Expense,OK,BANK CHARGES
01-Nov-25,SBI BANK- 54238,0.0,2525000.0,2525000.0,Credit,Bank Charges,0.7040702993410379,Bank Charges Expense,Bank Charges Expense Dr | To Bank,Expense,OK,SBI BANK- 54238
01-Nov-25,BANK CHARGES,1309.8,0.0,1309.8,Debit,Bank Charges,0.9782004775625852,Bank Charges Expense,Bank Charges Expense Dr | To Bank,Expense,OK,BANK CHARGES
06-Nov-25,BANK CHARGES,5.9,0.0,5.9,Debit,Bank Charges,0.9782004775625852,Bank Charges Expense,Bank Charges Expense Dr | To Bank,Expense,OK,BANK CHARGES
07-Nov-25,BANK CHARGES,590.0,0.0,590.0,Debit,Bank Charges,0.9782004775625852,Bank Charges Expense,Bank Charges Expense Dr | To Bank,Expense,OK,BANK CHARGES
12-Nov-25,ICICI Bank Ltd,44073.0,0.0,44073.0,Debit,Bank Charges,0.7040702993410379,Bank Charges Expense,Bank Charges Expense Dr | To Bank,Expense,OK,ICICI BANK LTD
18-Nov-25,SBI BANK- 54238,0.0,2325000.0,2325000.0,Credit,Bank Charges,0.7040702993410379,Bank Charges Expense,Bank Charges Expense Dr | To Bank,Expense,OK,SBI BANK- 54238
21-Nov-25,SBI BANK- 54238,0.0,2771000.0,2771000.0,Credit,Bank Charges,0.7040702993410379,Bank Charges Expense,Bank Charges Expense Dr | To Bank,Expense,OK,SBI BANK- 54238
21-Nov-25,BANK CHARGES,5.9,0.0,5.9,Debit,Bank Charges,0.9782004775625852,Bank Charges Expense,Bank Charges Expense Dr | To Bank,Expense,OK,BANK CHARGES
26-Nov-25,SBI BANK- 54238,0.0,1400000.0,1400000.0,Credit,Bank Charges,0.7040702993410379,Bank Charges Expense,Bank Charges Expense Dr | To Bank,Expense,OK,SBI BANK- 54238
27-Nov-25,BANK CHARGES,5.9,0.0,5.9,Debit,Bank Charges,0.9782004775625852,Bank Charges Expense,Bank Charges Expense Dr | To Bank,Expense,OK,BANK CHARGES
28-Nov-25,ICICI Bank Ltd,14691.0,0.0,14691.0,Debit,Bank Charges,0.7040702993410379,Bank Charges Expense,Bank Charges Expense Dr | To Bank,Expense,OK,ICICI BANK LTD
29-Nov-25,TRANSACTION CHARGES,283174.35,0.0,283174.35,Debit,Bank Charges,0.968253967481553,Bank Charges Expense,Bank Charges Expense Dr | To Bank,Expense,OK,TRANSACTION CHARGES
30-Nov-25,Diesel and Petrol Charges,1000.0,0.0,1000.0,Debit,Bank Charges,0.5480258930308662,Bank Charges Expense,Bank Charges Expense Dr | To Bank,Expense,REVIEW,DIESEL AND PETROL CHARGES
30-Nov-25,Diesel and Petrol Charges,6500.0,0.0,6500.0,Debit,Bank Charges,0.5480258930308662,Bank Charges Expense,Bank Charges Expense Dr | To Bank,Expense,REVIEW,DIESEL AND PETROL CHARGES
30-Nov-25,BANK CHARGES,280.84,0.0,280.84,Debit,Bank Charges,0.9782004775625852,Bank Charges Expense,Bank Charges Expense Dr | To Bank,Expense,OK,BANK CHARGES
30-Nov-25,BANK CHARGES,5.9,0.0,5.9,Debit,Bank Charges,0.9782004775625852,Bank Charges Expense,Bank Charges Expense Dr | To Bank,Expense,OK,BANK CHARGES
02-Dec-25,BANK CHARGES,4.48,0.0,4.48,Debit,Bank Charges,0.9782004775625852,Bank Charges Expense,Bank Charges Expense Dr | To Bank,Expense,OK,BANK CHARGES
26-Dec-25,SBI BANK- 54238,0.0,3200000.0,3200000.0,Credit,Bank Charges,0.7040702993410379,Bank Charges Expense,Bank Charges Expense Dr | To Bank,Expense,OK,SBI BANK- 54238
29-Dec-25,HDFC BANK - 95177,0.0,200000.0,200000.0,Credit,Bank Charges,0.7040702993410379,Bank Charges Expense,Bank Charges Expense Dr | To Bank,Expense,OK,HDFC BANK - 95177
31-Dec-25,Diesel and Petrol Charges,26593.14,0.0,26593.14,Debit,Bank Charges,0.5480258930308662,Bank Charges Expense,Bank Charges Expense Dr | To Bank,Expense,REVIEW,DIESEL AND PETROL CHARGES
02-Jan-26,BANK CHARGES,3050.3,0.0,3050.3,Debit,Bank Charges,0.9782004775625852,Bank Charges Expense,Bank Charges Expense Dr | To Bank,Expense,OK,BANK CHARGES
02-Jan-26,BANK CHARGES,337.48,0.0,337.48,Debit,Bank Charges,0.9782004775625852,Bank Charges Expense,Bank Charges Expense Dr | To Bank,Expense,OK,BANK CHARGES
06-Jan-26,BANK CHARGES,1628.4,0.0,1628.4,Debit,Bank Charges,0.9782004775625852,Bank Charges Expense,Bank Charges Expense Dr | To Bank,Expense,OK,BANK CHARGES
07-Jan-26,BANK CHARGES,501.5,0.0,501.5,Debit,Bank Charges,0.9782004775625852,Bank Charges Expense,Bank Charges Expense Dr | To Bank,Expense,OK,BANK CHARGES
08-Jan-26,BANK CHARGES,139.24,0.0,139.24,Debit,Bank Charges,0.9782004775625852,Bank Charges Expense,Bank Charges Expense Dr | To Bank,Expense,OK,BANK CHARGES
09-Jan-26,BANK CHARGES,177.0,0.0,177.0,Debit,Bank Charges,0.9782004775625852,Bank Charges Expense,Bank Charges Expense Dr | To Bank,Expense,OK,BANK CHARGES
17-Jan-26,BANK CHARGES,153.4,0.0,153.4,Debit,Bank Charges,0.9782004775625852,Bank Charges Expense,Bank Charges Expense Dr | To Bank,Expense,OK,BANK CHARGES
20-Jan-26,SBI BANK- 54238,0.0,5000000.0,5000000.0,Credit,Bank Charges,0.7040702993410379,Bank Charges Expense,Bank Charges Expense Dr | To Bank,Expense,OK,SBI BANK- 54238
21-Jan-26,SBI BANK- 54238,0.0,800000.0,800000.0,Credit,Bank Charges,0.7040702993410379,Bank Charges Expense,Bank Charges Expense Dr | To Bank,Expense,OK,SBI BANK- 54238
31-Jan-26,Diesel and Petrol Charges,23698.41,0.0,23698.41,Debit,Bank Charges,0.5480258930308662,Bank Charges Expense,Bank Charges Expense Dr | To Bank,Expense,REVIEW,DIESEL AND PETROL CHARGES
05-Feb-26,SBI BANK- 54238,0.0,2685000.0,2685000.0,Credit,Bank Charges,0.7040702993410379,Bank Charges Expense,Bank Charges Expense Dr | To Bank,Expense,OK,SBI BANK- 54238
06-Feb-26,SBI BANK- 54238,0.0,1012900.0,1012900.0,Credit,Bank Charges,0.7040702993410379,Bank Charges Expense,Bank Charges Expense Dr | To Bank,Expense,OK,SBI BANK- 54238
09-Feb-26,SBI BANK- 54238,0.0,3000000.0,3000000.0,Credit,Bank Charges,0.7040702993410379,Bank Charges Expense,Bank Charges Expense Dr | To Bank,Expense,OK,SBI BANK- 54238
11-Feb-26,HDFC BANK - 95177,0.0,200000.0,200000.0,Credit,Bank Charges,0.7040702993410379,Bank Charges Expense,Bank Charges Expense Dr | To Bank,Expense,OK,HDFC BANK - 95177
14-Feb-26,BANK CHARGES,1463.2,0.0,1463.2,Debit,Bank Charges,0.9782004775625852,Bank Charges Expense,Bank Charges Expense Dr | To Bank,Expense,OK,BANK CHARGES
23-Feb-26,HDFC BANK - 95177,0.0,200000.0,200000.0,Credit,Bank Charges,0.7040702993410379,Bank Charges Expense,Bank Charges Expense Dr | To Bank,Expense,OK,HDFC BANK - 95177
23-Feb-26,SBI BANK- 54238,0.0,3200000.0,3200000.0,Credit,Bank Charges,0.7040702993410379,Bank Charges Expense,Bank Charges Expense Dr | To Bank,Expense,OK,SBI BANK- 54238
26-Feb-26,SBI BANK- 54238,0.0,1700000.0,1700000.0,Credit,Bank Charges,0.7040702993410379,Bank Charges Expense,Bank Charges Expense Dr | To Bank,Expense,OK,SBI BANK- 54238
28-Feb-26,Diesel and Petrol Charges,23354.98,0.0,23354.98,Debit,Bank Charges,0.5480258930308662,Bank Charges Expense,Bank Charges Expense Dr | To Bank,Expense,REVIEW,DIESEL AND PETROL CHARGES
01-Mar-26,BANK CHARGES,7.08,0.0,7.08,Debit,Bank Charges,0.9782004775625852,Bank Charges Expense,Bank Charges Expense Dr | To Bank,Expense,OK,BANK CHARGES
07-Mar-26,BANK CHARGES,572.3,0.0,572.3,Debit,Bank Charges,0.9782004775625852,Bank Charges Expense,Bank Charges Expense Dr | To Bank,Expense,OK,BANK CHARGES
07-Mar-26,TRANSACTION CHARGES,68597.51,0.0,68597.51,Debit,Bank Charges,0.968253967481553,Bank Charges Expense,Bank Charges Expense Dr | To Bank,Expense,OK,TRANSACTION CHARGES
11-Mar-26,BANK CHARGES,18521.0,0.0,18521.0,Debit,Bank Charges,0.9782004775625852,Bank Charges Expense,Bank Charges Expense Dr | To Bank,Expense,OK,BANK CHARGES
11-Mar-26,BANK CHARGES,826.0,0.0,826.0,Debit,Bank Charges,0.9782004775625852,Bank Charges Expense,Bank Charges Expense Dr | To Bank,Expense,OK,BANK CHARGES
11-Mar-26,BANK CHARGES,649.0,0.0,649.0,Debit,Bank Charges,0.9782004775625852,Bank Charges Expense,Bank Charges Expense Dr | To Bank,Expense,OK,BANK CHARGES
13-Mar-26,BANK CHARGES,649.0,0.0,649.0,Debit,Bank Charges,0.9782004775625852,Bank Charges Expense,Bank Charges Expense Dr | To Bank,Expense,OK,BANK CHARGES
19-Mar-26,SBI BANK- 54238,0.0,4650000.0,4650000.0,Credit,Bank Charges,0.7040702993410379,Bank Charges Expense,Bank Charges Expense Dr | To Bank,Expense,OK,SBI BANK- 54238
25-Mar-26,Diesel and Petrol Charges,800.0,0.0,800.0,Debit,Bank Charges,0.5480258930308662,Bank Charges Expense,Bank Charges Expense Dr | To Bank,Expense,REVIEW,DIESEL AND PETROL CHARGES
25-Mar-26,Diesel and Petrol Charges,19199.67,0.0,19199.67,Debit,Bank Charges,0.5480258930308662,Bank Charges Expense,Bank Charges Expense Dr | To Bank,Expense,REVIEW,DIESEL AND PETROL CHARGES
25-Mar-26,BANK CHARGES,1085.6,0.0,1085.6,Debit,Bank Charges,0.9782004775625852,Bank Charges Expense,Bank Charges Expense Dr | To Bank,Expense,OK,BANK CHARGES
26-Mar-26,HDFC BANK - 95177,0.0,300000.0,300000.0,Credit,Bank Charges,0.7040702993410379,Bank Charges Expense,Bank Charges Expense Dr | To Bank,Expense,OK,HDFC BANK - 95177
26-Mar-26,BANK CHARGES,112407.13,0.0,112407.13,Debit,Bank Charges,0.9782004775625852,Bank Charges Expense,Bank Charges Expense Dr | To Bank,Expense,OK,BANK CHARGES
27-Mar-26,BANK CHARGES,118.0,0.0,118.0,Debit,Bank Charges,0.9782004775625852,Bank Charges Expense,Bank Charges Expense Dr | To Bank,Expense,OK,BANK CHARGES
30-Mar-26,SBI BANK- 54238,0.0,113000.0,113000.0,Credit,Bank Charges,0.7040702993410379,Bank Charges Expense,Bank Charges Expense Dr | To Bank,Expense,OK,SBI BANK- 54238
30-Mar-26,BANK CHARGES,28.32,0.0,28.32,Debit,Bank Charges,0.9782004775625852,Bank Charges Expense,Bank Charges Expense Dr | To Bank,Expense,OK,BANK CHARGES
