employee_id,days_present,absent_days,overtime_hours
E1,20,11,2
E2,27,4,26
E3,24,7,49
E4,29,2,26
E5,24,7,9
E6,25,6,4
E7,30,1,2
E8,23,8,42
E9,24,7,5
E10,29,2,40
E11,26,5,37
E12,28,3,23
E13,21,10,8
E14,26,5,38
E15,30,1,1
E16,27,4,15
E17,22,9,48
E18,25,6,3
E19,29,2,41
E20,27,4,27
E21,25,6,24
E22,21,10,17
E23,24,7,15
E24,31,0,17
E25,23,8,27
E26,20,11,39
E27,27,4,13
E28,22,9,17
E29,26,5,49
E30,27,4,4
E31,24,7,23
E32,21,10,45
E33,27,4,39
E34,21,10,17
E35,22,9,8
E36,30,1,0
E37,25,6,16
E38,23,8,20
E39,24,7,18
E40,31,0,13
E41,24,7,15
E42,22,9,31
E43,31,0,30
E44,24,7,47
E45,20,11,36
E46,30,1,38
E47,28,3,46
E48,30,1,10
E49,30,1,13
E50,30,1,23
E51,22,9,45
E52,29,2,45
E53,29,2,25
E54,25,6,25
E55,28,3,25
E56,23,8,27
E57,22,9,9
E58,30,1,34
E59,31,0,25
E60,31,0,22
E61,31,0,35
E62,27,4,43
E63,27,4,12
E64,21,10,36
E65,22,9,45
E66,27,4,40
E67,21,10,13
E68,23,8,20
E69,27,4,0
E70,29,2,4
E71,22,9,31
E72,24,7,1
E73,28,3,34
E74,30,1,50
E75,21,10,43
E76,31,0,6
E77,31,0,8
E78,20,11,11
E79,30,1,37
E80,20,11,14
E81,28,3,28
E82,24,7,11
E83,28,3,18
E84,30,1,11
E85,26,5,17
E86,20,11,21
E87,31,0,33
E88,21,10,15
E89,28,3,18
E90,28,3,42
E91,31,0,39
E92,30,1,50
E93,25,6,41
E94,31,0,45
E95,30,1,31
E96,22,9,42
E97,22,9,42
E98,28,3,45
E99,27,4,19
E100,25,6,48
E101,25,6,14
E102,23,8,31
E103,22,9,31
E104,27,4,38
E105,28,3,44
E106,27,4,29
E107,21,10,0
E108,30,1,25
E109,24,7,19
E110,27,4,28
E111,21,10,0
E112,20,11,3
E113,22,9,31
E114,27,4,1
E115,26,5,43
E116,28,3,5
E117,25,6,34
E118,29,2,41
E119,31,0,45
E120,21,10,5
E121,20,11,23
E122,25,6,10
E123,24,7,44
E124,25,6,31
E125,22,9,37
E126,22,9,1
E127,21,10,11
E128,24,7,0
E129,21,10,22
E130,31,0,5
E131,23,8,16
E132,26,5,50
E133,30,1,42
E134,21,10,37
E135,31,0,27
E136,20,11,24
E137,26,5,43
E138,22,9,27
E139,21,10,14
E140,28,3,30
E141,27,4,20
E142,23,8,2
E143,26,5,5
E144,31,0,7
E145,21,10,19
E146,22,9,47
E147,31,0,41
E148,31,0,9
E149,30,1,47
E150,30,1,5
E151,25,6,25
E152,27,4,1
E153,21,10,32
E154,20,11,28
E155,29,2,25
E156,24,7,48
E157,26,5,21
E158,25,6,41
E159,28,3,10
E160,27,4,43
E161,29,2,39
E162,21,10,13
E163,24,7,39
E164,24,7,46
E165,24,7,18
E166,25,6,12
E167,23,8,3
E168,21,10,32
E169,21,10,42
E170,25,6,37
E171,30,1,0
E172,25,6,5
E173,25,6,49
E174,31,0,31
E175,26,5,18
E176,31,0,24
E177,30,1,17
E178,27,4,2
E179,30,1,23
E180,26,5,16
E181,20,11,6
E182,27,4,11
E183,31,0,18
E184,29,2,0
E185,26,5,18
E186,22,9,35
E187,29,2,49
E188,25,6,30
E189,26,5,1
E190,23,8,9
E191,20,11,20
E192,29,2,40
E193,29,2,23
E194,29,2,49
E195,31,0,15
E196,31,0,29
E197,28,3,19
E198,27,4,18
E199,29,2,23
E200,30,1,32
E201,30,1,40
E202,30,1,43
E203,21,10,23
E204,27,4,0
E205,28,3,17
E206,23,8,15
E207,22,9,22
E208,25,6,4
E209,26,5,35
E210,29,2,45
E211,31,0,49
E212,31,0,45
E213,27,4,21
E214,21,10,7
E215,29,2,16
E216,21,10,40
E217,31,0,41
E218,21,10,17
E219,31,0,28
E220,25,6,49
E221,24,7,22
E222,30,1,10
E223,24,7,16
E224,27,4,50
E225,20,11,14
E226,20,11,20
E227,28,3,42
E228,28,3,14
E229,23,8,4
E230,20,11,1
E231,24,7,18
E232,31,0,16
E233,21,10,36
E234,29,2,42
E235,27,4,10
E236,30,1,3
E237,23,8,17
E238,24,7,20
E239,22,9,42
E240,23,8,7
E241,30,1,28
E242,21,10,21
E243,29,2,0
E244,22,9,23
E245,24,7,32
E246,29,2,47
E247,24,7,28
E248,20,11,2
E249,23,8,8
E250,20,11,8
E251,29,2,20
E252,22,9,1
E253,24,7,35
E254,27,4,2
E255,24,7,15
E256,20,11,28
E257,23,8,16
E258,25,6,46
E259,27,4,39
E260,25,6,10
E261,22,9,35
E262,20,11,34
E263,23,8,45
E264,30,1,8
E265,25,6,19
E266,30,1,22
E267,20,11,38
E268,31,0,25
E269,27,4,37
E270,23,8,2
E271,31,0,31
E272,30,1,22
E273,29,2,19
E274,26,5,40
E275,20,11,35
E276,20,11,46
E277,20,11,34
E278,30,1,36
E279,30,1,32
E280,21,10,2
E281,28,3,11
E282,24,7,37
E283,30,1,27
E284,30,1,42
E285,21,10,32
E286,30,1,22
E287,22,9,49
E288,21,10,24
E289,30,1,35
E290,29,2,43
E291,30,1,46
E292,28,3,13
E293,22,9,42
E294,27,4,3
E295,29,2,8
E296,23,8,47
E297,29,2,26
E298,25,6,22
E299,22,9,8
E300,25,6,13
E301,24,7,22
E302,20,11,1
E303,29,2,33
E304,25,6,8
E305,20,11,46
E306,28,3,17
E307,25,6,31
E308,28,3,49
E309,20,11,7
E310,31,0,17
E311,25,6,41
E312,25,6,50
E313,25,6,34
E314,26,5,23
E315,24,7,37
E316,24,7,36
E317,22,9,49
E318,21,10,1
E319,25,6,43
E320,26,5,48
E321,21,10,36
E322,28,3,33
E323,20,11,18
E324,27,4,35
E325,30,1,8
E326,26,5,26
E327,22,9,15
E328,23,8,27
E329,25,6,12
E330,31,0,25
E331,25,6,30
E332,27,4,45
E333,27,4,35
E334,20,11,36
E335,23,8,29
E336,24,7,9
E337,20,11,6
E338,22,9,10
E339,20,11,12
E340,23,8,49
E341,31,0,28
E342,25,6,39
E343,27,4,13
E344,27,4,6
E345,25,6,37
E346,28,3,8
E347,30,1,18
E348,25,6,5
E349,22,9,20
E350,24,7,5
E351,22,9,39
E352,21,10,17
E353,25,6,37
E354,24,7,46
E355,25,6,35
E356,29,2,14
E357,26,5,13
E358,29,2,8
E359,27,4,34
E360,21,10,21
E361,29,2,3
E362,27,4,24
E363,24,7,29
E364,26,5,36
E365,28,3,3
E366,24,7,1
E367,22,9,10
E368,31,0,13
E369,28,3,13
E370,23,8,22
E371,26,5,33
E372,26,5,23
E373,20,11,28
E374,31,0,48
E375,25,6,3
E376,27,4,39
E377,27,4,40
E378,26,5,47
E379,20,11,1
E380,21,10,22
E381,27,4,48
E382,23,8,16
E383,23,8,41
E384,29,2,38
E385,28,3,16
E386,27,4,46
E387,20,11,41
E388,30,1,47
E389,23,8,3
E390,25,6,1
E391,20,11,2
E392,23,8,4
E393,31,0,3
E394,28,3,17
E395,25,6,17
E396,29,2,10
E397,23,8,47
E398,23,8,30
E399,20,11,28
E400,24,7,4
E401,29,2,32
E402,20,11,2
E403,22,9,39
E404,31,0,15
E405,31,0,48
E406,29,2,48
E407,31,0,40
E408,30,1,16
E409,20,11,0
E410,22,9,18
E411,21,10,18
E412,27,4,48
E413,30,1,21
E414,25,6,42
E415,22,9,32
E416,29,2,31
E417,27,4,10
E418,25,6,16
E419,29,2,21
E420,30,1,41
E421,31,0,10
E422,27,4,25
E423,23,8,10
E424,29,2,3
E425,21,10,20
E426,31,0,50
E427,29,2,45
E428,24,7,49
E429,23,8,16
E430,25,6,41
E431,22,9,39
E432,26,5,16
E433,31,0,36
E434,23,8,18
E435,21,10,27
E436,22,9,15
E437,27,4,41
E438,21,10,13
E439,31,0,23
E440,29,2,42
E441,23,8,3
E442,27,4,39
E443,31,0,18
E444,20,11,27
E445,27,4,36
E446,27,4,2
E447,28,3,23
E448,31,0,24
E449,25,6,27
E450,20,11,18
E451,24,7,41
E452,21,10,44
E453,27,4,14
E454,27,4,38
E455,24,7,29
E456,21,10,7
E457,30,1,33
E458,25,6,11
E459,29,2,42
E460,28,3,7
E461,20,11,23
E462,23,8,29
E463,29,2,50
E464,27,4,10
E465,22,9,48
E466,21,10,20
E467,23,8,45
E468,24,7,24
E469,22,9,41
E470,20,11,32
E471,22,9,37
E472,27,4,32
E473,24,7,33
E474,27,4,22
E475,31,0,43
E476,31,0,35
E477,22,9,17
E478,28,3,50
E479,24,7,0
E480,30,1,46
E481,22,9,18
E482,31,0,30
E483,25,6,30
E484,22,9,1
E485,22,9,20
E486,29,2,48
E487,28,3,50
E488,20,11,45
E489,30,1,35
E490,27,4,37
E491,20,11,50
E492,31,0,33
E493,20,11,36
E494,22,9,14
E495,28,3,16
E496,26,5,7
E497,20,11,18
E498,24,7,29
E499,20,11,7
E500,24,7,3
