employee_id,ip_number,esi_wages,employee_eps_contribution,employer_eps_contribution
E1,IP200000,22906.92,171.8,744.47
E2,IP200001,18309.12,137.32,595.05
E3,IP200002,18836.31,141.27,612.18
E4,IP200003,31247.5,234.36,1015.54
E5,IP200004,20668.62,155.01,671.73
E6,IP200005,19607.69,147.06,637.25
E7,IP200006,27581.54,206.86,896.4
E8,IP200007,21377.62,160.33,694.77
E9,IP200008,26195.08,196.46,851.34
E10,IP200009,26611.96,199.59,864.89
E11,IP200010,27486.0,206.14,893.3
E12,IP200011,30320.77,227.41,985.43
E13,IP200012,15194.31,113.96,493.82
E14,IP200013,17879.0,134.09,581.07
E15,IP200014,24208.85,181.57,786.79
E16,IP200015,19378.73,145.34,629.81
E17,IP200016,20310.23,152.33,660.08
E18,IP200017,19657.69,147.43,638.87
E19,IP200018,18486.38,138.65,600.81
E20,IP200019,24150.46,181.13,784.89
E21,IP200020,23844.23,178.83,774.94
E22,IP200021,20556.58,154.17,668.09
E23,IP200022,19658.77,147.44,638.91
E24,IP200023,28292.27,212.19,919.5
E25,IP200024,14566.08,109.25,473.4
E26,IP200025,14055.38,105.42,456.8
E27,IP200026,20445.23,153.34,664.47
E28,IP200027,18975.85,142.32,616.72
E29,IP200028,23373.0,175.3,759.62
E30,IP200029,17256.12,129.42,560.82
E31,IP200030,16436.31,123.27,534.18
E32,IP200031,18380.65,137.85,597.37
E33,IP200032,26960.54,202.2,876.22
E34,IP200033,15784.73,118.39,513.0
E35,IP200034,23247.23,174.35,755.53
E36,IP200035,33040.38,247.8,1073.81
E37,IP200036,22008.65,165.06,715.28
E38,IP200037,14264.42,106.98,463.59
E39,IP200038,22760.31,170.7,739.71
E40,IP200039,28512.85,213.85,926.67
E41,IP200040,15348.0,115.11,498.81
E42,IP200041,21972.92,164.8,714.12
E43,IP200042,21549.77,161.62,700.37
E44,IP200043,14180.31,106.35,460.86
E45,IP200044,19844.62,148.83,644.95
E46,IP200045,23445.0,175.84,761.96
E47,IP200046,23221.69,174.16,754.7
E48,IP200047,31988.08,239.91,1039.61
E49,IP200048,25059.23,187.94,814.42
E50,IP200049,22930.38,171.98,745.24
E51,IP200050,16005.85,120.04,520.19
E52,IP200051,32339.46,242.55,1051.03
E53,IP200052,21012.73,157.6,682.91
E54,IP200053,26850.0,201.38,872.62
E55,IP200054,19076.62,143.07,619.99
E56,IP200055,19005.08,142.54,617.67
E57,IP200056,19563.08,146.72,635.8
E58,IP200057,22217.31,166.63,722.06
E59,IP200058,24788.08,185.91,805.61
E60,IP200059,22836.27,171.27,742.18
E61,IP200060,27120.23,203.4,881.41
E62,IP200061,29469.46,221.02,957.76
E63,IP200062,25616.77,192.13,832.55
E64,IP200063,19720.62,147.9,640.92
E65,IP200064,17524.69,131.44,569.55
E66,IP200065,20043.35,150.33,651.41
E67,IP200066,23231.65,174.24,755.03
E68,IP200067,19843.69,148.83,644.92
E69,IP200068,18593.65,139.45,604.29
E70,IP200069,32862.58,246.47,1068.03
E71,IP200070,24131.46,180.99,784.27
E72,IP200071,20350.15,152.63,661.38
E73,IP200072,23531.85,176.49,764.79
E74,IP200073,33774.23,253.31,1097.66
E75,IP200074,20567.88,154.26,668.46
E76,IP200075,22402.27,168.02,728.07
E77,IP200076,21057.35,157.93,684.36
E78,IP200077,20519.23,153.89,666.87
E79,IP200078,27604.62,207.03,897.15
E80,IP200079,12298.46,92.24,399.7
E81,IP200080,32292.62,242.19,1049.51
E82,IP200081,27389.54,205.42,890.16
E83,IP200082,31528.0,236.46,1024.66
E84,IP200083,24418.85,183.14,793.61
E85,IP200084,23331.0,174.98,758.26
E86,IP200085,22136.92,166.03,719.45
E87,IP200086,31578.27,236.84,1026.29
E88,IP200087,12352.04,92.64,401.44
E89,IP200088,29753.23,223.15,966.98
E90,IP200089,31305.08,234.79,1017.42
E91,IP200090,23601.73,177.01,767.06
E92,IP200091,30135.0,226.01,979.39
E93,IP200092,19388.46,145.41,630.12
E94,IP200093,18908.81,141.82,614.54
E95,IP200094,31007.31,232.55,1007.74
E96,IP200095,24894.69,186.71,809.08
E97,IP200096,20306.0,152.29,659.95
E98,IP200097,29062.92,217.97,944.54
E99,IP200098,17736.92,133.03,576.45
E100,IP200099,16468.27,123.51,535.22
E101,IP200100,27173.08,203.8,883.13
E102,IP200101,19345.65,145.09,628.73
E103,IP200102,24123.85,180.93,784.03
E104,IP200103,19023.58,142.68,618.27
E105,IP200104,30166.77,226.25,980.42
E106,IP200105,28818.35,216.14,936.6
E107,IP200106,13330.96,99.98,433.26
E108,IP200107,29050.38,217.88,944.14
E109,IP200108,24419.08,183.14,793.62
E110,IP200109,30726.0,230.44,998.6
E111,IP200110,14784.0,110.88,480.48
E112,IP200111,18470.0,138.53,600.27
E113,IP200112,12997.77,97.48,422.43
E114,IP200113,15780.46,118.35,512.86
E115,IP200114,19804.0,148.53,643.63
E116,IP200115,19083.08,143.12,620.2
E117,IP200116,25550.0,191.62,830.38
E118,IP200117,27957.12,209.68,908.61
E119,IP200118,29463.12,220.97,957.55
E120,IP200119,13977.92,104.83,454.28
E121,IP200120,20547.69,154.11,667.8
E122,IP200121,25154.81,188.66,817.53
E123,IP200122,19937.54,149.53,647.97
E124,IP200123,15509.62,116.32,504.06
E125,IP200124,23446.92,175.85,762.02
E126,IP200125,22406.15,168.05,728.2
E127,IP200126,22318.96,167.39,725.37
E128,IP200127,20122.15,150.92,653.97
E129,IP200128,14324.42,107.43,465.54
E130,IP200129,29794.58,223.46,968.32
E131,IP200130,19903.85,149.28,646.88
E132,IP200131,25550.0,191.62,830.38
E133,IP200132,33468.46,251.01,1087.72
E134,IP200133,19521.12,146.41,634.44
E135,IP200134,18541.58,139.06,602.6
E136,IP200135,21180.0,158.85,688.35
E137,IP200136,26563.0,199.22,863.3
E138,IP200137,17463.77,130.98,567.57
E139,IP200138,18051.92,135.39,586.69
E140,IP200139,25265.69,189.49,821.13
E141,IP200140,16377.58,122.83,532.27
E142,IP200141,20270.96,152.03,658.81
E143,IP200142,24080.0,180.6,782.6
E144,IP200143,18392.54,137.94,597.76
E145,IP200144,23942.42,179.57,778.13
E146,IP200145,13634.92,102.26,443.13
E147,IP200146,30976.15,232.32,1006.72
E148,IP200147,24247.96,181.86,788.06
E149,IP200148,20296.15,152.22,659.62
E150,IP200149,31340.77,235.06,1018.58
E151,IP200150,16010.58,120.08,520.34
E152,IP200151,29602.38,222.02,962.08
E153,IP200152,13137.12,98.53,426.96
E154,IP200153,18053.08,135.4,586.73
E155,IP200154,25076.08,188.07,814.97
E156,IP200155,26463.69,198.48,860.07
E157,IP200156,26517.0,198.88,861.8
E158,IP200157,25943.27,194.57,843.16
E159,IP200158,26819.69,201.15,871.64
E160,IP200159,23778.69,178.34,772.81
E161,IP200160,29562.15,221.72,960.77
E162,IP200161,21730.96,162.98,706.26
E163,IP200162,24800.31,186.0,806.01
E164,IP200163,16549.85,124.12,537.87
E165,IP200164,21951.69,164.64,713.43
E166,IP200165,19227.88,144.21,624.91
E167,IP200166,18768.0,140.76,609.96
E168,IP200167,17083.5,128.13,555.21
E169,IP200168,16954.27,127.16,551.01
E170,IP200169,16825.0,126.19,546.81
E171,IP200170,22685.77,170.14,737.29
E172,IP200171,24671.15,185.03,801.81
E173,IP200172,23114.42,173.36,751.22
E174,IP200173,18840.85,141.31,612.33
E175,IP200174,16726.0,125.44,543.6
E176,IP200175,27457.65,205.93,892.37
E177,IP200176,27503.08,206.27,893.85
E178,IP200177,21077.65,158.08,685.02
E179,IP200178,18684.23,140.13,607.24
E180,IP200179,19836.0,148.77,644.67
E181,IP200180,18373.85,137.8,597.15
E182,IP200181,29576.42,221.82,961.23
E183,IP200182,34322.96,257.42,1115.5
E184,IP200183,30288.27,227.16,984.37
E185,IP200184,24193.0,181.45,786.27
E186,IP200185,19654.46,147.41,638.77
E187,IP200186,16971.69,127.29,551.58
E188,IP200187,16819.23,126.14,546.62
E189,IP200188,26208.0,196.56,851.76
E190,IP200189,24554.27,184.16,798.01
E191,IP200190,20646.15,154.85,671.0
E192,IP200191,27107.19,203.3,880.98
E193,IP200192,33139.19,248.54,1077.02
E194,IP200193,19820.38,148.65,644.16
E195,IP200194,22315.23,167.36,725.24
E196,IP200195,21833.54,163.75,709.59
E197,IP200196,24725.08,185.44,803.57
E198,IP200197,18028.73,135.22,585.93
E199,IP200198,27909.15,209.32,907.05
E200,IP200199,22809.23,171.07,741.3
E201,IP200200,20073.46,150.55,652.39
E202,IP200201,21162.69,158.72,687.79
E203,IP200202,20304.58,152.28,659.9
E204,IP200203,21800.42,163.5,708.51
E205,IP200204,25004.0,187.53,812.63
E206,IP200205,17258.85,129.44,560.91
E207,IP200206,19596.92,146.98,636.9
E208,IP200207,28342.31,212.57,921.13
E209,IP200208,28897.0,216.73,939.15
E210,IP200209,17308.54,129.81,562.53
E211,IP200210,21202.81,159.02,689.09
E212,IP200211,30075.96,225.57,977.47
E213,IP200212,24172.27,181.29,785.6
E214,IP200213,14565.12,109.24,473.37
E215,IP200214,26917.58,201.88,874.82
E216,IP200215,22562.08,169.22,733.27
E217,IP200216,18942.19,142.07,615.62
E218,IP200217,17435.65,130.77,566.66
E219,IP200218,28690.5,215.18,932.44
E220,IP200219,17346.15,130.1,563.75
E221,IP200220,14916.92,111.88,484.8
E222,IP200221,21563.08,161.72,700.8
E223,IP200222,17801.54,133.51,578.55
E224,IP200223,27483.92,206.13,893.23
E225,IP200224,15328.46,114.96,498.17
E226,IP200225,14170.77,106.28,460.55
E227,IP200226,23889.38,179.17,776.4
E228,IP200227,20548.77,154.12,667.84
E229,IP200228,14164.46,106.23,460.34
E230,IP200229,19388.46,145.41,630.12
E231,IP200230,19702.15,147.77,640.32
E232,IP200231,19989.04,149.92,649.64
E233,IP200232,13524.0,101.43,439.53
E234,IP200233,21222.42,159.17,689.73
E235,IP200234,20980.04,157.35,681.85
E236,IP200235,23406.92,175.55,760.72
E237,IP200236,19947.19,149.6,648.28
E238,IP200237,16883.08,126.62,548.7
E239,IP200238,19222.92,144.17,624.74
E240,IP200239,20645.15,154.84,670.97
E241,IP200240,21613.85,162.1,702.45
E242,IP200241,20187.46,151.41,656.09
E243,IP200242,28602.92,214.52,929.59
E244,IP200243,22688.77,170.17,737.39
E245,IP200244,27312.92,204.85,887.67
E246,IP200245,21041.73,157.81,683.86
E247,IP200246,23531.08,176.48,764.76
E248,IP200247,16193.85,121.45,526.3
E249,IP200248,15337.46,115.03,498.47
E250,IP200249,12723.08,95.42,413.5
E251,IP200250,21998.73,164.99,714.96
E252,IP200251,15719.0,117.89,510.87
E253,IP200252,25615.38,192.12,832.5
E254,IP200253,18447.23,138.35,599.53
E255,IP200254,21378.46,160.34,694.8
E256,IP200255,15426.92,115.7,501.37
E257,IP200256,13791.15,103.43,448.21
E258,IP200257,17110.58,128.33,556.09
E259,IP200258,19033.96,142.75,618.6
E260,IP200259,25429.81,190.72,826.47
E261,IP200260,21772.38,163.29,707.6
E262,IP200261,13216.92,99.13,429.55
E263,IP200262,16670.58,125.03,541.79
E264,IP200263,34588.85,259.42,1124.14
E265,IP200264,15200.0,114.0,494.0
E266,IP200265,20866.15,156.5,678.15
E267,IP200266,11695.38,87.72,380.1
E268,IP200267,21961.12,164.71,713.74
E269,IP200268,26145.35,196.09,849.72
E270,IP200269,15819.58,118.65,514.14
E271,IP200270,28919.42,216.9,939.88
E272,IP200271,26732.31,200.49,868.8
E273,IP200272,31364.62,235.23,1019.35
E274,IP200273,16391.0,122.93,532.71
E275,IP200274,19922.31,149.42,647.48
E276,IP200275,20661.54,154.96,671.5
E277,IP200276,21029.23,157.72,683.45
E278,IP200277,27984.23,209.88,909.49
E279,IP200278,24941.54,187.06,810.6
E280,IP200279,23294.65,174.71,757.08
E281,IP200280,28004.31,210.03,910.14
E282,IP200281,27279.69,204.6,886.59
E283,IP200282,28641.92,214.81,930.86
E284,IP200283,25369.62,190.27,824.51
E285,IP200284,20647.04,154.85,671.03
E286,IP200285,23633.08,177.25,768.08
E287,IP200286,23006.92,172.55,747.72
E288,IP200287,22902.92,171.77,744.34
E289,IP200288,20509.62,153.82,666.56
E290,IP200289,30429.92,228.22,988.97
E291,IP200290,22415.77,168.12,728.51
E292,IP200291,21339.23,160.04,693.52
E293,IP200292,20234.08,151.76,657.61
E294,IP200293,22808.77,171.07,741.29
E295,IP200294,24322.08,182.42,790.47
E296,IP200295,23968.65,179.76,778.98
E297,IP200296,29466.23,221.0,957.65
E298,IP200297,25731.73,192.99,836.28
E299,IP200298,17495.92,131.22,568.62
E300,IP200299,23270.19,174.53,756.28
E301,IP200300,19784.31,148.38,642.99
E302,IP200301,22465.38,168.49,730.12
E303,IP200302,29843.23,223.82,969.9
E304,IP200303,15493.27,116.2,503.53
E305,IP200304,16387.69,122.91,532.6
E306,IP200305,26044.31,195.33,846.44
E307,IP200306,18952.88,142.15,615.97
E308,IP200307,22443.08,168.32,729.4
E309,IP200308,18260.77,136.96,593.48
E310,IP200309,27440.96,205.81,891.83
E311,IP200310,24071.15,180.53,782.31
E312,IP200311,20239.42,151.8,657.78
E313,IP200312,24457.69,183.43,794.87
E314,IP200313,28201.0,211.51,916.53
E315,IP200314,25139.08,188.54,817.02
E316,IP200315,18953.54,142.15,615.99
E317,IP200316,14736.62,110.52,478.94
E318,IP200317,18338.65,137.54,596.01
E319,IP200318,28831.73,216.24,937.03
E320,IP200319,24002.0,180.01,780.07
E321,IP200320,17612.54,132.09,572.41
E322,IP200321,19088.46,143.16,620.37
E323,IP200322,14823.08,111.17,481.75
E324,IP200323,16299.69,122.25,529.74
E325,IP200324,31172.31,233.79,1013.1
E326,IP200325,19378.0,145.34,629.78
E327,IP200326,20324.62,152.43,660.55
E328,IP200327,17210.19,129.08,559.33
E329,IP200328,17259.62,129.45,560.94
E330,IP200329,21018.0,157.63,683.09
E331,IP200330,14583.65,109.38,473.97
E332,IP200331,21397.5,160.48,695.42
E333,IP200332,24806.77,186.05,806.22
E334,IP200333,14750.77,110.63,479.4
E335,IP200334,22423.23,168.17,728.75
E336,IP200335,27551.08,206.63,895.41
E337,IP200336,16599.23,124.49,539.47
E338,IP200337,15867.92,119.01,515.71
E339,IP200338,19948.46,149.61,648.32
E340,IP200339,23625.42,177.19,767.83
E341,IP200340,34768.88,260.77,1129.99
E342,IP200341,19594.23,146.96,636.81
E343,IP200342,19023.58,142.68,618.27
E344,IP200343,17150.19,128.63,557.38
E345,IP200344,26347.12,197.6,856.28
E346,IP200345,28431.85,213.24,924.04
E347,IP200346,33722.31,252.92,1095.98
E348,IP200347,18310.58,137.33,595.09
E349,IP200348,24392.08,182.94,792.74
E350,IP200349,26698.15,200.24,867.69
E351,IP200350,17274.23,129.56,561.41
E352,IP200351,13540.15,101.55,440.05
E353,IP200352,25007.69,187.56,812.75
E354,IP200353,20023.38,150.18,650.76
E355,IP200354,16475.0,123.56,535.44
E356,IP200355,18645.88,139.84,605.99
E357,IP200356,23385.0,175.39,760.01
E358,IP200357,32002.62,240.02,1040.09
E359,IP200358,29651.19,222.38,963.66
E360,IP200359,13560.35,101.7,440.71
E361,IP200360,21269.27,159.52,691.25
E362,IP200361,21728.77,162.97,706.19
E363,IP200362,25699.38,192.75,835.23
E364,IP200363,23402.0,175.51,760.57
E365,IP200364,31805.85,238.54,1033.69
E366,IP200365,22398.46,167.99,727.95
E367,IP200366,23265.0,174.49,756.11
E368,IP200367,23322.73,174.92,757.99
E369,IP200368,24816.62,186.12,806.54
E370,IP200369,22792.12,170.94,740.74
E371,IP200370,29965.0,224.74,973.86
E372,IP200371,29013.0,217.6,942.92
E373,IP200372,14667.69,110.01,476.7
E374,IP200373,22961.46,172.21,746.25
E375,IP200374,25579.81,191.85,831.34
E376,IP200375,18813.81,141.1,611.45
E377,IP200376,23254.27,174.41,755.76
E378,IP200377,22657.0,169.93,736.35
E379,IP200378,17457.69,130.93,567.37
E380,IP200379,23052.35,172.89,749.2
E381,IP200380,23666.54,177.5,769.16
E382,IP200381,15631.15,117.23,508.01
E383,IP200382,18660.96,139.96,606.48
E384,IP200383,31708.15,237.81,1030.51
E385,IP200384,25920.46,194.4,842.41
E386,IP200385,17511.58,131.34,569.13
E387,IP200386,20222.31,151.67,657.23
E388,IP200387,30906.92,231.8,1004.47
E389,IP200388,26396.04,197.97,857.87
E390,IP200389,17829.81,133.72,579.47
E391,IP200390,16405.38,123.04,533.17
E392,IP200391,24619.73,184.65,800.14
E393,IP200392,24495.96,183.72,796.12
E394,IP200393,20897.69,156.73,679.17
E395,IP200394,18639.42,139.8,605.78
E396,IP200395,20470.65,153.53,665.3
E397,IP200396,21083.92,158.13,685.23
E398,IP200397,25833.42,193.75,839.59
E399,IP200398,22684.62,170.13,737.25
E400,IP200399,13858.15,103.94,450.39
E401,IP200400,29951.42,224.64,973.42
E402,IP200401,19420.77,145.66,631.18
E403,IP200402,13572.31,101.79,441.1
E404,IP200403,18384.19,137.88,597.49
E405,IP200404,26731.54,200.49,868.78
E406,IP200405,20141.62,151.06,654.6
E407,IP200406,20609.04,154.57,669.79
E408,IP200407,27863.08,208.97,905.55
E409,IP200408,13245.38,99.34,430.47
E410,IP200409,21854.46,163.91,710.27
E411,IP200410,20137.38,151.03,654.46
E412,IP200411,16075.38,120.57,522.45
E413,IP200412,24444.23,183.33,794.44
E414,IP200413,18422.12,138.17,598.72
E415,IP200414,19860.08,148.95,645.45
E416,IP200415,31526.35,236.45,1024.61
E417,IP200416,25545.12,191.59,830.22
E418,IP200417,14676.92,110.08,477.0
E419,IP200418,23336.08,175.02,758.42
E420,IP200419,28101.92,210.76,913.31
E421,IP200420,20417.08,153.13,663.56
E422,IP200421,19821.12,148.66,644.19
E423,IP200422,17277.42,129.58,561.52
E424,IP200423,25899.23,194.24,841.72
E425,IP200424,15156.35,113.67,492.58
E426,IP200425,32594.12,244.46,1059.31
E427,IP200426,21223.54,159.18,689.77
E428,IP200427,27034.15,202.76,878.61
E429,IP200428,15003.96,112.53,487.63
E430,IP200429,23473.08,176.05,762.88
E431,IP200430,15394.08,115.46,500.31
E432,IP200431,23275.0,174.56,756.44
E433,IP200432,34263.35,256.98,1113.56
E434,IP200433,25510.54,191.33,829.09
E435,IP200434,14371.27,107.78,467.07
E436,IP200435,18854.85,141.41,612.78
E437,IP200436,30449.77,228.37,989.62
E438,IP200437,14632.96,109.75,475.57
E439,IP200438,32243.58,241.83,1047.92
E440,IP200439,24637.73,184.78,800.73
E441,IP200440,24477.31,183.58,795.51
E442,IP200441,22536.69,169.03,732.44
E443,IP200442,19394.08,145.46,630.31
E444,IP200443,13995.38,104.97,454.85
E445,IP200444,20686.15,155.15,672.3
E446,IP200445,19584.35,146.88,636.49
E447,IP200446,21963.85,164.73,713.83
E448,IP200447,35134.92,263.51,1141.88
E449,IP200448,22906.73,171.8,744.47
E450,IP200449,11654.62,87.41,378.78
E451,IP200450,24387.69,182.91,792.6
E452,IP200451,20578.38,154.34,668.8
E453,IP200452,26551.38,199.14,862.92
E454,IP200453,19900.04,149.25,646.75
E455,IP200454,27441.23,205.81,891.84
E456,IP200455,22675.15,170.06,736.94
E457,IP200456,25801.15,193.51,838.54
E458,IP200457,17005.77,127.54,552.69
E459,IP200458,23072.85,173.05,749.87
E460,IP200459,29023.08,217.67,943.25
E461,IP200460,15345.38,115.09,498.72
E462,IP200461,26465.92,198.49,860.14
E463,IP200462,31225.19,234.19,1014.82
E464,IP200463,29359.38,220.2,954.18
E465,IP200464,17616.08,132.12,572.52
E466,IP200465,14722.62,110.42,478.49
E467,IP200466,24745.35,185.59,804.22
E468,IP200467,22794.46,170.96,740.82
E469,IP200468,15298.46,114.74,497.2
E470,IP200469,14952.31,112.14,485.95
E471,IP200470,19524.15,146.43,634.53
E472,IP200471,18915.58,141.87,614.76
E473,IP200472,26086.15,195.65,847.8
E474,IP200473,21686.19,162.65,704.8
E475,IP200474,24311.15,182.33,790.11
E476,IP200475,23122.42,173.42,751.48
E477,IP200476,21205.46,159.04,689.18
E478,IP200477,23807.54,178.56,773.75
E479,IP200478,17029.85,127.72,553.47
E480,IP200479,30769.62,230.77,1000.01
E481,IP200480,23540.85,176.56,765.08
E482,IP200481,27702.08,207.77,900.32
E483,IP200482,27479.81,206.1,893.09
E484,IP200483,24975.08,187.31,811.69
E485,IP200484,25012.31,187.59,812.9
E486,IP200485,26127.88,195.96,849.16
E487,IP200486,26464.31,198.48,860.09
E488,IP200487,12275.38,92.07,398.95
E489,IP200488,31596.92,236.98,1026.9
E490,IP200489,28954.38,217.16,941.02
E491,IP200490,13667.69,102.51,444.2
E492,IP200491,24470.92,183.53,795.3
E493,IP200492,17553.85,131.65,570.5
E494,IP200493,23752.38,178.14,771.95
E495,IP200494,27608.0,207.06,897.26
E496,IP200495,29568.0,221.76,960.96
E497,IP200496,14506.92,108.8,471.47
E498,IP200497,24046.15,180.35,781.5
E499,IP200498,17070.0,128.03,554.77
E500,IP200499,16813.85,126.1,546.45
