employee_id,leave_type,leave_days
E1,Emergency Leave,3
E2,Emergency Leave,0
E3,Emergency Leave,5
E4,Emergency Leave,0
E5,Sick Leave,0
E6,Casual Leave,1
E7,Sick Leave,0
E8,Emergency Leave,0
E9,Emergency Leave,3
E10,Emergency Leave,4
E11,Emergency Leave,4
E12,Emergency Leave,4
E13,Emergency Leave,2
E14,Emergency Leave,5
E15,Casual Leave,1
E16,Casual Leave,1
E17,Casual Leave,2
E18,Emergency Leave,4
E19,Emergency Leave,4
E20,Sick Leave,1
E21,Emergency Leave,2
E22,Emergency Leave,4
E23,Sick Leave,2
E24,Emergency Leave,0
E25,Sick Leave,0
E26,Emergency Leave,5
E27,Casual Leave,4
E28,Sick Leave,5
E29,Sick Leave,2
E30,Sick Leave,5
E31,Casual Leave,3
E32,Casual Leave,0
E33,Sick Leave,3
E34,Casual Leave,2
E35,Sick Leave,5
E36,Casual Leave,2
E37,Sick Leave,5
E38,Sick Leave,1
E39,Emergency Leave,4
E40,Emergency Leave,0
E41,Sick Leave,3
E42,Emergency Leave,2
E43,Casual Leave,3
E44,Emergency Leave,5
E45,Casual Leave,5
E46,Sick Leave,3
E47,Sick Leave,5
E48,Casual Leave,3
E49,Emergency Leave,5
E50,Sick Leave,1
E51,Sick Leave,4
E52,Emergency Leave,0
E53,Casual Leave,1
E54,Casual Leave,3
E55,Emergency Leave,3
E56,Sick Leave,5
E57,Emergency Leave,1
E58,Emergency Leave,0
E59,Sick Leave,2
E60,Casual Leave,2
E61,Casual Leave,3
E62,Casual Leave,5
E63,Casual Leave,4
E64,Casual Leave,5
E65,Casual Leave,1
E66,Casual Leave,3
E67,Emergency Leave,4
E68,Sick Leave,1
E69,Casual Leave,4
E70,Emergency Leave,0
E71,Casual Leave,3
E72,Emergency Leave,2
E73,Casual Leave,4
E74,Casual Leave,1
E75,Sick Leave,3
E76,Sick Leave,4
E77,Emergency Leave,2
E78,Casual Leave,1
E79,Emergency Leave,2
E80,Emergency Leave,1
E81,Emergency Leave,0
E82,Emergency Leave,3
E83,Emergency Leave,5
E84,Casual Leave,1
E85,Emergency Leave,4
E86,Emergency Leave,2
E87,Emergency Leave,5
E88,Casual Leave,2
E89,Sick Leave,3
E90,Emergency Leave,2
E91,Emergency Leave,1
E92,Emergency Leave,5
E93,Sick Leave,3
E94,Casual Leave,1
E95,Casual Leave,2
E96,Casual Leave,3
E97,Casual Leave,3
E98,Emergency Leave,5
E99,Sick Leave,2
E100,Sick Leave,0
E101,Emergency Leave,4
E102,Sick Leave,4
E103,Emergency Leave,1
E104,Casual Leave,2
E105,Casual Leave,2
E106,Sick Leave,3
E107,Emergency Leave,4
E108,Casual Leave,2
E109,Casual Leave,2
E110,Casual Leave,4
E111,Casual Leave,3
E112,Casual Leave,2
E113,Emergency Leave,3
E114,Emergency Leave,1
E115,Casual Leave,3
E116,Casual Leave,3
E117,Sick Leave,2
E118,Emergency Leave,3
E119,Casual Leave,4
E120,Emergency Leave,0
E121,Sick Leave,5
E122,Casual Leave,2
E123,Sick Leave,2
E124,Casual Leave,4
E125,Emergency Leave,1
E126,Emergency Leave,1
E127,Casual Leave,1
E128,Emergency Leave,2
E129,Emergency Leave,2
E130,Casual Leave,0
E131,Casual Leave,1
E132,Sick Leave,0
E133,Emergency Leave,5
E134,Sick Leave,4
E135,Emergency Leave,4
E136,Emergency Leave,0
E137,Emergency Leave,3
E138,Casual Leave,4
E139,Emergency Leave,5
E140,Casual Leave,1
E141,Emergency Leave,4
E142,Sick Leave,0
E143,Casual Leave,3
E144,Casual Leave,3
E145,Sick Leave,3
E146,Emergency Leave,1
E147,Sick Leave,1
E148,Casual Leave,0
E149,Sick Leave,2
E150,Sick Leave,1
E151,Casual Leave,0
E152,Casual Leave,1
E153,Sick Leave,5
E154,Sick Leave,2
E155,Emergency Leave,2
E156,Sick Leave,2
E157,Sick Leave,1
E158,Sick Leave,5
E159,Casual Leave,4
E160,Sick Leave,5
E161,Casual Leave,3
E162,Emergency Leave,5
E163,Emergency Leave,2
E164,Sick Leave,2
E165,Sick Leave,2
E166,Emergency Leave,0
E167,Sick Leave,0
E168,Sick Leave,5
E169,Emergency Leave,0
E170,Sick Leave,5
E171,Sick Leave,0
E172,Casual Leave,4
E173,Casual Leave,1
E174,Sick Leave,4
E175,Sick Leave,1
E176,Sick Leave,3
E177,Casual Leave,0
E178,Casual Leave,1
E179,Emergency Leave,2
E180,Casual Leave,4
E181,Emergency Leave,0
E182,Casual Leave,2
E183,Sick Leave,5
E184,Emergency Leave,1
E185,Emergency Leave,5
E186,Casual Leave,5
E187,Sick Leave,4
E188,Casual Leave,0
E189,Emergency Leave,2
E190,Casual Leave,0
E191,Emergency Leave,0
E192,Casual Leave,3
E193,Casual Leave,0
E194,Casual Leave,4
E195,Casual Leave,4
E196,Sick Leave,0
E197,Sick Leave,0
E198,Casual Leave,2
E199,Sick Leave,3
E200,Casual Leave,5
E201,Casual Leave,3
E202,Emergency Leave,4
E203,Emergency Leave,5
E204,Sick Leave,1
E205,Emergency Leave,1
E206,Sick Leave,5
E207,Emergency Leave,0
E208,Emergency Leave,5
E209,Casual Leave,5
E210,Emergency Leave,1
E211,Emergency Leave,2
E212,Casual Leave,2
E213,Emergency Leave,5
E214,Sick Leave,5
E215,Emergency Leave,1
E216,Casual Leave,4
E217,Emergency Leave,0
E218,Sick Leave,5
E219,Emergency Leave,0
E220,Sick Leave,4
E221,Emergency Leave,3
E222,Casual Leave,2
E223,Emergency Leave,3
E224,Casual Leave,2
E225,Casual Leave,4
E226,Sick Leave,4
E227,Sick Leave,2
E228,Emergency Leave,4
E229,Sick Leave,4
E230,Emergency Leave,2
E231,Casual Leave,1
E232,Casual Leave,2
E233,Casual Leave,3
E234,Casual Leave,4
E235,Sick Leave,5
E236,Casual Leave,4
E237,Casual Leave,3
E238,Sick Leave,5
E239,Sick Leave,2
E240,Casual Leave,1
E241,Emergency Leave,4
E242,Sick Leave,3
E243,Sick Leave,4
E244,Sick Leave,3
E245,Sick Leave,0
E246,Sick Leave,4
E247,Emergency Leave,0
E248,Casual Leave,3
E249,Sick Leave,2
E250,Emergency Leave,4
E251,Sick Leave,3
E252,Emergency Leave,1
E253,Casual Leave,2
E254,Emergency Leave,1
E255,Sick Leave,1
E256,Sick Leave,3
E257,Sick Leave,1
E258,Casual Leave,5
E259,Sick Leave,0
E260,Sick Leave,1
E261,Sick Leave,4
E262,Sick Leave,5
E263,Sick Leave,5
E264,Emergency Leave,1
E265,Casual Leave,3
E266,Sick Leave,5
E267,Sick Leave,1
E268,Emergency Leave,4
E269,Emergency Leave,4
E270,Emergency Leave,2
E271,Sick Leave,1
E272,Casual Leave,5
E273,Casual Leave,0
E274,Sick Leave,1
E275,Emergency Leave,4
E276,Casual Leave,5
E277,Emergency Leave,4
E278,Sick Leave,2
E279,Casual Leave,3
E280,Sick Leave,1
E281,Emergency Leave,0
E282,Emergency Leave,1
E283,Sick Leave,3
E284,Sick Leave,5
E285,Emergency Leave,4
E286,Emergency Leave,4
E287,Casual Leave,3
E288,Sick Leave,4
E289,Casual Leave,5
E290,Casual Leave,4
E291,Sick Leave,1
E292,Casual Leave,1
E293,Emergency Leave,5
E294,Sick Leave,1
E295,Casual Leave,5
E296,Emergency Leave,0
E297,Emergency Leave,2
E298,Emergency Leave,5
E299,Casual Leave,5
E300,Sick Leave,0
E301,Sick Leave,5
E302,Sick Leave,4
E303,Sick Leave,4
E304,Casual Leave,1
E305,Casual Leave,2
E306,Casual Leave,2
E307,Emergency Leave,3
E308,Emergency Leave,0
E309,Emergency Leave,2
E310,Sick Leave,2
E311,Casual Leave,3
E312,Emergency Leave,0
E313,Casual Leave,4
E314,Emergency Leave,0
E315,Emergency Leave,5
E316,Emergency Leave,1
E317,Casual Leave,2
E318,Emergency Leave,5
E319,Sick Leave,3
E320,Casual Leave,1
E321,Casual Leave,5
E322,Emergency Leave,4
E323,Casual Leave,3
E324,Sick Leave,5
E325,Sick Leave,0
E326,Emergency Leave,2
E327,Casual Leave,5
E328,Casual Leave,2
E329,Emergency Leave,0
E330,Sick Leave,1
E331,Emergency Leave,4
E332,Emergency Leave,3
E333,Emergency Leave,4
E334,Sick Leave,2
E335,Emergency Leave,2
E336,Emergency Leave,3
E337,Emergency Leave,1
E338,Casual Leave,4
E339,Emergency Leave,3
E340,Sick Leave,0
E341,Casual Leave,4
E342,Emergency Leave,3
E343,Sick Leave,3
E344,Casual Leave,2
E345,Emergency Leave,0
E346,Sick Leave,4
E347,Casual Leave,1
E348,Casual Leave,3
E349,Sick Leave,3
E350,Sick Leave,2
E351,Casual Leave,2
E352,Emergency Leave,5
E353,Emergency Leave,0
E354,Casual Leave,5
E355,Sick Leave,3
E356,Sick Leave,0
E357,Casual Leave,3
E358,Sick Leave,3
E359,Emergency Leave,3
E360,Sick Leave,0
E361,Sick Leave,0
E362,Casual Leave,2
E363,Emergency Leave,0
E364,Sick Leave,4
E365,Emergency Leave,5
E366,Casual Leave,2
E367,Sick Leave,2
E368,Casual Leave,1
E369,Emergency Leave,1
E370,Emergency Leave,5
E371,Sick Leave,4
E372,Emergency Leave,1
E373,Emergency Leave,5
E374,Casual Leave,3
E375,Sick Leave,5
E376,Sick Leave,2
E377,Emergency Leave,4
E378,Sick Leave,3
E379,Casual Leave,4
E380,Sick Leave,0
E381,Sick Leave,0
E382,Emergency Leave,5
E383,Casual Leave,4
E384,Sick Leave,0
E385,Sick Leave,0
E386,Casual Leave,3
E387,Sick Leave,2
E388,Sick Leave,3
E389,Emergency Leave,3
E390,Emergency Leave,2
E391,Sick Leave,4
E392,Emergency Leave,5
E393,Casual Leave,0
E394,Casual Leave,0
E395,Emergency Leave,1
E396,Casual Leave,1
E397,Emergency Leave,5
E398,Sick Leave,3
E399,Sick Leave,4
E400,Emergency Leave,4
E401,Sick Leave,2
E402,Emergency Leave,5
E403,Sick Leave,5
E404,Casual Leave,2
E405,Casual Leave,0
E406,Casual Leave,5
E407,Sick Leave,4
E408,Casual Leave,4
E409,Sick Leave,4
E410,Emergency Leave,5
E411,Sick Leave,3
E412,Emergency Leave,0
E413,Emergency Leave,2
E414,Casual Leave,4
E415,Sick Leave,1
E416,Casual Leave,5
E417,Casual Leave,5
E418,Casual Leave,4
E419,Emergency Leave,4
E420,Sick Leave,2
E421,Casual Leave,5
E422,Emergency Leave,5
E423,Sick Leave,0
E424,Sick Leave,5
E425,Casual Leave,4
E426,Sick Leave,2
E427,Sick Leave,4
E428,Sick Leave,2
E429,Emergency Leave,3
E430,Casual Leave,0
E431,Sick Leave,3
E432,Casual Leave,2
E433,Casual Leave,0
E434,Emergency Leave,5
E435,Emergency Leave,5
E436,Sick Leave,2
E437,Emergency Leave,2
E438,Casual Leave,2
E439,Casual Leave,1
E440,Emergency Leave,4
E441,Sick Leave,2
E442,Casual Leave,2
E443,Casual Leave,0
E444,Casual Leave,0
E445,Emergency Leave,5
E446,Casual Leave,3
E447,Sick Leave,4
E448,Sick Leave,3
E449,Sick Leave,2
E450,Casual Leave,3
E451,Emergency Leave,1
E452,Sick Leave,3
E453,Casual Leave,3
E454,Emergency Leave,2
E455,Sick Leave,2
E456,Emergency Leave,4
E457,Sick Leave,4
E458,Emergency Leave,4
E459,Sick Leave,0
E460,Sick Leave,3
E461,Casual Leave,2
E462,Sick Leave,3
E463,Casual Leave,4
E464,Emergency Leave,4
E465,Emergency Leave,4
E466,Casual Leave,1
E467,Sick Leave,5
E468,Casual Leave,2
E469,Casual Leave,1
E470,Emergency Leave,0
E471,Sick Leave,1
E472,Sick Leave,5
E473,Casual Leave,3
E474,Casual Leave,5
E475,Emergency Leave,4
E476,Casual Leave,1
E477,Emergency Leave,3
E478,Emergency Leave,2
E479,Emergency Leave,3
E480,Casual Leave,1
E481,Casual Leave,0
E482,Emergency Leave,2
E483,Casual Leave,5
E484,Sick Leave,4
E485,Casual Leave,0
E486,Sick Leave,5
E487,Casual Leave,4
E488,Emergency Leave,3
E489,Casual Leave,2
E490,Emergency Leave,3
E491,Casual Leave,4
E492,Sick Leave,3
E493,Casual Leave,1
E494,Casual Leave,4
E495,Casual Leave,3
E496,Sick Leave,2
E497,Emergency Leave,2
E498,Casual Leave,3
E499,Sick Leave,3
E500,Emergency Leave,2
