employee_id,uan_number,epf_wages,employee_epf_contribution,employer_epf_contribution
E1,UAN100000,15000.0,1800.0,1800.0
E2,UAN100001,15000.0,1800.0,1800.0
E3,UAN100002,15000.0,1800.0,1800.0
E4,UAN100003,15000.0,1800.0,1800.0
E5,UAN100004,15000.0,1800.0,1800.0
E6,UAN100005,15000.0,1800.0,1800.0
E7,UAN100006,15000.0,1800.0,1800.0
E8,UAN100007,15000.0,1800.0,1800.0
E9,UAN100008,15000.0,1800.0,1800.0
E10,UAN100009,15000.0,1800.0,1800.0
E11,UAN100010,15000.0,1800.0,1800.0
E12,UAN100011,15000.0,1800.0,1800.0
E13,UAN100012,15000.0,1800.0,1800.0
E14,UAN100013,15000.0,1800.0,1800.0
E15,UAN100014,15000.0,1800.0,1800.0
E16,UAN100015,15000.0,1800.0,1800.0
E17,UAN100016,15000.0,1800.0,1800.0
E18,UAN100017,15000.0,1800.0,1800.0
E19,UAN100018,15000.0,1800.0,1800.0
E20,UAN100019,15000.0,1800.0,1800.0
E21,UAN100020,15000.0,1800.0,1800.0
E22,UAN100021,15000.0,1800.0,1800.0
E23,UAN100022,15000.0,1800.0,1800.0
E24,UAN100023,15000.0,1800.0,1800.0
E25,UAN100024,14566.08,1747.93,1747.93
E26,UAN100025,14055.38,1686.65,1686.65
E27,UAN100026,15000.0,1800.0,1800.0
E28,UAN100027,15000.0,1800.0,1800.0
E29,UAN100028,15000.0,1800.0,1800.0
E30,UAN100029,15000.0,1800.0,1800.0
E31,UAN100030,15000.0,1800.0,1800.0
E32,UAN100031,15000.0,1800.0,1800.0
E33,UAN100032,15000.0,1800.0,1800.0
E34,UAN100033,15000.0,1800.0,1800.0
E35,UAN100034,15000.0,1800.0,1800.0
E36,UAN100035,15000.0,1800.0,1800.0
E37,UAN100036,15000.0,1800.0,1800.0
E38,UAN100037,14264.42,1711.73,1711.73
E39,UAN100038,15000.0,1800.0,1800.0
E40,UAN100039,15000.0,1800.0,1800.0
E41,UAN100040,15000.0,1800.0,1800.0
E42,UAN100041,15000.0,1800.0,1800.0
E43,UAN100042,15000.0,1800.0,1800.0
E44,UAN100043,14180.31,1701.64,1701.64
E45,UAN100044,15000.0,1800.0,1800.0
E46,UAN100045,15000.0,1800.0,1800.0
E47,UAN100046,15000.0,1800.0,1800.0
E48,UAN100047,15000.0,1800.0,1800.0
E49,UAN100048,15000.0,1800.0,1800.0
E50,UAN100049,15000.0,1800.0,1800.0
E51,UAN100050,15000.0,1800.0,1800.0
E52,UAN100051,15000.0,1800.0,1800.0
E53,UAN100052,15000.0,1800.0,1800.0
E54,UAN100053,15000.0,1800.0,1800.0
E55,UAN100054,15000.0,1800.0,1800.0
E56,UAN100055,15000.0,1800.0,1800.0
E57,UAN100056,15000.0,1800.0,1800.0
E58,UAN100057,15000.0,1800.0,1800.0
E59,UAN100058,15000.0,1800.0,1800.0
E60,UAN100059,15000.0,1800.0,1800.0
E61,UAN100060,15000.0,1800.0,1800.0
E62,UAN100061,15000.0,1800.0,1800.0
E63,UAN100062,15000.0,1800.0,1800.0
E64,UAN100063,15000.0,1800.0,1800.0
E65,UAN100064,15000.0,1800.0,1800.0
E66,UAN100065,15000.0,1800.0,1800.0
E67,UAN100066,15000.0,1800.0,1800.0
E68,UAN100067,15000.0,1800.0,1800.0
E69,UAN100068,15000.0,1800.0,1800.0
E70,UAN100069,15000.0,1800.0,1800.0
E71,UAN100070,15000.0,1800.0,1800.0
E72,UAN100071,15000.0,1800.0,1800.0
E73,UAN100072,15000.0,1800.0,1800.0
E74,UAN100073,15000.0,1800.0,1800.0
E75,UAN100074,15000.0,1800.0,1800.0
E76,UAN100075,15000.0,1800.0,1800.0
E77,UAN100076,15000.0,1800.0,1800.0
E78,UAN100077,15000.0,1800.0,1800.0
E79,UAN100078,15000.0,1800.0,1800.0
E80,UAN100079,12298.46,1475.82,1475.82
E81,UAN100080,15000.0,1800.0,1800.0
E82,UAN100081,15000.0,1800.0,1800.0
E83,UAN100082,15000.0,1800.0,1800.0
E84,UAN100083,15000.0,1800.0,1800.0
E85,UAN100084,15000.0,1800.0,1800.0
E86,UAN100085,15000.0,1800.0,1800.0
E87,UAN100086,15000.0,1800.0,1800.0
E88,UAN100087,12352.04,1482.24,1482.24
E89,UAN100088,15000.0,1800.0,1800.0
E90,UAN100089,15000.0,1800.0,1800.0
E91,UAN100090,15000.0,1800.0,1800.0
E92,UAN100091,15000.0,1800.0,1800.0
E93,UAN100092,15000.0,1800.0,1800.0
E94,UAN100093,15000.0,1800.0,1800.0
E95,UAN100094,15000.0,1800.0,1800.0
E96,UAN100095,15000.0,1800.0,1800.0
E97,UAN100096,15000.0,1800.0,1800.0
E98,UAN100097,15000.0,1800.0,1800.0
E99,UAN100098,15000.0,1800.0,1800.0
E100,UAN100099,15000.0,1800.0,1800.0
E101,UAN100100,15000.0,1800.0,1800.0
E102,UAN100101,15000.0,1800.0,1800.0
E103,UAN100102,15000.0,1800.0,1800.0
E104,UAN100103,15000.0,1800.0,1800.0
E105,UAN100104,15000.0,1800.0,1800.0
E106,UAN100105,15000.0,1800.0,1800.0
E107,UAN100106,13330.96,1599.72,1599.72
E108,UAN100107,15000.0,1800.0,1800.0
E109,UAN100108,15000.0,1800.0,1800.0
E110,UAN100109,15000.0,1800.0,1800.0
E111,UAN100110,14784.0,1774.08,1774.08
E112,UAN100111,15000.0,1800.0,1800.0
E113,UAN100112,12997.77,1559.73,1559.73
E114,UAN100113,15000.0,1800.0,1800.0
E115,UAN100114,15000.0,1800.0,1800.0
E116,UAN100115,15000.0,1800.0,1800.0
E117,UAN100116,15000.0,1800.0,1800.0
E118,UAN100117,15000.0,1800.0,1800.0
E119,UAN100118,15000.0,1800.0,1800.0
E120,UAN100119,13977.92,1677.35,1677.35
E121,UAN100120,15000.0,1800.0,1800.0
E122,UAN100121,15000.0,1800.0,1800.0
E123,UAN100122,15000.0,1800.0,1800.0
E124,UAN100123,15000.0,1800.0,1800.0
E125,UAN100124,15000.0,1800.0,1800.0
E126,UAN100125,15000.0,1800.0,1800.0
E127,UAN100126,15000.0,1800.0,1800.0
E128,UAN100127,15000.0,1800.0,1800.0
E129,UAN100128,14324.42,1718.93,1718.93
E130,UAN100129,15000.0,1800.0,1800.0
E131,UAN100130,15000.0,1800.0,1800.0
E132,UAN100131,15000.0,1800.0,1800.0
E133,UAN100132,15000.0,1800.0,1800.0
E134,UAN100133,15000.0,1800.0,1800.0
E135,UAN100134,15000.0,1800.0,1800.0
E136,UAN100135,15000.0,1800.0,1800.0
E137,UAN100136,15000.0,1800.0,1800.0
E138,UAN100137,15000.0,1800.0,1800.0
E139,UAN100138,15000.0,1800.0,1800.0
E140,UAN100139,15000.0,1800.0,1800.0
E141,UAN100140,15000.0,1800.0,1800.0
E142,UAN100141,15000.0,1800.0,1800.0
E143,UAN100142,15000.0,1800.0,1800.0
E144,UAN100143,15000.0,1800.0,1800.0
E145,UAN100144,15000.0,1800.0,1800.0
E146,UAN100145,13634.92,1636.19,1636.19
E147,UAN100146,15000.0,1800.0,1800.0
E148,UAN100147,15000.0,1800.0,1800.0
E149,UAN100148,15000.0,1800.0,1800.0
E150,UAN100149,15000.0,1800.0,1800.0
E151,UAN100150,15000.0,1800.0,1800.0
E152,UAN100151,15000.0,1800.0,1800.0
E153,UAN100152,13137.12,1576.45,1576.45
E154,UAN100153,15000.0,1800.0,1800.0
E155,UAN100154,15000.0,1800.0,1800.0
E156,UAN100155,15000.0,1800.0,1800.0
E157,UAN100156,15000.0,1800.0,1800.0
E158,UAN100157,15000.0,1800.0,1800.0
E159,UAN100158,15000.0,1800.0,1800.0
E160,UAN100159,15000.0,1800.0,1800.0
E161,UAN100160,15000.0,1800.0,1800.0
E162,UAN100161,15000.0,1800.0,1800.0
E163,UAN100162,15000.0,1800.0,1800.0
E164,UAN100163,15000.0,1800.0,1800.0
E165,UAN100164,15000.0,1800.0,1800.0
E166,UAN100165,15000.0,1800.0,1800.0
E167,UAN100166,15000.0,1800.0,1800.0
E168,UAN100167,15000.0,1800.0,1800.0
E169,UAN100168,15000.0,1800.0,1800.0
E170,UAN100169,15000.0,1800.0,1800.0
E171,UAN100170,15000.0,1800.0,1800.0
E172,UAN100171,15000.0,1800.0,1800.0
E173,UAN100172,15000.0,1800.0,1800.0
E174,UAN100173,15000.0,1800.0,1800.0
E175,UAN100174,15000.0,1800.0,1800.0
E176,UAN100175,15000.0,1800.0,1800.0
E177,UAN100176,15000.0,1800.0,1800.0
E178,UAN100177,15000.0,1800.0,1800.0
E179,UAN100178,15000.0,1800.0,1800.0
E180,UAN100179,15000.0,1800.0,1800.0
E181,UAN100180,15000.0,1800.0,1800.0
E182,UAN100181,15000.0,1800.0,1800.0
E183,UAN100182,15000.0,1800.0,1800.0
E184,UAN100183,15000.0,1800.0,1800.0
E185,UAN100184,15000.0,1800.0,1800.0
E186,UAN100185,15000.0,1800.0,1800.0
E187,UAN100186,15000.0,1800.0,1800.0
E188,UAN100187,15000.0,1800.0,1800.0
E189,UAN100188,15000.0,1800.0,1800.0
E190,UAN100189,15000.0,1800.0,1800.0
E191,UAN100190,15000.0,1800.0,1800.0
E192,UAN100191,15000.0,1800.0,1800.0
E193,UAN100192,15000.0,1800.0,1800.0
E194,UAN100193,15000.0,1800.0,1800.0
E195,UAN100194,15000.0,1800.0,1800.0
E196,UAN100195,15000.0,1800.0,1800.0
E197,UAN100196,15000.0,1800.0,1800.0
E198,UAN100197,15000.0,1800.0,1800.0
E199,UAN100198,15000.0,1800.0,1800.0
E200,UAN100199,15000.0,1800.0,1800.0
E201,UAN100200,15000.0,1800.0,1800.0
E202,UAN100201,15000.0,1800.0,1800.0
E203,UAN100202,15000.0,1800.0,1800.0
E204,UAN100203,15000.0,1800.0,1800.0
E205,UAN100204,15000.0,1800.0,1800.0
E206,UAN100205,15000.0,1800.0,1800.0
E207,UAN100206,15000.0,1800.0,1800.0
E208,UAN100207,15000.0,1800.0,1800.0
E209,UAN100208,15000.0,1800.0,1800.0
E210,UAN100209,15000.0,1800.0,1800.0
E211,UAN100210,15000.0,1800.0,1800.0
E212,UAN100211,15000.0,1800.0,1800.0
E213,UAN100212,15000.0,1800.0,1800.0
E214,UAN100213,14565.12,1747.81,1747.81
E215,UAN100214,15000.0,1800.0,1800.0
E216,UAN100215,15000.0,1800.0,1800.0
E217,UAN100216,15000.0,1800.0,1800.0
E218,UAN100217,15000.0,1800.0,1800.0
E219,UAN100218,15000.0,1800.0,1800.0
E220,UAN100219,15000.0,1800.0,1800.0
E221,UAN100220,14916.92,1790.03,1790.03
E222,UAN100221,15000.0,1800.0,1800.0
E223,UAN100222,15000.0,1800.0,1800.0
E224,UAN100223,15000.0,1800.0,1800.0
E225,UAN100224,15000.0,1800.0,1800.0
E226,UAN100225,14170.77,1700.49,1700.49
E227,UAN100226,15000.0,1800.0,1800.0
E228,UAN100227,15000.0,1800.0,1800.0
E229,UAN100228,14164.46,1699.74,1699.74
E230,UAN100229,15000.0,1800.0,1800.0
E231,UAN100230,15000.0,1800.0,1800.0
E232,UAN100231,15000.0,1800.0,1800.0
E233,UAN100232,13524.0,1622.88,1622.88
E234,UAN100233,15000.0,1800.0,1800.0
E235,UAN100234,15000.0,1800.0,1800.0
E236,UAN100235,15000.0,1800.0,1800.0
E237,UAN100236,15000.0,1800.0,1800.0
E238,UAN100237,15000.0,1800.0,1800.0
E239,UAN100238,15000.0,1800.0,1800.0
E240,UAN100239,15000.0,1800.0,1800.0
E241,UAN100240,15000.0,1800.0,1800.0
E242,UAN100241,15000.0,1800.0,1800.0
E243,UAN100242,15000.0,1800.0,1800.0
E244,UAN100243,15000.0,1800.0,1800.0
E245,UAN100244,15000.0,1800.0,1800.0
E246,UAN100245,15000.0,1800.0,1800.0
E247,UAN100246,15000.0,1800.0,1800.0
E248,UAN100247,15000.0,1800.0,1800.0
E249,UAN100248,15000.0,1800.0,1800.0
E250,UAN100249,12723.08,1526.77,1526.77
E251,UAN100250,15000.0,1800.0,1800.0
E252,UAN100251,15000.0,1800.0,1800.0
E253,UAN100252,15000.0,1800.0,1800.0
E254,UAN100253,15000.0,1800.0,1800.0
E255,UAN100254,15000.0,1800.0,1800.0
E256,UAN100255,15000.0,1800.0,1800.0
E257,UAN100256,13791.15,1654.94,1654.94
E258,UAN100257,15000.0,1800.0,1800.0
E259,UAN100258,15000.0,1800.0,1800.0
E260,UAN100259,15000.0,1800.0,1800.0
E261,UAN100260,15000.0,1800.0,1800.0
E262,UAN100261,13216.92,1586.03,1586.03
E263,UAN100262,15000.0,1800.0,1800.0
E264,UAN100263,15000.0,1800.0,1800.0
E265,UAN100264,15000.0,1800.0,1800.0
E266,UAN100265,15000.0,1800.0,1800.0
E267,UAN100266,11695.38,1403.45,1403.45
E268,UAN100267,15000.0,1800.0,1800.0
E269,UAN100268,15000.0,1800.0,1800.0
E270,UAN100269,15000.0,1800.0,1800.0
E271,UAN100270,15000.0,1800.0,1800.0
E272,UAN100271,15000.0,1800.0,1800.0
E273,UAN100272,15000.0,1800.0,1800.0
E274,UAN100273,15000.0,1800.0,1800.0
E275,UAN100274,15000.0,1800.0,1800.0
E276,UAN100275,15000.0,1800.0,1800.0
E277,UAN100276,15000.0,1800.0,1800.0
E278,UAN100277,15000.0,1800.0,1800.0
E279,UAN100278,15000.0,1800.0,1800.0
E280,UAN100279,15000.0,1800.0,1800.0
E281,UAN100280,15000.0,1800.0,1800.0
E282,UAN100281,15000.0,1800.0,1800.0
E283,UAN100282,15000.0,1800.0,1800.0
E284,UAN100283,15000.0,1800.0,1800.0
E285,UAN100284,15000.0,1800.0,1800.0
E286,UAN100285,15000.0,1800.0,1800.0
E287,UAN100286,15000.0,1800.0,1800.0
E288,UAN100287,15000.0,1800.0,1800.0
E289,UAN100288,15000.0,1800.0,1800.0
E290,UAN100289,15000.0,1800.0,1800.0
E291,UAN100290,15000.0,1800.0,1800.0
E292,UAN100291,15000.0,1800.0,1800.0
E293,UAN100292,15000.0,1800.0,1800.0
E294,UAN100293,15000.0,1800.0,1800.0
E295,UAN100294,15000.0,1800.0,1800.0
E296,UAN100295,15000.0,1800.0,1800.0
E297,UAN100296,15000.0,1800.0,1800.0
E298,UAN100297,15000.0,1800.0,1800.0
E299,UAN100298,15000.0,1800.0,1800.0
E300,UAN100299,15000.0,1800.0,1800.0
E301,UAN100300,15000.0,1800.0,1800.0
E302,UAN100301,15000.0,1800.0,1800.0
E303,UAN100302,15000.0,1800.0,1800.0
E304,UAN100303,15000.0,1800.0,1800.0
E305,UAN100304,15000.0,1800.0,1800.0
E306,UAN100305,15000.0,1800.0,1800.0
E307,UAN100306,15000.0,1800.0,1800.0
E308,UAN100307,15000.0,1800.0,1800.0
E309,UAN100308,15000.0,1800.0,1800.0
E310,UAN100309,15000.0,1800.0,1800.0
E311,UAN100310,15000.0,1800.0,1800.0
E312,UAN100311,15000.0,1800.0,1800.0
E313,UAN100312,15000.0,1800.0,1800.0
E314,UAN100313,15000.0,1800.0,1800.0
E315,UAN100314,15000.0,1800.0,1800.0
E316,UAN100315,15000.0,1800.0,1800.0
E317,UAN100316,14736.62,1768.39,1768.39
E318,UAN100317,15000.0,1800.0,1800.0
E319,UAN100318,15000.0,1800.0,1800.0
E320,UAN100319,15000.0,1800.0,1800.0
E321,UAN100320,15000.0,1800.0,1800.0
E322,UAN100321,15000.0,1800.0,1800.0
E323,UAN100322,14823.08,1778.77,1778.77
E324,UAN100323,15000.0,1800.0,1800.0
E325,UAN100324,15000.0,1800.0,1800.0
E326,UAN100325,15000.0,1800.0,1800.0
E327,UAN100326,15000.0,1800.0,1800.0
E328,UAN100327,15000.0,1800.0,1800.0
E329,UAN100328,15000.0,1800.0,1800.0
E330,UAN100329,15000.0,1800.0,1800.0
E331,UAN100330,14583.65,1750.04,1750.04
E332,UAN100331,15000.0,1800.0,1800.0
E333,UAN100332,15000.0,1800.0,1800.0
E334,UAN100333,14750.77,1770.09,1770.09
E335,UAN100334,15000.0,1800.0,1800.0
E336,UAN100335,15000.0,1800.0,1800.0
E337,UAN100336,15000.0,1800.0,1800.0
E338,UAN100337,15000.0,1800.0,1800.0
E339,UAN100338,15000.0,1800.0,1800.0
E340,UAN100339,15000.0,1800.0,1800.0
E341,UAN100340,15000.0,1800.0,1800.0
E342,UAN100341,15000.0,1800.0,1800.0
E343,UAN100342,15000.0,1800.0,1800.0
E344,UAN100343,15000.0,1800.0,1800.0
E345,UAN100344,15000.0,1800.0,1800.0
E346,UAN100345,15000.0,1800.0,1800.0
E347,UAN100346,15000.0,1800.0,1800.0
E348,UAN100347,15000.0,1800.0,1800.0
E349,UAN100348,15000.0,1800.0,1800.0
E350,UAN100349,15000.0,1800.0,1800.0
E351,UAN100350,15000.0,1800.0,1800.0
E352,UAN100351,13540.15,1624.82,1624.82
E353,UAN100352,15000.0,1800.0,1800.0
E354,UAN100353,15000.0,1800.0,1800.0
E355,UAN100354,15000.0,1800.0,1800.0
E356,UAN100355,15000.0,1800.0,1800.0
E357,UAN100356,15000.0,1800.0,1800.0
E358,UAN100357,15000.0,1800.0,1800.0
E359,UAN100358,15000.0,1800.0,1800.0
E360,UAN100359,13560.35,1627.24,1627.24
E361,UAN100360,15000.0,1800.0,1800.0
E362,UAN100361,15000.0,1800.0,1800.0
E363,UAN100362,15000.0,1800.0,1800.0
E364,UAN100363,15000.0,1800.0,1800.0
E365,UAN100364,15000.0,1800.0,1800.0
E366,UAN100365,15000.0,1800.0,1800.0
E367,UAN100366,15000.0,1800.0,1800.0
E368,UAN100367,15000.0,1800.0,1800.0
E369,UAN100368,15000.0,1800.0,1800.0
E370,UAN100369,15000.0,1800.0,1800.0
E371,UAN100370,15000.0,1800.0,1800.0
E372,UAN100371,15000.0,1800.0,1800.0
E373,UAN100372,14667.69,1760.12,1760.12
E374,UAN100373,15000.0,1800.0,1800.0
E375,UAN100374,15000.0,1800.0,1800.0
E376,UAN100375,15000.0,1800.0,1800.0
E377,UAN100376,15000.0,1800.0,1800.0
E378,UAN100377,15000.0,1800.0,1800.0
E379,UAN100378,15000.0,1800.0,1800.0
E380,UAN100379,15000.0,1800.0,1800.0
E381,UAN100380,15000.0,1800.0,1800.0
E382,UAN100381,15000.0,1800.0,1800.0
E383,UAN100382,15000.0,1800.0,1800.0
E384,UAN100383,15000.0,1800.0,1800.0
E385,UAN100384,15000.0,1800.0,1800.0
E386,UAN100385,15000.0,1800.0,1800.0
E387,UAN100386,15000.0,1800.0,1800.0
E388,UAN100387,15000.0,1800.0,1800.0
E389,UAN100388,15000.0,1800.0,1800.0
E390,UAN100389,15000.0,1800.0,1800.0
E391,UAN100390,15000.0,1800.0,1800.0
E392,UAN100391,15000.0,1800.0,1800.0
E393,UAN100392,15000.0,1800.0,1800.0
E394,UAN100393,15000.0,1800.0,1800.0
E395,UAN100394,15000.0,1800.0,1800.0
E396,UAN100395,15000.0,1800.0,1800.0
E397,UAN100396,15000.0,1800.0,1800.0
E398,UAN100397,15000.0,1800.0,1800.0
E399,UAN100398,15000.0,1800.0,1800.0
E400,UAN100399,13858.15,1662.98,1662.98
E401,UAN100400,15000.0,1800.0,1800.0
E402,UAN100401,15000.0,1800.0,1800.0
E403,UAN100402,13572.31,1628.68,1628.68
E404,UAN100403,15000.0,1800.0,1800.0
E405,UAN100404,15000.0,1800.0,1800.0
E406,UAN100405,15000.0,1800.0,1800.0
E407,UAN100406,15000.0,1800.0,1800.0
E408,UAN100407,15000.0,1800.0,1800.0
E409,UAN100408,13245.38,1589.45,1589.45
E410,UAN100409,15000.0,1800.0,1800.0
E411,UAN100410,15000.0,1800.0,1800.0
E412,UAN100411,15000.0,1800.0,1800.0
E413,UAN100412,15000.0,1800.0,1800.0
E414,UAN100413,15000.0,1800.0,1800.0
E415,UAN100414,15000.0,1800.0,1800.0
E416,UAN100415,15000.0,1800.0,1800.0
E417,UAN100416,15000.0,1800.0,1800.0
E418,UAN100417,14676.92,1761.23,1761.23
E419,UAN100418,15000.0,1800.0,1800.0
E420,UAN100419,15000.0,1800.0,1800.0
E421,UAN100420,15000.0,1800.0,1800.0
E422,UAN100421,15000.0,1800.0,1800.0
E423,UAN100422,15000.0,1800.0,1800.0
E424,UAN100423,15000.0,1800.0,1800.0
E425,UAN100424,15000.0,1800.0,1800.0
E426,UAN100425,15000.0,1800.0,1800.0
E427,UAN100426,15000.0,1800.0,1800.0
E428,UAN100427,15000.0,1800.0,1800.0
E429,UAN100428,15000.0,1800.0,1800.0
E430,UAN100429,15000.0,1800.0,1800.0
E431,UAN100430,15000.0,1800.0,1800.0
E432,UAN100431,15000.0,1800.0,1800.0
E433,UAN100432,15000.0,1800.0,1800.0
E434,UAN100433,15000.0,1800.0,1800.0
E435,UAN100434,14371.27,1724.55,1724.55
E436,UAN100435,15000.0,1800.0,1800.0
E437,UAN100436,15000.0,1800.0,1800.0
E438,UAN100437,14632.96,1755.96,1755.96
E439,UAN100438,15000.0,1800.0,1800.0
E440,UAN100439,15000.0,1800.0,1800.0
E441,UAN100440,15000.0,1800.0,1800.0
E442,UAN100441,15000.0,1800.0,1800.0
E443,UAN100442,15000.0,1800.0,1800.0
E444,UAN100443,13995.38,1679.45,1679.45
E445,UAN100444,15000.0,1800.0,1800.0
E446,UAN100445,15000.0,1800.0,1800.0
E447,UAN100446,15000.0,1800.0,1800.0
E448,UAN100447,15000.0,1800.0,1800.0
E449,UAN100448,15000.0,1800.0,1800.0
E450,UAN100449,11654.62,1398.55,1398.55
E451,UAN100450,15000.0,1800.0,1800.0
E452,UAN100451,15000.0,1800.0,1800.0
E453,UAN100452,15000.0,1800.0,1800.0
E454,UAN100453,15000.0,1800.0,1800.0
E455,UAN100454,15000.0,1800.0,1800.0
E456,UAN100455,15000.0,1800.0,1800.0
E457,UAN100456,15000.0,1800.0,1800.0
E458,UAN100457,15000.0,1800.0,1800.0
E459,UAN100458,15000.0,1800.0,1800.0
E460,UAN100459,15000.0,1800.0,1800.0
E461,UAN100460,15000.0,1800.0,1800.0
E462,UAN100461,15000.0,1800.0,1800.0
E463,UAN100462,15000.0,1800.0,1800.0
E464,UAN100463,15000.0,1800.0,1800.0
E465,UAN100464,15000.0,1800.0,1800.0
E466,UAN100465,14722.62,1766.71,1766.71
E467,UAN100466,15000.0,1800.0,1800.0
E468,UAN100467,15000.0,1800.0,1800.0
E469,UAN100468,15000.0,1800.0,1800.0
E470,UAN100469,14952.31,1794.28,1794.28
E471,UAN100470,15000.0,1800.0,1800.0
E472,UAN100471,15000.0,1800.0,1800.0
E473,UAN100472,15000.0,1800.0,1800.0
E474,UAN100473,15000.0,1800.0,1800.0
E475,UAN100474,15000.0,1800.0,1800.0
E476,UAN100475,15000.0,1800.0,1800.0
E477,UAN100476,15000.0,1800.0,1800.0
E478,UAN100477,15000.0,1800.0,1800.0
E479,UAN100478,15000.0,1800.0,1800.0
E480,UAN100479,15000.0,1800.0,1800.0
E481,UAN100480,15000.0,1800.0,1800.0
E482,UAN100481,15000.0,1800.0,1800.0
E483,UAN100482,15000.0,1800.0,1800.0
E484,UAN100483,15000.0,1800.0,1800.0
E485,UAN100484,15000.0,1800.0,1800.0
E486,UAN100485,15000.0,1800.0,1800.0
E487,UAN100486,15000.0,1800.0,1800.0
E488,UAN100487,12275.38,1473.05,1473.05
E489,UAN100488,15000.0,1800.0,1800.0
E490,UAN100489,15000.0,1800.0,1800.0
E491,UAN100490,13667.69,1640.12,1640.12
E492,UAN100491,15000.0,1800.0,1800.0
E493,UAN100492,15000.0,1800.0,1800.0
E494,UAN100493,15000.0,1800.0,1800.0
E495,UAN100494,15000.0,1800.0,1800.0
E496,UAN100495,15000.0,1800.0,1800.0
E497,UAN100496,14506.92,1740.83,1740.83
E498,UAN100497,15000.0,1800.0,1800.0
E499,UAN100498,15000.0,1800.0,1800.0
E500,UAN100499,15000.0,1800.0,1800.0
